y,y1,x1,x2,x3,x4,x5,x6,x7,x8,x9
4.0004122359525649,3.4402976866303101,3,1,3,20,1,1.658188,1.388331,2.8986589999999999,75.611671000000001
3.9998336437792448,3.1419449618291102,3,6,1,20,1,1.3741239999999999,1.341299,3.673381,97.530105000000006
3.9998336437792448,3.6031383461209701,3,6,3,20,1,1.3741239999999999,1.341299,3.673381,97.530105000000006
3.9998336437792448,3.8208793594281398,3,1,1,20,1,1.3741239999999999,1.341299,3.673381,97.530105000000006
3.9998336437792448,3.1419449618291102,3,6,1,20,1,1.3741239999999999,1.341299,3.673381,97.530105000000006
3.9998336437792448,3.88341493517553,3,1,3,20,1,1.3741239999999999,1.341299,3.673381,97.530105000000006
3.9998336437792448,3.3016870348601199,3,1,1,10,1,1.3741239999999999,1.341299,3.673381,97.530105000000006
3.9998336437792448,3.1419449618291102,3,6,1,20,1,1.3741239999999999,1.341299,3.673381,97.530105000000006
3.9325739554093047,3.8117498152884202,4,6,1,23,0.041700000000000001,1.4091469999999999,1.299223,2.6353879999999998,18.222769
3.9325739554093047,3.8117498152884202,4,6,1,23,0.041700000000000001,1.4091469999999999,1.299223,2.6353879999999998,18.222769
3.9325739554093047,3.8117498152884202,4,6,1,23,0.041700000000000001,1.4091469999999999,1.299223,2.6353879999999998,18.222769
3.9165385556127954,3.40077505338787,3,1,3,20,1,1.837485,1.419224,2.5706169999999999,39.476486999999999
3.8326637621731177,2.2484237053599401,4,1,1,22,2,1.5954619999999999,1.3889940000000001,2.2771409999999999,54.191592
3.6989700043360187,3.2129273898261599,4,3,1,22,0.0035000000000000001,1.4481189999999999,1.3571930000000001,3.0020180000000001,65.090712999999994
3.6989700043360187,3.1050969618997701,4,3,1,22,0.020799999999999999,1.4481189999999999,1.3571930000000001,3.0020180000000001,65.090712999999994
3.6600270498043552,3.2704626545554398,4,6,1,20,0.83330000000000004,1.7381489999999999,1.5608439999999999,1.400379,71.967768000000007
3.5646293192544403,2.8189435473259898,4,1,1,22,2,1.3971899999999999,1.3250919999999999,3.667243,139.10991999999999
3.5621397516390281,3.2347635398116799,4,6,1,20,1.8332999999999999,1.7381489999999999,1.5608439999999999,1.400379,71.967768000000007
3.5609028609313715,2.9811865681851701,3,1,3,20,1,1.369745,1.38405,2.9881549999999999,123.77092399999999
3.5316337665091369,2.38572426568878,4,1,1,23,1.5,1.5954619999999999,1.3889940000000001,2.2771409999999999,54.191592
3.4999618655961902,2.4858057358601799,3,6,1,6,1,1.5954619999999999,1.3889940000000001,2.2771409999999999,54.191592
3.3979400086720375,3.2699002340994001,5,6,1,20,1,1.5954619999999999,1.3889940000000001,2.2771409999999999,54.191592
3.3913831260996194,2.8902385567610902,4,5,1,20,3,1.7381489999999999,1.5608439999999999,1.400379,71.967768000000007
3.3590762260592628,2.3089775939724202,1,6,1,10,0.041700000000000001,1.5954619999999999,1.3889940000000001,2.2771409999999999,54.191592
3.3424226808222062,2.5635471218424501,1,6,1,5,2,1.764276,1.4288730000000001,3.311938,110.75593600000001
3.3390208689371557,3.1347022185390099,4,6,1,20,2.8332999999999999,1.7381489999999999,1.5608439999999999,1.400379,71.967768000000007
3.3096301674258988,3.2699002340994001,5,6,1,20,1,1.5954619999999999,1.3889940000000001,2.2771409999999999,54.191592
3.3010299956639813,2.5938268726374401,3,6,3,24,1,1.3971899999999999,1.3250919999999999,3.667243,139.10991999999999
3.2595938788859486,2.7429138096458798,4,6,1,20,4,1.716534,1.4426460000000001,3.3251029999999999,128.763285
3.2595938788859486,2.7138100005858101,4,6,1,20,1,1.716534,1.4426460000000001,3.3251029999999999,128.763285
3.2595938788859486,2.7146201992975798,4,6,1,20,2,1.716534,1.4426460000000001,3.3251029999999999,128.763285
3.2494429614425822,2.0288578105798201,1,6,1,10,0.041700000000000001,1.8894820000000001,1.576716,3.0689790000000001,169.580533
3.2304489213782741,3.2699002340994001,5,6,1,20,1,1.5954619999999999,1.3889940000000001,2.2771409999999999,54.191592
3.2041199826559246,3.2699002340994001,5,6,1,20,1,1.5954619999999999,1.3889940000000001,2.2771409999999999,54.191592
3.1846317609015546,3.0849802536639399,4,6,1,20,0.83330000000000004,1.5954619999999999,1.3889940000000001,2.2771409999999999,54.191592
3.1794512483977742,2.7164180334350099,4,6,1,22,1,1.5954619999999999,1.3889940000000001,2.2771409999999999,54.191592
3.1794512483977742,2.5417334052546598,4,6,1,22,2,1.5954619999999999,1.3889940000000001,2.2771409999999999,54.191592
3.1794512483977742,2.5417334052546598,4,6,1,22,2,1.5954619999999999,1.3889940000000001,2.2771409999999999,54.191592
3.1760912590556813,2.2027483384897701,1,6,1,10,3,1.7986329999999999,1.43486,3.3119610000000002,101.279689
3.1760912590556813,2.0094935212465099,1,6,1,8,3,1.7986329999999999,1.43486,3.3119610000000002,101.279689
3.1759629205519526,2.7212775218168601,4,6,1,20,1.8332999999999999,1.5954619999999999,1.3889940000000001,2.2771409999999999,54.191592
3.1754867348872535,2.0866235494938099,1,6,1,10,0.125,1.500931,1.3574349999999999,3.1977959999999999,138.885627
3.1652755152454151,2.84922310220005,3,1,1,10,1,1.658188,1.388331,2.8986589999999999,75.611671000000001
3.126920021857551,2.3286636878279099,1,1,1,10,1,1.4527939999999999,1.3822369999999999,2.776742,110.92294200000001
3.1084528841622077,2.9677002210077901,4,6,1,23,3.9582999999999999,1.842371,1.4345570000000001,2.3982290000000002,24.634169
3.1084528841622077,2.9677002210077901,4,6,1,23,3.9582999999999999,1.842371,1.4345570000000001,2.3982290000000002,24.634169
3.0875167503375582,2.8189435473259898,4,1,1,22,2,1.3971899999999999,1.3250919999999999,3.667243,139.10991999999999
3.0836054687940955,2.9409156816250799,3,1,1,20,1,1.658188,1.388331,2.8986589999999999,75.611671000000001
3.0754259807568389,2.66453254225986,4,6,1,20,2.8332999999999999,1.5954619999999999,1.3889940000000001,2.2771409999999999,54.191592
3.0511525224473814,2.6642810794965399,4,6,1,23,3,1.7986329999999999,1.43486,3.3119610000000002,101.279689
3.0511525224473814,2.4736382115608699,4,6,1,23,4,1.7986329999999999,1.43486,3.3119610000000002,101.279689
3.0224575931067852,2.78145765306492,4,6,1,22,1,1.837485,1.419224,2.5706169999999999,39.476486999999999
3.0224575931067852,2.43085616367765,4,6,1,23,1,1.837485,1.419224,2.5706169999999999,39.476486999999999
3,2.7722908851766199,1,6,1,10,3,1.8957170000000001,1.4482900000000001,3.3078509999999999,116.56076
3,2.7722908851766199,1,6,1,10,3,1.8957170000000001,1.4482900000000001,3.3078509999999999,116.56076
3,2.1463535690121902,1,6,1,23,3,1.8957170000000001,1.4482900000000001,3.3078509999999999,116.56076
3,2.9144634287700302,4,5,1,20,2,1.764276,1.4288730000000001,3.311938,110.75593600000001
3,2.7975247983262199,4,5,1,20,4,1.764276,1.4288730000000001,3.311938,110.75593600000001
3,1.9887679907624201,4,5,1,20,3,1.369745,1.38405,2.9881549999999999,123.77092399999999
3,1.3734179674935201,4,6,1,20,4,1.369745,1.38405,2.9881549999999999,123.77092399999999
3,2.7405550351003298,4,6,1,20,4,1.842371,1.4345570000000001,2.3982290000000002,24.634169
3,2.7405550351003298,4,6,1,20,4,1.842371,1.4345570000000001,2.3982290000000002,24.634169
3,2.62576900684014,4,5,1,20,4,1.7986329999999999,1.43486,3.3119610000000002,101.279689
3,2.4250146149814999,4,6,1,23,4,1.3971899999999999,1.3250919999999999,3.667243,139.10991999999999
3,2.3947483345779901,4,6,1,23,4,1.389812,1.3200289999999999,3.6694290000000001,149.992977
3,2.9348702746745201,3,1,1,10,1,1.764276,1.4288730000000001,3.311938,110.75593600000001
3,2.9320892043238498,3,1,1,10,2,1.764276,1.4288730000000001,3.311938,110.75593600000001
3,2.9348702746745201,3,1,1,10,1,1.764276,1.4288730000000001,3.311938,110.75593600000001
3,2.5746626746814401,3,6,1,10,2,1.842371,1.4345570000000001,2.3982290000000002,24.634169
3,2.96539256859477,3,1,1,10,1,1.7986329999999999,1.43486,3.3119610000000002,101.279689
3,2.9687944787816698,3,1,1,10,2,1.7986329999999999,1.43486,3.3119610000000002,101.279689
3,2.9687944787816698,3,1,1,10,2,1.7986329999999999,1.43486,3.3119610000000002,101.279689
3,2.74801811778093,3,6,1,22,2,1.842371,1.4345570000000001,2.3982290000000002,24.634169
2.9879725757637745,2.9416763803542501,4,6,1,10,0.83330000000000004,1.7381489999999999,1.5608439999999999,1.400379,71.967768000000007
2.9739392950569439,2.7489219431863101,4,6,1,10,2.8332999999999999,1.5954619999999999,1.3889940000000001,2.2771409999999999,54.191592
2.9190780923760737,0.95188672261079599,3,6,1,20,2,1.589418,1.380179,3.065477,117.696934
2.9106244048892012,2.5886854619725601,4,2,1,20,4,1.5954619999999999,1.3889940000000001,2.2771409999999999,54.191592
2.9106244048892012,2.5886854619725601,4,2,1,20,4,1.5954619999999999,1.3889940000000001,2.2771409999999999,54.191592
2.9030899869919438,2.7478426931183599,4,6,1,20,0.041700000000000001,1.716534,1.4426460000000001,3.3251029999999999,128.763285
2.8784212527337929,1.89784948380796,4,6,1,23,0.25,1.5954619999999999,1.3889940000000001,2.2771409999999999,54.191592
2.8759481654055605,2.4283606677815701,1,6,1,14,1,1.351801,1.3204990000000001,3.0398779999999999,83.879220000000004
2.8750612633917001,1.3734179674935201,4,6,1,20,4,1.369745,1.38405,2.9881549999999999,123.77092399999999
2.8573324964312685,1.2314307557303701,3,1,1,21,2,1.5849629999999999,2.1435900000000001,3.3551799999999998,234.891864
2.8481891169913989,2.37912376684565,1,6,1,10,1,1.842371,1.4345570000000001,2.3982290000000002,24.634169
2.8331648774461513,2.78145765306492,4,6,1,22,1,1.837485,1.419224,2.5706169999999999,39.476486999999999
2.8331648774461513,2.78145765306492,4,6,1,22,1,1.837485,1.419224,2.5706169999999999,39.476486999999999
2.8228216453031045,2.5945566321013298,4,6,1,20,0.041700000000000001,1.3971899999999999,1.3250919999999999,3.667243,139.10991999999999
2.8228216453031045,2.6493851635496002,4,6,1,20,0.125,1.3971899999999999,1.3250919999999999,3.667243,139.10991999999999
2.8228216453031045,2.6493851635496002,4,6,1,20,0.25,1.3971899999999999,1.3250919999999999,3.667243,139.10991999999999
2.8228216453031045,2.41780101631268,4,6,1,20,4,1.3971899999999999,1.3250919999999999,3.667243,139.10991999999999
2.7615146113094831,2.4774194321252998,3,6,3,20,1,1.5954619999999999,1.3889940000000001,2.2771409999999999,54.191592
2.7615146113094831,2.5302828907497998,3,1,3,20,1,1.5954619999999999,1.3889940000000001,2.2771409999999999,54.191592
2.7355192784775757,2.0237358989908101,4,6,1,23,0.16669999999999999,1.716534,1.4426460000000001,3.3251029999999999,128.763285
2.6989700043360187,2.4335519049270902,4,1,1,24,1,1.8894820000000001,1.576716,3.0689790000000001,169.580533
2.6989700043360187,2.42640111930685,4,1,1,24,2.5,1.8894820000000001,1.576716,3.0689790000000001,169.580533
2.6989700043360187,2.45186793590638,4,1,1,24,2,1.8894820000000001,1.576716,3.0689790000000001,169.580533
2.6989700043360187,2.2575336776050898,4,1,1,24,0.5,1.8894820000000001,1.576716,3.0689790000000001,169.580533
2.6989700043360187,2.7164180334350099,4,6,1,22,1,1.5954619999999999,1.3889940000000001,2.2771409999999999,54.191592
2.6989700043360187,2.7164180334350099,4,6,1,22,1,1.5954619999999999,1.3889940000000001,2.2771409999999999,54.191592
2.6989700043360187,2.7164180334350099,4,6,1,22,1,1.5954619999999999,1.3889940000000001,2.2771409999999999,54.191592
2.6989700043360187,2.7164180334350099,4,6,1,22,1,1.5954619999999999,1.3889940000000001,2.2771409999999999,54.191592
2.6989700043360187,2.7164180334350099,4,6,1,22,1,1.5954619999999999,1.3889940000000001,2.2771409999999999,54.191592
2.6989700043360187,2.7164180334350099,4,6,1,22,1,1.5954619999999999,1.3889940000000001,2.2771409999999999,54.191592
2.6989700043360187,2.7164180334350099,4,6,1,22,1,1.5954619999999999,1.3889940000000001,2.2771409999999999,54.191592
2.6989700043360187,2.7164180334350099,4,6,1,22,1,1.5954619999999999,1.3889940000000001,2.2771409999999999,54.191592
2.6989700043360187,2.7164180334350099,4,6,1,22,1,1.5954619999999999,1.3889940000000001,2.2771409999999999,54.191592
2.6989700043360187,2.7164180334350099,4,6,1,22,1,1.5954619999999999,1.3889940000000001,2.2771409999999999,54.191592
2.6989700043360187,2.7164180334350099,4,6,1,22,1,1.5954619999999999,1.3889940000000001,2.2771409999999999,54.191592
2.6989700043360187,2.7164180334350099,4,6,1,22,1,1.5954619999999999,1.3889940000000001,2.2771409999999999,54.191592
2.6989700043360187,2.7164180334350099,4,6,1,22,1,1.5954619999999999,1.3889940000000001,2.2771409999999999,54.191592
2.6989700043360187,2.7164180334350099,4,6,1,22,1,1.5954619999999999,1.3889940000000001,2.2771409999999999,54.191592
2.6989700043360187,2.7164180334350099,4,6,1,22,1,1.5954619999999999,1.3889940000000001,2.2771409999999999,54.191592
2.6989700043360187,2.7164180334350099,4,6,1,22,1,1.5954619999999999,1.3889940000000001,2.2771409999999999,54.191592
2.6989700043360187,2.7164180334350099,4,6,1,22,1,1.5954619999999999,1.3889940000000001,2.2771409999999999,54.191592
2.6989700043360187,1.14004556500849,4,6,1,23,1,1.5954619999999999,1.3889940000000001,2.2771409999999999,54.191592
2.6989700043360187,2.6983601212461101,5,5,1,22,1,2.0411579999999998,1.556997,3.1188189999999998,114.058627
2.6989700043360187,2.6626647639371099,5,5,1,22,2,2.0411579999999998,1.556997,3.1188189999999998,114.058627
2.6989700043360187,2.6983601212461101,5,5,1,22,1,2.0411579999999998,1.556997,3.1188189999999998,114.058627
2.6989700043360187,2.6626647639371099,5,5,1,22,2,2.0411579999999998,1.556997,3.1188189999999998,114.058627
2.6989700043360187,2.6983601212461101,5,5,1,22,1,2.0411579999999998,1.556997,3.1188189999999998,114.058627
2.6989700043360187,2.6420673218932902,5,5,1,23,1,2.0411579999999998,1.556997,3.1188189999999998,114.058627
2.6989700043360187,2.59179866337342,5,5,1,23,2,2.0411579999999998,1.556997,3.1188189999999998,114.058627
2.6838078716377147,2.7594001166175999,3,1,1,10,1,1.837485,1.419224,2.5706169999999999,39.476486999999999
2.6773331514199019,2.7277122234490299,4,6,1,20,0.125,1.716534,1.4426460000000001,3.3251029999999999,128.763285
2.6765415744617091,2.5932573445612599,3,1,1,10,1,1.369745,1.38405,2.9881549999999999,123.77092399999999
2.6418642053646053,2.8449360079299102,4,6,1,10,1.8332999999999999,1.7381489999999999,1.5608439999999999,1.400379,71.967768000000007
2.6097828905387983,1.86112273104343,3,1,3,20,1,1.365961,1.3374999999999999,2.9817149999999999,101.07158699999999
2.6020599913279625,2.5259930071235299,5,5,1,22,1,1.66703,1.3600920000000001,2.9895390000000002,89.512066000000004
2.6020599913279625,2.5051629560408299,5,5,1,23,2,1.66703,1.3600920000000001,2.9895390000000002,89.512066000000004
2.6020599913279625,2.5914414195433602,5,5,1,23,1,1.66703,1.3600920000000001,2.9895390000000002,89.512066000000004
2.6020599913279625,2.5051629560408299,5,5,1,23,2,1.66703,1.3600920000000001,2.9895390000000002,89.512066000000004
2.6020599913279625,2.5051629560408299,5,5,1,23,2,1.66703,1.3600920000000001,2.9895390000000002,89.512066000000004
2.6020599913279625,2.5914414195433602,5,5,1,23,1,1.66703,1.3600920000000001,2.9895390000000002,89.512066000000004
2.6020599913279625,2.5914414195433602,5,5,1,23,1,1.66703,1.3600920000000001,2.9895390000000002,89.512066000000004
2.5899744971852456,1.69396758730051,4,6,1,22,1.5,1.365961,1.3374999999999999,2.9817149999999999,101.07158699999999
2.5794405971397971,2.2987729270235202,3,1,1,10,2,1.6283620000000001,1.443219,2.9466600000000001,85.550308000000001
2.5646293192544403,2.8189435473259898,4,1,1,22,2,1.3971899999999999,1.3250919999999999,3.667243,139.10991999999999
2.5646293192544403,2.6587837759464699,4,1,1,23,2,1.3971899999999999,1.3250919999999999,3.667243,139.10991999999999
2.5567030732729075,2.58693351429236,4,6,1,22,4,1.837485,1.419224,2.5706169999999999,39.476486999999999
2.5428254269591797,2.41780101631268,4,6,1,20,4,1.3971899999999999,1.3250919999999999,3.667243,139.10991999999999
2.5343438324119036,2.46027186595702,3,1,1,20,1,1.369745,1.38405,2.9881549999999999,123.77092399999999
2.5314789170422549,1.0161867454461799,3,6,1,23,2,1.626166,1.395489,3.3213059999999999,84.295136999999997
2.5054075308511119,3.1419449618291102,3,6,1,20,1,1.3741239999999999,1.341299,3.673381,97.530105000000006
2.5051499783199058,1.61817815574129,1,6,1,10,3,1.361912,1.3709640000000001,2.8800050000000001,91.050552999999994
2.4983105537896004,1.7751839956959501,1,6,1,10,3,1.2515350000000001,1.3367059999999999,2.6866500000000002,74.196158999999994
2.4983105537896004,2.2539899674850901,1,1,1,10,3,1.4203760000000001,1.372806,2.6866500000000002,80.000981999999993
2.4771212547196626,1.8660326183668201,1,6,3,19,0.66669999999999996,1.5849629999999999,2.1435900000000001,3.3551799999999998,234.891864
2.4771212547196626,1.27926172092074,5,1,1,24,2,1.764276,1.4288730000000001,3.311938,110.75593600000001
2.4456042032735974,2.69901503794435,4,6,1,20,0.375,1.716534,1.4426460000000001,3.3251029999999999,128.763285
2.4297522800024081,1.9553410272442999,1,6,1,10,2,1.276767,1.3244089999999999,3.2814380000000001,105.33019
2.3891660843645326,2.0394496740628898,4,6,1,20,3,1.4527939999999999,1.3822369999999999,2.776742,110.92294200000001
2.3725438007590705,2.0400528608942099,1,1,3,19,3,1.4527939999999999,1.3822369999999999,2.776742,110.92294200000001
2.3564274416923547,2.1618920827980399,4,1,1,20,0.5,1.8894820000000001,1.576716,3.0689790000000001,169.580533
2.3443922736851106,2.3018012156745198,4,6,1,22,2,1.7986329999999999,1.43486,3.3119610000000002,101.279689
2.3443922736851106,2.4736382115608699,4,6,1,23,4,1.7986329999999999,1.43486,3.3119610000000002,101.279689
2.3424226808222062,1.99020018087206,1,6,1,10,2,1.9729779999999999,1.5321560000000001,3.2038679999999999,130.60252800000001
2.3424226808222062,2.7429138096458798,4,6,1,20,4,1.716534,1.4426460000000001,3.3251029999999999,128.763285
2.3424226808222062,2.7138100005858101,4,6,1,20,1,1.716534,1.4426460000000001,3.3251029999999999,128.763285
2.3242824552976926,2.5746626746814401,3,6,1,10,2,1.842371,1.4345570000000001,2.3982290000000002,24.634169
2.3028069627414207,2.3286636878279099,1,1,1,10,1,1.4527939999999999,1.3822369999999999,2.776742,110.92294200000001
2.3010299956639813,1.22054644991895,1,1,3,23,2,1.4527939999999999,1.3822369999999999,2.776742,110.92294200000001
2.2895062017510699,1.59872953925011,1,6,1,10,1,1.285285,1.336076,2.9040379999999999,85.915459999999996
2.2845232929581454,1.4856426325827601,3,1,1,20,1,1.4697420000000001,1.3272010000000001,3.7320989999999998,296.81965000000002
2.2812606870550129,1.90779944699709,2,5,1,20,4,1.5954619999999999,1.3889940000000001,2.2771409999999999,54.191592
2.270762273214789,2.4283606677815701,1,6,1,14,1,1.351801,1.3204990000000001,3.0398779999999999,83.879220000000004
2.2583978040955088,2.0233693280598102,3,1,1,11,2,1.8894820000000001,1.576716,3.0689790000000001,169.580533
2.2556730776089262,2.5228864906986002,4,6,1,22,1.5,1.837485,1.419224,2.5706169999999999,39.476486999999999
2.2556730776089262,2.3854070295902301,4,6,1,23,4,1.837485,1.419224,2.5706169999999999,39.476486999999999
2.2464985807958011,1.86321940871224,4,5,1,20,4,1.8894820000000001,1.576716,3.0689790000000001,169.580533
2.2430380486862944,2.02028891342988,1,6,3,19,0.33329999999999999,1.5849629999999999,2.1435900000000001,3.3551799999999998,234.891864
2.2405492482825999,1.75417148785372,3,6,1,10,2,1.361912,1.3709640000000001,2.8800050000000001,91.050552999999994
2.2348734411299356,1.9855351950723901,4,6,1,20,0.83330000000000004,1.632903,1.4576119999999999,3.2789060000000001,155.92872800000001
2.2348734411299356,1.9637724073360701,4,6,1,20,1.8332999999999999,1.632903,1.4576119999999999,3.2789060000000001,155.92872800000001
2.2336242400527557,1.6246188332679901,4,5,1,22,3,1.7381489999999999,1.5608439999999999,1.400379,71.967768000000007
2.2253092817258628,2.0898621044431498,1,1,1,10,3,1.6894439999999999,1.4475199999999999,2.7475309999999999,61.077815999999999
2.2237554536572413,2.1166208705924499,3,1,1,10,2,1.66703,1.3600920000000001,2.9895390000000002,89.512066000000004
2.2235738110546874,2.11646295477341,1,1,1,10,3,1.4527939999999999,1.3822369999999999,2.776742,110.92294200000001
2.2216749970707688,1.86321940871224,4,5,1,20,4,1.8894820000000001,1.576716,3.0689790000000001,169.580533
2.2132520521963968,2.0871813467182201,3,1,1,10,2,1.413305,1.331925,3.0105629999999999,78.286085999999997
2.2067375776856033,1.88281386014834,1,6,1,10,2,1.285285,1.336076,2.9040379999999999,85.915459999999996
2.2061733211838717,2.15649451702226,1,6,1,10,1,1.351801,1.3204990000000001,3.0398779999999999,83.879220000000004
2.2041199826559246,2.2048244203201102,4,5,1,20,4,1.5954619999999999,1.3889940000000001,2.2771409999999999,54.191592
2.2041199826559246,2.1035609123671302,4,5,1,20,2,1.5954619999999999,1.3889940000000001,2.2771409999999999,54.191592
2.1953460583484197,1.86321940871224,4,5,1,20,4,1.8894820000000001,1.576716,3.0689790000000001,169.580533
2.1920095926536702,2.1687272363335701,3,1,1,10,1,1.66703,1.3600920000000001,2.9895390000000002,89.512066000000004
2.1906762290625807,2.359869085448,3,6,1,10,1,1.837485,1.419224,2.5706169999999999,39.476486999999999
2.1766778551450248,1.64780974533118,1,6,1,10,3,1.285285,1.336076,2.9040379999999999,85.915459999999996
2.1760912590556813,1.7617503721039001,1,6,1,22,1,1.4527939999999999,1.3822369999999999,2.776742,110.92294200000001
2.1760912590556813,2.0209135076242202,4,1,1,20,4,1.724334,1.354805,3.071949,68.540811000000005
2.1760912590556813,1.65967869629239,4,1,1,24,4,1.724334,1.354805,3.071949,68.540811000000005
2.173186268412274,2.1166208705924499,3,1,1,10,2,1.66703,1.3600920000000001,2.9895390000000002,89.512066000000004
2.1694980946849678,1.71108897804816,1,6,3,19,0.20830000000000001,1.5849629999999999,2.1435900000000001,3.3551799999999998,234.891864
2.1684974835230326,2.09256646165744,1,1,3,19,2,1.4527939999999999,1.3822369999999999,2.776742,110.92294200000001
2.1607685618611283,2.1687272363335701,3,1,1,10,1,1.66703,1.3600920000000001,2.9895390000000002,89.512066000000004
2.1583624920952498,-0.61261017045525901,4,6,1,20,1,1.5849629999999999,2.1435900000000001,3.3551799999999998,234.891864
2.154119525515847,1.7890646525129701,3,6,1,10,2,1.8894820000000001,1.576716,3.0689790000000001,169.580533
2.1537527847498548,2.15649451702226,1,6,1,10,1,1.351801,1.3204990000000001,3.0398779999999999,83.879220000000004
2.1522883443830563,1.7147440188046501,4,6,1,20,1,1.2515350000000001,1.3367059999999999,2.6866500000000002,74.196158999999994
2.1500806862334936,1.2946988430553199,3,1,1,10,2,1.4087339999999999,1.373945,3.160228,133.256316
2.1423894661188361,1.8856145855382,4,5,1,20,2,1.8431759999999999,1.4557500000000001,3.8013340000000002,7.8246370000000001
2.1336937578370989,1.6133176268295599,3,6,1,10,1,1.5954619999999999,1.3889940000000001,2.2771409999999999,54.191592
2.1320033929866318,1.55391075174272,3,6,1,10,2,1.3971899999999999,1.3250919999999999,3.667243,139.10991999999999
2.1295170501667506,2.15649451702226,1,6,1,10,1,1.351801,1.3204990000000001,3.0398779999999999,83.879220000000004
2.1225435240687545,1.8835593705804701,3,6,1,20,2,1.2515350000000001,1.3367059999999999,2.6866500000000002,74.196158999999994
2.1218879851036809,2.30712409987856,4,6,1,10,2,1.7986329999999999,1.43486,3.3119610000000002,101.279689
2.1139433523068369,1.6457301897615999,3,6,1,10,2,1.369745,1.38405,2.9881549999999999,123.77092399999999
2.1137769689489865,1.7617503721039001,1,6,1,22,1,1.4527939999999999,1.3822369999999999,2.776742,110.92294200000001
2.1137769689489865,1.37696216598522,3,6,1,22,2,1.4527939999999999,1.3822369999999999,2.776742,110.92294200000001
2.1137769689489865,0.97921019422356803,3,6,1,23,2,1.4527939999999999,1.3822369999999999,2.776742,110.92294200000001
2.1137769689489865,1.76898950486441,3,6,1,23,1,1.4527939999999999,1.3822369999999999,2.776742,110.92294200000001
2.1105897102992488,1.86206378987685,1,6,1,10,3,1.66703,1.3600920000000001,2.9895390000000002,89.512066000000004
2.1065308538223815,2.60137241982935,5,1,1,20,2,1.764276,1.4288730000000001,3.311938,110.75593600000001
2.1062457077537622,2.15649451702226,1,6,1,10,1,1.351801,1.3204990000000001,3.0398779999999999,83.879220000000004
2.1058506743851435,2.0116868171424702,3,1,3,20,2,1.285285,1.336076,2.9040379999999999,85.915459999999996
2.1043505192427352,1.76704523143505,3,6,1,20,2,1.626166,1.395489,3.3213059999999999,84.295136999999997
2.0791812460476247,1.04391548833597,1,6,1,10,3,1.735473,1.37564,3.1109100000000001,81.052893999999995
2.0791812460476247,1.6161291558822599,2,5,1,22,4,1.5954619999999999,1.3889940000000001,2.2771409999999999,54.191592
2.0723842837907616,2.06063499986114,4,6,1,20,2.8957999999999999,1.4527939999999999,1.3822369999999999,2.776742,110.92294200000001
2.0666985504229953,1.8700327045296301,3,1,1,10,1,1.8431759999999999,1.4557500000000001,3.8013340000000002,7.8246370000000001
2.0575329809970744,1.8900891329488101,2,1,1,22,3,1.7381489999999999,1.5608439999999999,1.400379,71.967768000000007
2.0575329809970744,1.9774976425867199,2,1,1,23,3,1.7381489999999999,1.5608439999999999,1.400379,71.967768000000007
2.0575329809970744,1.9774976425867199,2,1,1,23,3,1.7381489999999999,1.5608439999999999,1.400379,71.967768000000007
2.0575329809970744,1.8024667942977,2,5,1,23,3,1.7381489999999999,1.5608439999999999,1.400379,71.967768000000007
2.0453229787866576,1.7960359242747901,3,6,1,20,2,1.4527939999999999,1.3822369999999999,2.776742,110.92294200000001
2.0450498760568725,1.9927879801953601,1,6,1,10,1,1.4527939999999999,1.3822369999999999,2.776742,110.92294200000001
2.044993897588621,1.9256051640890699,4,6,1,10,1.8332999999999999,1.632903,1.4576119999999999,3.2789060000000001,155.92872800000001
2.0394141191761372,1.82209741137551,3,1,1,10,1,1.5954619999999999,1.3889940000000001,2.2771409999999999,54.191592
2.0334237554869499,1.9928001670338,3,1,1,10,2,1.4203760000000001,1.372806,2.6866500000000002,80.000981999999993
2.0316618910143811,2.15649451702226,1,6,1,10,1,1.351801,1.3204990000000001,3.0398779999999999,83.879220000000004
2.0295055254265768,1.2976149083244799,4,6,1,23,0.125,1.716534,1.4426460000000001,3.3251029999999999,128.763285
2.0295055254265768,1.2976149083244799,4,6,1,23,0.125,1.716534,1.4426460000000001,3.3251029999999999,128.763285
2.0207972495693625,1.0548137996381499,4,6,1,22,1,1.4527939999999999,1.3822369999999999,2.776742,110.92294200000001
2.0207972495693625,1.0548137996381499,4,6,1,22,1,1.4527939999999999,1.3822369999999999,2.776742,110.92294200000001
2.0207972495693625,1.0548137996381499,4,6,1,22,1,1.4527939999999999,1.3822369999999999,2.776742,110.92294200000001
2.0131646773265355,1.6310909795161499,3,6,1,20,1,1.5866450000000001,1.4455169999999999,3.158649,145.55060700000001
2.012837224705172,1.78240887551175,3,1,1,22,1,1.5954619999999999,1.3889940000000001,2.2771409999999999,54.191592
2.0051805125037805,1.9928001670338,3,1,1,10,2,1.4203760000000001,1.372806,2.6866500000000002,80.000981999999993
2.0050088206723671,1.76704523143505,3,6,1,20,2,1.626166,1.395489,3.3213059999999999,84.295136999999997
2,1.9191958827198301,1,6,1,10,2,1.5628070000000001,1.351963,2.8126190000000002,73.012725000000003
2,0.976871114114368,1,1,3,22,3,1.4527939999999999,1.3822369999999999,2.776742,110.92294200000001
2,1.3294555746797101,1,1,3,22,1,1.4527939999999999,1.3822369999999999,2.776742,110.92294200000001
2,1.21132545454615,1,1,3,22,2,1.4527939999999999,1.3822369999999999,2.776742,110.92294200000001
2,1.4240361963697601,2,6,1,20,4,1.626166,1.395489,3.3213059999999999,84.295136999999997
2,2.41780101631268,4,6,1,20,4,1.3971899999999999,1.3250919999999999,3.667243,139.10991999999999
2,1.9156701935026099,2,5,1,10,4,1.4527939999999999,1.3822369999999999,2.776742,110.92294200000001
2,2.7405550351003298,4,6,1,20,4,1.842371,1.4345570000000001,2.3982290000000002,24.634169
2,1.95639895351655,2,5,1,10,4,1.66703,1.3600920000000001,2.9895390000000002,89.512066000000004
2,1.87300478573819,4,5,1,20,2,1.66703,1.3600920000000001,2.9895390000000002,89.512066000000004
2,1.56491899226169,4,1,1,20,4,1.7283329999999999,1.5589489999999999,3.068981,163.77571
2,1.89202406041949,4,1,1,24,4,1.7283329999999999,1.5589489999999999,3.068981,163.77571
2,1.7528009579283801,4,6,1,20,4,1.2515350000000001,1.3367059999999999,2.6866500000000002,74.196158999999994
2,1.70857561832977,4,1,1,20,2,1.380917,1.3131699999999999,2.9392990000000001,88.692464999999999
2,2.01061457551527,4,5,1,20,4,1.6283620000000001,1.443219,2.9466600000000001,85.550308000000001
2,1.9002536979904701,4,5,1,20,2,1.6283620000000001,1.443219,2.9466600000000001,85.550308000000001
2,1.93886982285092,4,6,1,20,4,2.0147189999999999,1.583356,3.3048959999999998,88.533635000000004
2,1.74100044720948,2,5,1,10,4,1.724334,1.354805,3.071949,68.540811000000005
2,2.0209135076242202,4,1,1,20,4,1.724334,1.354805,3.071949,68.540811000000005
2,1.65665706980839,4,6,1,20,4,1.892315,1.4431499999999999,2.852611,88.542133000000007
2,1.9067324832836701,2,5,1,10,4,1.735473,1.37564,3.1109100000000001,81.052893999999995
2,1.7908642085164801,4,1,1,22,3,1.4364239999999999,1.360177,3.2685879999999998,78.495012000000003
2,1.7908642085164801,4,1,1,22,3,1.4364239999999999,1.360177,3.2685879999999998,78.495012000000003
2,1.7908642085164801,4,1,1,22,3,1.4364239999999999,1.360177,3.2685879999999998,78.495012000000003
2,1.9925913340702699,4,6,1,22,3,1.4364239999999999,1.360177,3.2685879999999998,78.495012000000003
2,1.8741050391285199,4,6,1,22,4,1.4364239999999999,1.360177,3.2685879999999998,78.495012000000003
2,1.7908642085164801,4,1,1,22,3,1.4364239999999999,1.360177,3.2685879999999998,78.495012000000003
2,1.7908642085164801,4,1,1,22,3,1.4364239999999999,1.360177,3.2685879999999998,78.495012000000003
2,0.59765860458390396,4,1,1,22,1,1.4364239999999999,1.360177,3.2685879999999998,78.495012000000003
2,1.9925913340702699,4,6,1,22,3,1.4364239999999999,1.360177,3.2685879999999998,78.495012000000003
2,1.94696710078247,4,6,1,23,2,1.4364239999999999,1.360177,3.2685879999999998,78.495012000000003
2,1.1279220075239,4,1,1,23,2,1.4364239999999999,1.360177,3.2685879999999998,78.495012000000003
2,1.91815679733782,4,6,1,23,1,1.4364239999999999,1.360177,3.2685879999999998,78.495012000000003
2,1.8157568546430001,4,6,1,23,4,1.4364239999999999,1.360177,3.2685879999999998,78.495012000000003
2,1.9409506394823,4,6,1,23,3,1.4364239999999999,1.360177,3.2685879999999998,78.495012000000003
2,1.91815679733782,4,6,1,23,1,1.4364239999999999,1.360177,3.2685879999999998,78.495012000000003
2,1.94696710078247,4,6,1,23,2,1.4364239999999999,1.360177,3.2685879999999998,78.495012000000003
2,2.0346660257833502,4,1,1,22,3,1.3242290000000001,1.3411109999999999,3.2619729999999998,58.320908000000003
2,2.0346660257833502,4,1,1,22,3,1.3242290000000001,1.3411109999999999,3.2619729999999998,58.320908000000003
2,1.8206319838918399,4,1,1,22,1,1.3242290000000001,1.3411109999999999,3.2619729999999998,58.320908000000003
2,1.96548455006504,4,6,1,22,3,1.3242290000000001,1.3411109999999999,3.2619729999999998,58.320908000000003
2,1.96548455006504,4,6,1,22,3,1.3242290000000001,1.3411109999999999,3.2619729999999998,58.320908000000003
2,1.82426480129443,4,6,1,22,4,1.3242290000000001,1.3411109999999999,3.2619729999999998,58.320908000000003
2,1.96548455006504,4,6,1,22,3,1.3242290000000001,1.3411109999999999,3.2619729999999998,58.320908000000003
2,2,4,6,1,23,3,1.3242290000000001,1.3411109999999999,3.2619729999999998,58.320908000000003
2,1.93878384845251,4,6,1,23,4,1.3242290000000001,1.3411109999999999,3.2619729999999998,58.320908000000003
2,1.87363686149705,4,1,1,23,2,1.3242290000000001,1.3411109999999999,3.2619729999999998,58.320908000000003
2,1.9972368262933,4,1,1,23,3,1.3242290000000001,1.3411109999999999,3.2619729999999998,58.320908000000003
2,1.9972368262933,4,1,1,23,3,1.3242290000000001,1.3411109999999999,3.2619729999999998,58.320908000000003
2,1.7508157396059401,4,6,1,23,1,1.3242290000000001,1.3411109999999999,3.2619729999999998,58.320908000000003
2,1.91239108960811,4,6,1,23,2,1.3242290000000001,1.3411109999999999,3.2619729999999998,58.320908000000003
2,1.7508157396059401,4,6,1,23,1,1.3242290000000001,1.3411109999999999,3.2619729999999998,58.320908000000003
2,1.9972368262933,4,1,1,23,3,1.3242290000000001,1.3411109999999999,3.2619729999999998,58.320908000000003
2,1.9957552171033801,2,2,1,22,4,1.7381489999999999,1.5608439999999999,1.400379,71.967768000000007
2,1.9957552171033801,2,2,1,22,4,1.7381489999999999,1.5608439999999999,1.400379,71.967768000000007
2,2.0096585634462798,2,6,1,22,1,1.7381489999999999,1.5608439999999999,1.400379,71.967768000000007
2,1.98161628709009,2,2,1,22,2,1.7381489999999999,1.5608439999999999,1.400379,71.967768000000007
2,1.9957552171033801,2,2,1,22,4,1.7381489999999999,1.5608439999999999,1.400379,71.967768000000007
2,1.9957552171033801,2,2,1,22,4,1.7381489999999999,1.5608439999999999,1.400379,71.967768000000007
2,1.9957552171033801,2,2,1,22,4,1.7381489999999999,1.5608439999999999,1.400379,71.967768000000007
2,1.98161628709009,2,2,1,22,2,1.7381489999999999,1.5608439999999999,1.400379,71.967768000000007
2,2.0096585634462798,2,6,1,22,1,1.7381489999999999,1.5608439999999999,1.400379,71.967768000000007
2,2.0156816377915798,2,6,1,22,2,1.7381489999999999,1.5608439999999999,1.400379,71.967768000000007
2,2.0008175739404801,2,2,1,23,2,1.7381489999999999,1.5608439999999999,1.400379,71.967768000000007
2,2.0008175739404801,2,2,1,23,2,1.7381489999999999,1.5608439999999999,1.400379,71.967768000000007
2,2.0008175739404801,2,2,1,23,2,1.7381489999999999,1.5608439999999999,1.400379,71.967768000000007
2,1.9982638401777899,2,6,1,23,4,1.7381489999999999,1.5608439999999999,1.400379,71.967768000000007
2,1.9982638401777899,2,6,1,23,4,1.7381489999999999,1.5608439999999999,1.400379,71.967768000000007
2,1.9508300925366,2,6,1,23,1,1.7381489999999999,1.5608439999999999,1.400379,71.967768000000007
2,1.9947271573454699,2,2,1,23,1,1.7381489999999999,1.5608439999999999,1.400379,71.967768000000007
2,2.0008175739404801,2,2,1,23,2,1.7381489999999999,1.5608439999999999,1.400379,71.967768000000007
2,2.0005299090355,2,6,1,23,2,1.7381489999999999,1.5608439999999999,1.400379,71.967768000000007
2,1.9982638401777899,2,6,1,23,4,1.7381489999999999,1.5608439999999999,1.400379,71.967768000000007
2,1.9982638401777899,2,6,1,23,4,1.7381489999999999,1.5608439999999999,1.400379,71.967768000000007
2,2.0005299090355,2,6,1,23,2,1.7381489999999999,1.5608439999999999,1.400379,71.967768000000007
2,1.9982638401777899,2,6,1,23,4,1.7381489999999999,1.5608439999999999,1.400379,71.967768000000007
2,2.0005299090355,2,6,1,23,2,1.7381489999999999,1.5608439999999999,1.400379,71.967768000000007
2,1.9947271573454699,2,2,1,23,1,1.7381489999999999,1.5608439999999999,1.400379,71.967768000000007
2,1.99230036206738,2,2,1,23,4,1.7381489999999999,1.5608439999999999,1.400379,71.967768000000007
2,2.0005299090355,2,6,1,23,2,1.7381489999999999,1.5608439999999999,1.400379,71.967768000000007
2,2.0005299090355,2,6,1,23,2,1.7381489999999999,1.5608439999999999,1.400379,71.967768000000007
2,1.9947271573454699,2,2,1,23,1,1.7381489999999999,1.5608439999999999,1.400379,71.967768000000007
2,1.9508300925366,2,6,1,23,1,1.7381489999999999,1.5608439999999999,1.400379,71.967768000000007
2,1.9508300925366,2,6,1,23,1,1.7381489999999999,1.5608439999999999,1.400379,71.967768000000007
2,1.99230036206738,2,2,1,23,4,1.7381489999999999,1.5608439999999999,1.400379,71.967768000000007
2,2.0005299090355,2,6,1,23,2,1.7381489999999999,1.5608439999999999,1.400379,71.967768000000007
2,2.0005299090355,2,6,1,23,2,1.7381489999999999,1.5608439999999999,1.400379,71.967768000000007
2,1.99230036206738,2,2,1,23,4,1.7381489999999999,1.5608439999999999,1.400379,71.967768000000007
2,1.9508300925366,2,6,1,23,1,1.7381489999999999,1.5608439999999999,1.400379,71.967768000000007
2,2.0008175739404801,2,2,1,23,2,1.7381489999999999,1.5608439999999999,1.400379,71.967768000000007
2,1.9508300925366,2,6,1,23,1,1.7381489999999999,1.5608439999999999,1.400379,71.967768000000007
2,1.9982638401777899,2,6,1,23,4,1.7381489999999999,1.5608439999999999,1.400379,71.967768000000007
2,1.99230036206738,2,2,1,23,4,1.7381489999999999,1.5608439999999999,1.400379,71.967768000000007
2,1.7411018201280899,2,5,1,7,4,1.5954619999999999,1.3889940000000001,2.2771409999999999,54.191592
2,1.8700590825221299,2,5,1,12,4,1.5954619999999999,1.3889940000000001,2.2771409999999999,54.191592
2,1.6161291558822599,2,5,1,22,4,1.5954619999999999,1.3889940000000001,2.2771409999999999,54.191592
2,1.7450585033638899,2,5,1,23,4,1.5954619999999999,1.3889940000000001,2.2771409999999999,54.191592
2,1.8674524878902801,2,5,1,7,4,1.4527939999999999,1.3822369999999999,2.776742,110.92294200000001
2,1.9260838131165201,2,5,1,12,4,1.4527939999999999,1.3822369999999999,2.776742,110.92294200000001
2,1.5667518827357501,2,5,1,22,4,1.4527939999999999,1.3822369999999999,2.776742,110.92294200000001
2,1.4512024758720099,2,5,1,23,4,1.4527939999999999,1.3822369999999999,2.776742,110.92294200000001
2,1.95159620662791,2,5,1,7,4,1.66703,1.3600920000000001,2.9895390000000002,89.512066000000004
2,1.9840138068577,2,5,1,12,4,1.66703,1.3600920000000001,2.9895390000000002,89.512066000000004
2,1.88862168125618,2,5,1,22,4,1.66703,1.3600920000000001,2.9895390000000002,89.512066000000004
2,1.90992527978875,2,5,1,23,4,1.66703,1.3600920000000001,2.9895390000000002,89.512066000000004
2,1.7847960602160799,2,5,1,7,4,1.724334,1.354805,3.071949,68.540811000000005
2,1.89347162466626,2,5,1,12,4,1.724334,1.354805,3.071949,68.540811000000005
2,1.77448463477116,2,5,1,22,4,1.724334,1.354805,3.071949,68.540811000000005
2,1.7955558056511101,2,5,1,23,4,1.724334,1.354805,3.071949,68.540811000000005
2,1.78213640615141,2,5,1,7,4,1.735473,1.37564,3.1109100000000001,81.052893999999995
2,1.94106452477303,2,5,1,12,4,1.735473,1.37564,3.1109100000000001,81.052893999999995
2,1.77527890165101,2,5,1,22,4,1.735473,1.37564,3.1109100000000001,81.052893999999995
2,1.7849274846569501,2,5,1,23,4,1.735473,1.37564,3.1109100000000001,81.052893999999995
2,1.7628890985677399,4,5,1,23,4,1.7986329999999999,1.43486,3.3119610000000002,101.279689
2,1.7628890985677399,4,5,1,23,4,1.7986329999999999,1.43486,3.3119610000000002,101.279689
2,1.7628890985677399,4,5,1,23,4,1.7986329999999999,1.43486,3.3119610000000002,101.279689
2,1.7628890985677399,4,5,1,23,4,1.7986329999999999,1.43486,3.3119610000000002,101.279689
2,1.7628890985677399,4,5,1,23,4,1.7986329999999999,1.43486,3.3119610000000002,101.279689
2,1.48732712697374,3,6,1,20,1,1.3971899999999999,1.3250919999999999,3.667243,139.10991999999999
2,1.9053402419391701,3,6,1,20,1,1.4527939999999999,1.3822369999999999,2.776742,110.92294200000001
2,1.8992860215012599,3,1,1,10,2,1.4527939999999999,1.3822369999999999,2.776742,110.92294200000001
2,1.8992860215012599,3,1,1,10,2,1.4527939999999999,1.3822369999999999,2.776742,110.92294200000001
2,1.8905092815858,3,6,1,10,2,1.66703,1.3600920000000001,2.9895390000000002,89.512066000000004
2,1.99755648484583,3,1,1,20,2,1.413305,1.331925,3.0105629999999999,78.286085999999997
2,1.99755648484583,3,1,1,20,2,1.413305,1.331925,3.0105629999999999,78.286085999999997
2,1.7478076654536501,3,1,1,10,2,1.380917,1.3131699999999999,2.9392990000000001,88.692464999999999
2,1.8270612399091499,3,6,1,10,2,1.380917,1.3131699999999999,2.9392990000000001,88.692464999999999
2,1.71139490161701,3,5,1,20,2,1.380917,1.3131699999999999,2.9392990000000001,88.692464999999999
2,2.0210287077768498,3,1,1,10,2,1.6894439999999999,1.4475199999999999,2.7475309999999999,61.077815999999999
2,1.8989713516372699,3,6,1,20,1,1.7293320000000001,1.4296880000000001,3.289142,104.64493899999999
2,1.8466239018788799,3,6,1,10,2,1.7293320000000001,1.4296880000000001,3.289142,104.64493899999999
2,2.0635574004548198,3,6,1,20,1,2.0147189999999999,1.583356,3.3048959999999998,88.533635000000004
2,1.9982399331368501,3,6,1,20,1,1.892315,1.4431499999999999,2.852611,88.542133000000007
2,1.9809526981166199,5,5,1,22,1,1.2515350000000001,1.3367059999999999,2.6866500000000002,74.196158999999994
2,1.9809526981166199,5,5,1,22,1,1.2515350000000001,1.3367059999999999,2.6866500000000002,74.196158999999994
2,1.28912096521354,5,5,1,22,2,1.2515350000000001,1.3367059999999999,2.6866500000000002,74.196158999999994
2,1.7717425018194499,5,5,1,23,2,1.2515350000000001,1.3367059999999999,2.6866500000000002,74.196158999999994
2,1.9224097166138501,5,5,1,23,1,1.2515350000000001,1.3367059999999999,2.6866500000000002,74.196158999999994
2,1.9224097166138501,5,5,1,23,1,1.2515350000000001,1.3367059999999999,2.6866500000000002,74.196158999999994
1.999833643779245,3.1419449618291102,3,6,1,20,1,1.3741239999999999,1.341299,3.673381,97.530105000000006
1.999833643779245,3.1419449618291102,3,6,1,20,1,1.3741239999999999,1.341299,3.673381,97.530105000000006
1.999763223259194,1.6310909795161499,3,6,1,20,1,1.5866450000000001,1.4455169999999999,3.158649,145.55060700000001
1.999763223259194,1.6310909795161499,3,6,1,20,1,1.5866450000000001,1.4455169999999999,3.158649,145.55060700000001
1.9904146205756417,1.87540878593514,3,6,1,10,2,1.4527939999999999,1.3822369999999999,2.776742,110.92294200000001
1.9840268596301545,2.43085616367765,4,6,1,23,1,1.837485,1.419224,2.5706169999999999,39.476486999999999
1.9824069288637949,1.50158978097479,4,1,1,20,1,1.8894820000000001,1.576716,3.0689790000000001,169.580533
1.9754742707827051,1.86147601109248,4,6,1,22,4,1.4527939999999999,1.3822369999999999,2.776742,110.92294200000001
1.9754742707827051,1.86147601109248,4,6,1,22,4,1.4527939999999999,1.3822369999999999,2.776742,110.92294200000001
1.9741891911181673,1.5280280373597399,3,6,1,20,1,1.389812,1.3200289999999999,3.6694290000000001,149.992977
1.9637878273455553,2.1166208705924499,3,1,1,10,2,1.66703,1.3600920000000001,2.9895390000000002,89.512066000000004
1.954242509439325,1.76704523143505,3,6,1,20,2,1.626166,1.395489,3.3213059999999999,84.295136999999997
1.9512205738778565,1.7711145232251899,4,6,1,10,0.83330000000000004,1.2787900000000001,1.3205070000000001,2.8506490000000002,124.62446799999999
1.9499751778296537,2.11646295477341,1,1,1,10,3,1.4527939999999999,1.3822369999999999,2.776742,110.92294200000001
1.9444826721501687,1.3734179674935201,4,6,1,20,4,1.369745,1.38405,2.9881549999999999,123.77092399999999
1.9370161074648142,1.9453256351550701,4,6,1,10,3,1.4527939999999999,1.3822369999999999,2.776742,110.92294200000001
1.9366645130000755,1.77241535402057,1,6,1,19,3,1.2515350000000001,1.3367059999999999,2.6866500000000002,74.196158999999994
1.9294189257142926,1.7121631430103801,3,6,3,20,2,1.3971899999999999,1.3250919999999999,3.667243,139.10991999999999
1.9174823238050183,1.8161347228728599,4,6,1,23,4,1.4527939999999999,1.3822369999999999,2.776742,110.92294200000001
1.9174823238050183,1.8161347228728599,4,6,1,23,4,1.4527939999999999,1.3822369999999999,2.776742,110.92294200000001
1.9151359066220119,1.8480036142787599,1,6,1,19,2,1.2515350000000001,1.3367059999999999,2.6866500000000002,74.196158999999994
1.9138138523837167,0.61627910247762496,3,6,1,20,2,1.361912,1.3709640000000001,2.8800050000000001,91.050552999999994
1.9133899436317556,1.72264562865805,4,6,1,20,4,1.632903,1.4576119999999999,3.2789060000000001,155.92872800000001
1.9123380035273623,1.6310909795161499,3,6,1,20,1,1.5866450000000001,1.4455169999999999,3.158649,145.55060700000001
1.9074113607745862,1.63836957280725,4,5,1,20,4,1.8431759999999999,1.4557500000000001,3.8013340000000002,7.8246370000000001
1.9069811532288541,1.77241535402057,1,6,1,19,3,1.2515350000000001,1.3367059999999999,2.6866500000000002,74.196158999999994
1.9048931964969977,1.5478041384448999,4,6,1,23,1,1.4527939999999999,1.3822369999999999,2.776742,110.92294200000001
1.9048931964969977,1.5478041384448999,4,6,1,23,1,1.4527939999999999,1.3822369999999999,2.776742,110.92294200000001
1.904715545278681,1.86206378987685,1,6,1,10,3,1.66703,1.3600920000000001,2.9895390000000002,89.512066000000004
1.9036325160842376,1.69520670885613,3,6,1,20,2,1.7283329999999999,1.5589489999999999,3.068981,163.77571
1.9030899869919435,1.83216402576342,3,6,1,22,1,1.4203760000000001,1.372806,2.6866500000000002,80.000981999999993
1.9030899869919435,1.89087397590158,3,6,1,22,2,1.4203760000000001,1.372806,2.6866500000000002,80.000981999999993
1.9030899869919435,1.89087397590158,3,6,1,22,2,1.4203760000000001,1.372806,2.6866500000000002,80.000981999999993
1.9030899869919435,1.83216402576342,3,6,1,22,1,1.4203760000000001,1.372806,2.6866500000000002,80.000981999999993
1.9030899869919435,1.8969182839880401,3,6,1,22,0.083299999999999999,1.4203760000000001,1.372806,2.6866500000000002,80.000981999999993
1.9030899869919435,1.8969182839880401,3,6,1,22,0.33329999999999999,1.4203760000000001,1.372806,2.6866500000000002,80.000981999999993
1.9030899869919435,1.8969182839880401,3,6,1,22,0.33329999999999999,1.4203760000000001,1.372806,2.6866500000000002,80.000981999999993
1.9030899869919435,1.89087397590158,3,6,1,22,2,1.4203760000000001,1.372806,2.6866500000000002,80.000981999999993
1.9030899869919435,1.8969182839880401,3,6,1,22,0.083299999999999999,1.4203760000000001,1.372806,2.6866500000000002,80.000981999999993
1.9030899869919435,1.83216402576342,3,6,1,22,1,1.4203760000000001,1.372806,2.6866500000000002,80.000981999999993
1.9030899869919435,1.89087397590158,3,6,1,22,2,1.4203760000000001,1.372806,2.6866500000000002,80.000981999999993
1.9030899869919435,1.8969182839880401,3,6,1,22,0.16669999999999999,1.4203760000000001,1.372806,2.6866500000000002,80.000981999999993
1.9030899869919435,1.83216402576342,3,6,1,22,1,1.4203760000000001,1.372806,2.6866500000000002,80.000981999999993
1.9030899869919435,1.83216402576342,3,6,1,22,1,1.4203760000000001,1.372806,2.6866500000000002,80.000981999999993
1.9030899869919435,1.83216402576342,3,6,1,22,1,1.4203760000000001,1.372806,2.6866500000000002,80.000981999999993
1.9030899869919435,1.8969182839880401,3,6,1,22,0.083299999999999999,1.4203760000000001,1.372806,2.6866500000000002,80.000981999999993
1.9030899869919435,1.8959807638396999,3,6,1,23,0.083299999999999999,1.4203760000000001,1.372806,2.6866500000000002,80.000981999999993
1.9030899869919435,1.8062494966540801,3,6,1,23,1,1.4203760000000001,1.372806,2.6866500000000002,80.000981999999993
1.9030899869919435,1.8959807638396999,3,6,1,23,0.083299999999999999,1.4203760000000001,1.372806,2.6866500000000002,80.000981999999993
1.9030899869919435,1.8959807638396999,3,6,1,23,0.083299999999999999,1.4203760000000001,1.372806,2.6866500000000002,80.000981999999993
1.9030899869919435,1.8959807638396999,3,6,1,23,0.33329999999999999,1.4203760000000001,1.372806,2.6866500000000002,80.000981999999993
1.9030899869919435,1.8062494966540801,3,6,1,23,1,1.4203760000000001,1.372806,2.6866500000000002,80.000981999999993
1.9030899869919435,1.8959807638396999,3,6,1,23,0.083299999999999999,1.4203760000000001,1.372806,2.6866500000000002,80.000981999999993
1.9030899869919435,1.8959807638396999,3,6,1,23,0.16669999999999999,1.4203760000000001,1.372806,2.6866500000000002,80.000981999999993
1.9030899869919435,1.8959807638396999,3,6,1,23,0.33329999999999999,1.4203760000000001,1.372806,2.6866500000000002,80.000981999999993
1.9030899869919435,1.8062494966540801,3,6,1,23,1,1.4203760000000001,1.372806,2.6866500000000002,80.000981999999993
1.9030899869919435,1.8062494966540801,3,6,1,23,1,1.4203760000000001,1.372806,2.6866500000000002,80.000981999999993
1.9030899869919435,1.8062494966540801,3,6,1,23,1,1.4203760000000001,1.372806,2.6866500000000002,80.000981999999993
1.9030899869919435,1.8959807638396999,3,6,1,23,0.33329999999999999,1.4203760000000001,1.372806,2.6866500000000002,80.000981999999993
1.9030899869919435,1.8959807638396999,3,6,1,23,0.16669999999999999,1.4203760000000001,1.372806,2.6866500000000002,80.000981999999993
1.9030899869919435,1.8959807638396999,3,6,1,23,0.16669999999999999,1.4203760000000001,1.372806,2.6866500000000002,80.000981999999993
1.9030899869919435,1.8959807638396999,3,6,1,23,0.33329999999999999,1.4203760000000001,1.372806,2.6866500000000002,80.000981999999993
1.9030899869919435,1.8062494966540801,3,6,1,23,1,1.4203760000000001,1.372806,2.6866500000000002,80.000981999999993
1.9030899869919435,1.8959807638396999,3,6,1,23,0.16669999999999999,1.4203760000000001,1.372806,2.6866500000000002,80.000981999999993
1.9030899869919435,1.8289677171315499,3,6,1,23,2,1.4203760000000001,1.372806,2.6866500000000002,80.000981999999993
1.9030899869919435,1.8289677171315499,3,6,1,23,2,1.4203760000000001,1.372806,2.6866500000000002,80.000981999999993
1.9030899869919435,1.8959807638396999,3,6,1,23,0.16669999999999999,1.4203760000000001,1.372806,2.6866500000000002,80.000981999999993
1.9030899869919435,1.8062494966540801,3,6,1,23,1,1.4203760000000001,1.372806,2.6866500000000002,80.000981999999993
1.9030899869919435,1.8062494966540801,3,6,1,23,1,1.4203760000000001,1.372806,2.6866500000000002,80.000981999999993
1.9030899869919435,1.8959807638396999,3,6,1,23,0.16669999999999999,1.4203760000000001,1.372806,2.6866500000000002,80.000981999999993
1.9030899869919435,1.8062494966540801,3,6,1,23,1,1.4203760000000001,1.372806,2.6866500000000002,80.000981999999993
1.9030899869919435,1.8062494966540801,3,6,1,23,1,1.4203760000000001,1.372806,2.6866500000000002,80.000981999999993
1.9030899869919435,1.8959807638396999,3,6,1,23,0.33329999999999999,1.4203760000000001,1.372806,2.6866500000000002,80.000981999999993
1.9030899869919435,1.8959807638396999,3,6,1,23,0.083299999999999999,1.4203760000000001,1.372806,2.6866500000000002,80.000981999999993
1.9030899869919435,1.8959807638396999,3,6,1,23,0.083299999999999999,1.4203760000000001,1.372806,2.6866500000000002,80.000981999999993
1.9030899869919435,1.8959807638396999,3,6,1,23,0.33329999999999999,1.4203760000000001,1.372806,2.6866500000000002,80.000981999999993
1.9030899869919435,1.8062494966540801,3,6,1,23,1,1.4203760000000001,1.372806,2.6866500000000002,80.000981999999993
1.9030899869919435,1.8959807638396999,3,6,1,23,0.16669999999999999,1.4203760000000001,1.372806,2.6866500000000002,80.000981999999993
1.9030899869919435,1.8062494966540801,3,6,1,23,1,1.4203760000000001,1.372806,2.6866500000000002,80.000981999999993
1.9030899869919435,1.8062494966540801,3,6,1,23,1,1.4203760000000001,1.372806,2.6866500000000002,80.000981999999993
1.9030899869919435,1.8959807638396999,3,6,1,23,0.16669999999999999,1.4203760000000001,1.372806,2.6866500000000002,80.000981999999993
1.8948339158815879,1.2182534043298301,4,5,1,23,1.9167000000000001,1.4364239999999999,1.360177,3.2685879999999998,78.495012000000003
1.8886848466596988,1.8480036142787599,1,6,1,19,2,1.2515350000000001,1.3367059999999999,2.6866500000000002,74.196158999999994
1.887561040930009,1.77241535402057,1,6,1,19,3,1.2515350000000001,1.3367059999999999,2.6866500000000002,74.196158999999994
1.8830933585756899,1.9215750419711499,3,1,1,8,2,1.4203760000000001,1.372806,2.6866500000000002,80.000981999999993
1.8808135922807914,1.6567872847757401,5,6,1,10,1,1.839491,1.515236,2.5682390000000002,9.1847700000000003
1.8778318914928938,1.76704523143505,3,6,1,20,2,1.626166,1.395489,3.3213059999999999,84.295136999999997
1.8750612633917001,1.5365039321985801,3,1,1,23,2,1.4203760000000001,1.372806,2.6866500000000002,80.000981999999993
1.8709888137605752,1.67677325468639,3,6,1,10,1,1.285285,1.336076,2.9040379999999999,85.915459999999996
1.8692317197309762,1.8730326414840199,1,6,1,10,3,1.4527939999999999,1.3822369999999999,2.776742,110.92294200000001
1.8692317197309762,1.61176787309395,3,6,1,10,1,1.839491,1.515236,2.5682390000000002,9.1847700000000003
1.8692317197309762,1.6988768032661901,3,6,1,20,2,1.285285,1.336076,2.9040379999999999,85.915459999999996
1.8692317197309762,1.6988768032661901,3,6,1,20,2,1.285285,1.336076,2.9040379999999999,85.915459999999996
1.8631443462526673,2.04298766009207,1,1,1,10,2,1.4527939999999999,1.3822369999999999,2.776742,110.92294200000001
1.8582363354295131,1.45069289428513,4,5,3,20,1,1.4527939999999999,1.3822369999999999,2.776742,110.92294200000001
1.8577141188015285,1.0548137996381499,4,6,1,22,1,1.4527939999999999,1.3822369999999999,2.776742,110.92294200000001
1.8573324964312685,1.41931106739861,1,1,1,10,3,1.8894820000000001,1.576716,3.0689790000000001,169.580533
1.8573324964312685,1.6186066903066401,1,6,1,10,3,1.7283329999999999,1.5589489999999999,3.068981,163.77571
1.8573324964312685,1.6457301897615999,3,6,1,10,2,1.369745,1.38405,2.9881549999999999,123.77092399999999
1.851135995011574,1.61391192009535,4,6,1,20,4,1.7283329999999999,1.5589489999999999,3.068981,163.77571
1.8505355341744052,1.5478041384448999,4,6,1,23,1,1.4527939999999999,1.3822369999999999,2.776742,110.92294200000001
1.8450980400142569,0.93817223598922395,1,6,1,22,3,1.2515350000000001,1.3367059999999999,2.6866500000000002,74.196158999999994
1.8450980400142569,-0.30228702311455002,4,6,1,20,2,1.5849629999999999,2.1435900000000001,3.3551799999999998,234.891864
1.8450980400142569,-0.32730778480123901,4,6,1,20,3,1.5849629999999999,2.1435900000000001,3.3551799999999998,234.891864
1.8450980400142569,1.30315065083736,2,5,1,24,4,1.2515350000000001,1.3367059999999999,2.6866500000000002,74.196158999999994
1.8450980400142569,1.6457301897615999,3,6,1,10,2,1.369745,1.38405,2.9881549999999999,123.77092399999999
1.8394780473741983,1.8700327045296301,3,1,1,10,1,1.8431759999999999,1.4557500000000001,3.8013340000000002,7.8246370000000001
1.8385162936865682,1.6004449820618301,4,6,1,20,1.8332999999999999,1.2787900000000001,1.3205070000000001,2.8506490000000002,124.62446799999999
1.8364731493682382,1.6310909795161499,3,6,1,20,1,1.5866450000000001,1.4455169999999999,3.158649,145.55060700000001
1.8334265237995806,1.38403204220265,4,1,1,22,2,1.716534,1.4426460000000001,3.3251029999999999,128.763285
1.8325089127062364,1.7670887039291201,3,1,1,10,2,1.8894820000000001,1.576716,3.0689790000000001,169.580533
1.8325089127062364,1.8219144765567401,3,6,1,10,2,1.7283329999999999,1.5589489999999999,3.068981,163.77571
1.8262040735751783,1.7670887039291201,3,1,1,10,2,1.8894820000000001,1.576716,3.0689790000000001,169.580533
1.8260748027008264,1.6381483287606999,3,1,1,10,2,1.7283329999999999,1.5589489999999999,3.068981,163.77571
1.8195439355418688,1.8345948342382301,3,6,1,5,2,1.66703,1.3600920000000001,2.9895390000000002,89.512066000000004
1.8175653695597809,1.9099035745670301,2,1,1,10,4,1.4527939999999999,1.3822369999999999,2.776742,110.92294200000001
1.8175653695597809,2.0817257045819302,2,1,1,10,1,1.4527939999999999,1.3822369999999999,2.776742,110.92294200000001
1.8175653695597809,1.8529073180700899,2,1,1,10,2,1.4527939999999999,1.3822369999999999,2.776742,110.92294200000001
1.8161839428109627,1.6801252227787999,3,6,3,20,1,1.5866450000000001,1.4455169999999999,3.158649,145.55060700000001
1.8161839428109627,1.5671447763025701,3,1,3,20,1,1.5866450000000001,1.4455169999999999,3.158649,145.55060700000001
1.8149131812750738,1.73418862766585,4,5,3,20,2,1.4527939999999999,1.3822369999999999,2.776742,110.92294200000001
1.8129133566428555,1.6879943762910099,1,6,1,5,3,1.66703,1.3600920000000001,2.9895390000000002,89.512066000000004
1.8068580295188175,1.7670887039291201,3,1,1,10,2,1.8894820000000001,1.576716,3.0689790000000001,169.580533
1.8055008581584002,1.5661287621336399,3,1,1,20,2,1.380917,1.3131699999999999,2.9392990000000001,88.692464999999999
1.8007170782823851,1.7794912878726901,4,5,3,20,3,1.4527939999999999,1.3822369999999999,2.776742,110.92294200000001
1.7993405494535817,-0.62592186811187001,4,1,1,20,4,1.5849629999999999,2.1435900000000001,3.3551799999999998,234.891864
1.7923916894982539,0.34068166377685599,3,1,1,20,2,1.5849629999999999,2.1435900000000001,3.3551799999999998,234.891864
1.7888751157754168,1.6970657496916299,4,5,3,20,4,1.4527939999999999,1.3822369999999999,2.776742,110.92294200000001
1.7888751157754168,1.62833086670311,4,6,3,23,1,1.4527939999999999,1.3822369999999999,2.776742,110.92294200000001
1.7880976333802974,1.76704523143505,3,6,1,20,2,1.626166,1.395489,3.3213059999999999,84.295136999999997
1.7831886910752577,1.7890646525129701,3,6,1,10,2,1.8894820000000001,1.576716,3.0689790000000001,169.580533
1.7789467279686166,1.69707826518309,3,6,1,20,1,1.4364239999999999,1.360177,3.2685879999999998,78.495012000000003
1.7781512503836436,1.69193105892919,1,6,1,20,1,1.285285,1.336076,2.9040379999999999,85.915459999999996
1.7781512503836436,1.26587032823347,2,5,1,24,4,1.287506,1.3277080000000001,3.279455,96.504986000000002
1.7768225835554723,1.7924125395738599,4,1,1,10,3,1.369745,1.38405,2.9881549999999999,123.77092399999999
1.7705158554242733,2.2484237053599401,4,1,1,22,2,1.5954619999999999,1.3889940000000001,2.2771409999999999,54.191592
1.7705158554242733,2.2484237053599401,4,1,1,22,2,1.5954619999999999,1.3889940000000001,2.2771409999999999,54.191592
1.7705158554242733,2.2484237053599401,4,1,1,22,2,1.5954619999999999,1.3889940000000001,2.2771409999999999,54.191592
1.7649229846498886,1.6769661913788301,3,6,3,22,2,1.3971899999999999,1.3250919999999999,3.667243,139.10991999999999
1.7642508754387733,1.72031512368814,1,6,1,17,2,1.2515350000000001,1.3367059999999999,2.6866500000000002,74.196158999999994
1.7565029853330931,1.6246188332679901,4,5,1,22,3,1.7381489999999999,1.5608439999999999,1.400379,71.967768000000007
1.7565029853330931,1.6246188332679901,4,5,1,22,3,1.7381489999999999,1.5608439999999999,1.400379,71.967768000000007
1.7565029853330931,1.6246188332679901,4,5,1,22,3,1.7381489999999999,1.5608439999999999,1.400379,71.967768000000007
1.7564614517618349,1.67677325468639,3,6,1,10,1,1.285285,1.336076,2.9040379999999999,85.915459999999996
1.7558748556724915,1.61176787309395,3,6,1,10,1,1.839491,1.515236,2.5682390000000002,9.1847700000000003
1.7558748556724915,1.28511597009178,5,2,1,20,1,1.839491,1.515236,2.5682390000000002,9.1847700000000003
1.7520484478194385,1.6942639969639599,3,1,1,10,2,1.285285,1.336076,2.9040379999999999,85.915459999999996
1.7508168426497546,1.46130095580399,3,1,1,10,2,1.5954619999999999,1.3889940000000001,2.2771409999999999,54.191592
1.7505083948513462,2.2027483384897701,1,6,1,10,3,1.7986329999999999,1.43486,3.3119610000000002,101.279689
1.7505083948513462,1.75239648721884,1,1,3,19,3,1.285285,1.336076,2.9040379999999999,85.915459999999996
1.7481880270062005,1.69193105892919,1,6,1,20,1,1.285285,1.336076,2.9040379999999999,85.915459999999996
1.7450747915820575,1.7670887039291201,3,1,1,10,2,1.8894820000000001,1.576716,3.0689790000000001,169.580533
1.7441173126498635,1.82209741137551,3,1,1,10,1,1.5954619999999999,1.3889940000000001,2.2771409999999999,54.191592
1.7403626894942439,1.5855281462574,5,6,1,10,2,1.839491,1.515236,2.5682390000000002,9.1847700000000003
1.7363965022766426,1.8583377420198,3,6,1,10,2,1.8352379999999999,1.5557609999999999,2.1424759999999998,68.227231000000003
1.7323941217348859,1.7498285585286999,2,1,1,22,2,1.7381489999999999,1.5608439999999999,1.400379,71.967768000000007
1.7323941217348859,1.73563816719763,2,1,1,22,4,1.7381489999999999,1.5608439999999999,1.400379,71.967768000000007
1.7323941217348859,1.7498285585286999,2,1,1,22,2,1.7381489999999999,1.5608439999999999,1.400379,71.967768000000007
1.7323941217348859,1.7498285585286999,2,1,1,22,2,1.7381489999999999,1.5608439999999999,1.400379,71.967768000000007
1.7323941217348859,1.73563816719763,2,1,1,22,4,1.7381489999999999,1.5608439999999999,1.400379,71.967768000000007
1.7323941217348859,1.73563816719763,2,1,1,22,4,1.7381489999999999,1.5608439999999999,1.400379,71.967768000000007
1.7323941217348859,1.7498285585286999,2,1,1,22,2,1.7381489999999999,1.5608439999999999,1.400379,71.967768000000007
1.7323941217348859,1.73563816719763,2,1,1,22,4,1.7381489999999999,1.5608439999999999,1.400379,71.967768000000007
1.7323941217348859,1.73563816719763,2,1,1,22,4,1.7381489999999999,1.5608439999999999,1.400379,71.967768000000007
1.7323941217348859,1.73563816719763,2,1,1,22,4,1.7381489999999999,1.5608439999999999,1.400379,71.967768000000007
1.7323941217348859,1.73563816719763,2,1,1,22,4,1.7381489999999999,1.5608439999999999,1.400379,71.967768000000007
1.7323941217348859,1.7498285585286999,2,1,1,22,2,1.7381489999999999,1.5608439999999999,1.400379,71.967768000000007
1.7323941217348859,1.73563816719763,2,1,1,22,4,1.7381489999999999,1.5608439999999999,1.400379,71.967768000000007
1.7323941217348859,1.73563816719763,2,1,1,22,4,1.7381489999999999,1.5608439999999999,1.400379,71.967768000000007
1.7323941217348859,1.73563816719763,2,1,1,22,4,1.7381489999999999,1.5608439999999999,1.400379,71.967768000000007
1.7323941217348859,1.73563816719763,2,1,1,22,4,1.7381489999999999,1.5608439999999999,1.400379,71.967768000000007
1.7323941217348859,1.7498285585286999,2,1,1,22,2,1.7381489999999999,1.5608439999999999,1.400379,71.967768000000007
1.7323941217348859,1.73563816719763,2,1,1,22,4,1.7381489999999999,1.5608439999999999,1.400379,71.967768000000007
1.7323941217348859,1.73563816719763,2,1,1,22,4,1.7381489999999999,1.5608439999999999,1.400379,71.967768000000007
1.7323941217348859,1.73563816719763,2,1,1,22,4,1.7381489999999999,1.5608439999999999,1.400379,71.967768000000007
1.7323941217348859,1.73563816719763,2,1,1,22,4,1.7381489999999999,1.5608439999999999,1.400379,71.967768000000007
1.7323941217348859,1.73563816719763,2,1,1,22,4,1.7381489999999999,1.5608439999999999,1.400379,71.967768000000007
1.7323941217348859,1.73563816719763,2,1,1,22,4,1.7381489999999999,1.5608439999999999,1.400379,71.967768000000007
1.7323941217348859,1.73563816719763,2,1,1,22,4,1.7381489999999999,1.5608439999999999,1.400379,71.967768000000007
1.7323941217348859,1.73563816719763,2,1,1,22,4,1.7381489999999999,1.5608439999999999,1.400379,71.967768000000007
1.7323941217348859,1.73563816719763,2,1,1,22,4,1.7381489999999999,1.5608439999999999,1.400379,71.967768000000007
1.7323941217348859,1.73563816719763,2,1,1,22,4,1.7381489999999999,1.5608439999999999,1.400379,71.967768000000007
1.7323941217348859,1.73563816719763,2,1,1,22,4,1.7381489999999999,1.5608439999999999,1.400379,71.967768000000007
1.7323941217348859,1.7498285585286999,2,1,1,22,2,1.7381489999999999,1.5608439999999999,1.400379,71.967768000000007
1.7323941217348859,1.7498285585286999,2,1,1,22,2,1.7381489999999999,1.5608439999999999,1.400379,71.967768000000007
1.7323941217348859,1.73563816719763,2,1,1,22,4,1.7381489999999999,1.5608439999999999,1.400379,71.967768000000007
1.7323941217348859,1.73563816719763,2,1,1,22,4,1.7381489999999999,1.5608439999999999,1.400379,71.967768000000007
1.7323941217348859,1.73563816719763,2,1,1,22,4,1.7381489999999999,1.5608439999999999,1.400379,71.967768000000007
1.7323941217348859,1.74683763520901,2,1,1,23,4,1.7381489999999999,1.5608439999999999,1.400379,71.967768000000007
1.7323941217348859,1.74683763520901,2,1,1,23,4,1.7381489999999999,1.5608439999999999,1.400379,71.967768000000007
1.7323941217348859,1.74683763520901,2,1,1,23,4,1.7381489999999999,1.5608439999999999,1.400379,71.967768000000007
1.7323941217348859,1.74683763520901,2,1,1,23,4,1.7381489999999999,1.5608439999999999,1.400379,71.967768000000007
1.7323941217348859,1.74683763520901,2,1,1,23,4,1.7381489999999999,1.5608439999999999,1.400379,71.967768000000007
1.7323941217348859,1.74683763520901,2,1,1,23,4,1.7381489999999999,1.5608439999999999,1.400379,71.967768000000007
1.731346975545955,1.82209741137551,3,1,1,10,1,1.5954619999999999,1.3889940000000001,2.2771409999999999,54.191592
1.7297234628100298,1.70148257344627,4,6,1,10,2.8332999999999999,1.632903,1.4576119999999999,3.2789060000000001,155.92872800000001
1.7259116322950483,1.9809279823872801,1,1,3,19,1,1.4527939999999999,1.3822369999999999,2.776742,110.92294200000001
1.7237839369653294,1.72031512368814,1,6,1,17,2,1.2515350000000001,1.3367059999999999,2.6866500000000002,74.196158999999994
1.7185016888672742,1.6133176268295599,3,6,1,10,1,1.5954619999999999,1.3889940000000001,2.2771409999999999,54.191592
1.7176705030022621,1.79109517794304,3,6,1,20,1,1.660533,1.393,2.6647180000000001,35.058723999999998
1.7137131774449883,1.5863287418252601,4,6,1,22,0.125,1.3543559999999999,1.437182,3.29264,211.586873
1.7137131774449883,1.5863287418252601,4,6,1,22,0.125,1.3543559999999999,1.437182,3.29264,211.586873
1.7137131774449883,1.5863287418252601,4,6,1,22,0.125,1.3543559999999999,1.437182,3.29264,211.586873
1.7137131774449883,1.5863287418252601,4,6,1,22,0.125,1.3543559999999999,1.437182,3.29264,211.586873
1.7137131774449883,1.1176981556529499,4,6,1,23,0.125,1.3543559999999999,1.437182,3.29264,211.586873
1.7137131774449883,1.1176981556529499,4,6,1,23,0.125,1.3543559999999999,1.437182,3.29264,211.586873
1.711807229041191,1.62192466687676,3,1,1,23,1,1.5954619999999999,1.3889940000000001,2.2771409999999999,54.191592
1.711807229041191,1.78240887551175,3,1,1,22,1,1.5954619999999999,1.3889940000000001,2.2771409999999999,54.191592
1.7109631189952756,1.6714461804518901,3,1,1,10,2,1.2515350000000001,1.3367059999999999,2.6866500000000002,74.196158999999994
1.7081825251915621,1.48144384143862,4,6,1,20,2.8332999999999999,1.2787900000000001,1.3205070000000001,2.8506490000000002,124.62446799999999
1.7055216134226672,1.2976149083244799,4,6,1,23,0.125,1.716534,1.4426460000000001,3.3251029999999999,128.763285
1.7055216134226672,1.2976149083244799,4,6,1,23,0.125,1.716534,1.4426460000000001,3.3251029999999999,128.763285
1.7055216134226672,1.2976149083244799,4,6,1,23,0.125,1.716534,1.4426460000000001,3.3251029999999999,128.763285
1.7000110623221123,1.28996278639035,3,6,1,10,1,1.4653609999999999,1.4271160000000001,3.3460960000000002,177.699433
1.6989700043360187,1.3294555746797101,1,1,3,22,1,1.4527939999999999,1.3822369999999999,2.776742,110.92294200000001
1.6989700043360187,1.22054644991895,1,1,3,23,2,1.4527939999999999,1.3822369999999999,2.776742,110.92294200000001
1.6989700043360187,1.13677103980187,1,1,3,23,3,1.4527939999999999,1.3822369999999999,2.776742,110.92294200000001
1.6989700043360187,0.97742078832159696,1,1,3,23,1,1.4527939999999999,1.3822369999999999,2.776742,110.92294200000001
1.6989700043360187,1.89202406041949,4,1,1,24,4,1.7283329999999999,1.5589489999999999,3.068981,163.77571
1.6989700043360187,1.1787050074343099,2,5,1,24,4,1.516354,1.3744959999999999,3.6578080000000002,195.77525800000001
1.6989700043360187,0.47799158596317098,4,5,1,22,4,1.632903,1.4576119999999999,3.2789060000000001,155.92872800000001
1.6989700043360187,0.804335960692524,4,5,1,23,3,1.632903,1.4576119999999999,3.2789060000000001,155.92872800000001
1.6989700043360187,0.95110000477308698,4,5,1,23,3,1.361912,1.3709640000000001,2.8800050000000001,91.050552999999994
1.6989700043360187,1.1089708300649299,4,5,1,22,4,1.7986329999999999,1.43486,3.3119610000000002,101.279689
1.6989700043360187,1.5093849696457999,4,6,1,22,0.017399999999999999,1.485552,1.3247770000000001,3.3246410000000002,71.789959999999994
1.6989700043360187,1.41366830283209,4,6,1,23,0.017399999999999999,1.485552,1.3247770000000001,3.3246410000000002,71.789959999999994
1.6989700043360187,1.4824412891741701,3,6,1,10,2,1.839491,1.515236,2.5682390000000002,9.1847700000000003
1.6989700043360187,1.76704523143505,3,6,1,20,2,1.626166,1.395489,3.3213059999999999,84.295136999999997
1.6989700043360187,1.6133176268295599,3,6,1,10,1,1.5954619999999999,1.3889940000000001,2.2771409999999999,54.191592
1.6989700043360187,1.6042141300365,3,6,3,10,2,1.3971899999999999,1.3250919999999999,3.667243,139.10991999999999
1.6989700043360187,1.7121631430103801,3,6,3,20,2,1.3971899999999999,1.3250919999999999,3.667243,139.10991999999999
1.6989700043360187,1.7121631430103801,3,6,3,20,2,1.3971899999999999,1.3250919999999999,3.667243,139.10991999999999
1.6989700043360187,1.7121631430103801,3,6,3,20,2,1.3971899999999999,1.3250919999999999,3.667243,139.10991999999999
1.6989700043360187,1.7121631430103801,3,6,3,20,2,1.3971899999999999,1.3250919999999999,3.667243,139.10991999999999
1.6989700043360187,1.6769661913788301,3,6,3,22,2,1.3971899999999999,1.3250919999999999,3.667243,139.10991999999999
1.6989700043360187,1.6769661913788301,3,6,3,22,2,1.3971899999999999,1.3250919999999999,3.667243,139.10991999999999
1.6989700043360187,1.6769661913788301,3,6,3,22,2,1.3971899999999999,1.3250919999999999,3.667243,139.10991999999999
1.6989700043360187,1.57286643146918,3,6,3,22,1,1.3971899999999999,1.3250919999999999,3.667243,139.10991999999999
1.6989700043360187,1.35321468278999,3,6,3,23,2,1.3971899999999999,1.3250919999999999,3.667243,139.10991999999999
1.6972293427597176,1.6042141300365,3,6,3,10,2,1.3971899999999999,1.3250919999999999,3.667243,139.10991999999999
1.6960067152185454,1.76704523143505,3,6,1,20,2,1.626166,1.395489,3.3213059999999999,84.295136999999997
1.6954816764901974,1.90779944699709,2,5,1,20,4,1.5954619999999999,1.3889940000000001,2.2771409999999999,54.191592
1.6937269489236468,1.6594878832745801,2,5,1,12,4,1.2515350000000001,1.3367059999999999,2.6866500000000002,74.196158999999994
1.6857417386022637,1.7670887039291201,3,1,1,10,2,1.8894820000000001,1.576716,3.0689790000000001,169.580533
1.6839471307515121,1.6172584577548299,3,6,1,10,1,1.4364239999999999,1.360177,3.2685879999999998,78.495012000000003
1.6830470382388496,1.72031512368814,1,6,1,17,2,1.2515350000000001,1.3367059999999999,2.6866500000000002,74.196158999999994
1.6627578316815741,0.63668933440081799,4,6,1,20,4,1.776553,1.5190509999999999,3.3022420000000001,154.74236099999999
1.6627578316815741,1.4824412891741701,3,6,1,10,2,1.839491,1.515236,2.5682390000000002,9.1847700000000003
1.6618126855372612,1.6133176268295599,3,6,1,10,1,1.5954619999999999,1.3889940000000001,2.2771409999999999,54.191592
1.6615287401319825,1.8452838172732799,4,6,1,20,4,1.4527939999999999,1.3822369999999999,2.776742,110.92294200000001
1.6541765418779606,1.51541944568869,1,6,1,10,3,1.842371,1.4345570000000001,2.3982290000000002,24.634169
1.6532125137753437,1.6391412102113101,3,6,1,10,2,1.2515350000000001,1.3367059999999999,2.6866500000000002,74.196158999999994
1.6532125137753437,1.53115285755747,3,6,1,10,1,1.2515350000000001,1.3367059999999999,2.6866500000000002,74.196158999999994
1.6532125137753437,1.5022321221243,3,1,1,23,2,1.8894820000000001,1.576716,3.0689790000000001,169.580533
1.628975526139655,1.60807829394674,3,6,1,10,2,1.285285,1.336076,2.9040379999999999,85.915459999999996
1.6242820958356683,1.6924617726300399,3,1,1,10,2,1.8431759999999999,1.4557500000000001,3.8013340000000002,7.8246370000000001
1.6232492903979006,1.31180887054599,1,6,1,20,1,1.361912,1.3709640000000001,2.8800050000000001,91.050552999999994
1.6128185988886194,1.6310909795161499,3,6,1,20,1,1.5866450000000001,1.4455169999999999,3.158649,145.55060700000001
1.608526033577194,1.6133176268295599,3,6,1,10,1,1.5954619999999999,1.3889940000000001,2.2771409999999999,54.191592
1.6063813651106049,1.51541944568869,1,6,1,10,3,1.842371,1.4345570000000001,2.3982290000000002,24.634169
1.6020599913279623,1.31180887054599,1,6,1,20,1,1.361912,1.3709640000000001,2.8800050000000001,91.050552999999994
1.6020599913279623,1.4213129333394501,1,6,1,20,1,1.589418,1.380179,3.065477,117.696934
1.6020599913279623,1.2967632280977399,1,6,1,22,3,1.66703,1.3600920000000001,2.9895390000000002,89.512066000000004
1.6020599913279623,1.6391412102113101,3,6,1,10,2,1.2515350000000001,1.3367059999999999,2.6866500000000002,74.196158999999994
1.6020599913279623,1.53115285755747,3,6,1,10,1,1.2515350000000001,1.3367059999999999,2.6866500000000002,74.196158999999994
1.6020599913279623,1.33302136766555,3,1,1,22,2,1.8894820000000001,1.576716,3.0689790000000001,169.580533
1.6020599913279623,1.83216402576342,3,6,1,22,1,1.4203760000000001,1.372806,2.6866500000000002,80.000981999999993
1.6020599913279623,1.83216402576342,3,6,1,22,1,1.4203760000000001,1.372806,2.6866500000000002,80.000981999999993
1.6020599913279623,1.8062494966540801,3,6,1,23,1,1.4203760000000001,1.372806,2.6866500000000002,80.000981999999993
1.6020599913279623,1.8062494966540801,3,6,1,23,1,1.4203760000000001,1.372806,2.6866500000000002,80.000981999999993
1.6009728956867482,1.6448499365503799,2,5,1,10,4,1.2515350000000001,1.3367059999999999,2.6866500000000002,74.196158999999994
1.6009728956867482,1.7670887039291201,3,1,1,10,2,1.8894820000000001,1.576716,3.0689790000000001,169.580533
1.5998830720736879,1.6133176268295599,3,6,1,10,1,1.5954619999999999,1.3889940000000001,2.2771409999999999,54.191592
1.5987905067631152,1.0627766309450699,3,6,1,10,2,1.5954619999999999,1.3889940000000001,2.2771409999999999,54.191592
1.5921767573958667,1.51541944568869,1,6,1,10,3,1.842371,1.4345570000000001,2.3982290000000002,24.634169
1.5888317255942073,1.51541944568869,1,6,1,10,3,1.842371,1.4345570000000001,2.3982290000000002,24.634169
1.5865873046717549,1.6133176268295599,3,6,1,10,1,1.5954619999999999,1.3889940000000001,2.2771409999999999,54.191592
1.5836521085420439,1.76704523143505,3,6,1,20,2,1.626166,1.395489,3.3213059999999999,84.295136999999997
1.5829719291048059,1.71108897804816,1,6,3,19,0.20830000000000001,1.5849629999999999,2.1435900000000001,3.3551799999999998,234.891864
1.5797835966168101,1.60931974771015,1,6,1,10,2,1.4364239999999999,1.360177,3.2685879999999998,78.495012000000003
1.5774917998372253,1.76704523143505,3,6,1,20,2,1.626166,1.395489,3.3213059999999999,84.295136999999997
1.5763413502057928,1.6042141300365,3,6,3,10,2,1.3971899999999999,1.3250919999999999,3.667243,139.10991999999999
1.5742628297070269,1.64960043634371,2,1,1,10,1,1.361912,1.3709640000000001,2.8800050000000001,91.050552999999994
1.5717274024491341,1.6310909795161499,3,6,1,20,1,1.5866450000000001,1.4455169999999999,3.158649,145.55060700000001
1.5669726574411194,0.43596163034964502,3,1,3,20,1,1.1303300000000001,1.3257829999999999,3.1790210000000001,127.716155
1.5658478186735176,1.1592585435042499,4,6,1,23,4,1.8431759999999999,1.4557500000000001,3.8013340000000002,7.8246370000000001
1.5615976751456988,1.4406464113734601,4,6,1,23,0.020799999999999999,1.724407,1.422526,3.254375,107.030928
1.5615976751456988,1.4406464113734601,4,6,1,23,0.020799999999999999,1.724407,1.422526,3.254375,107.030928
1.5563025007672873,1.4213129333394501,1,6,1,20,1,1.589418,1.380179,3.065477,117.696934
1.5563025007672873,1.5524383785198399,3,1,1,20,2,1.724334,1.354805,3.071949,68.540811000000005
1.5490032620257879,1.5615974603715099,4,5,1,20,4,1.4527939999999999,1.3822369999999999,2.776742,110.92294200000001
1.5490032620257879,1.63386206809811,4,5,1,20,2,1.4527939999999999,1.3822369999999999,2.776742,110.92294200000001
1.5462958351214424,-0.25412402598516098,4,5,1,22,4,1.285285,1.336076,2.9040379999999999,85.915459999999996
1.5440680443502757,0.73143168790778001,1,6,1,23,3,1.2515350000000001,1.3367059999999999,2.6866500000000002,74.196158999999994
1.5431985856376467,1.3301687362293499,5,5,1,20,2,1.839491,1.515236,2.5682390000000002,9.1847700000000003
1.5395022764259281,1.2053467394133,4,6,1,22,0.041700000000000001,1.657537,1.395187,3.220269,109.531142
1.5395022764259281,1.2567300867526801,4,6,1,23,0.0068999999999999999,1.657537,1.395187,3.220269,109.531142
1.5386329790437832,0.26520704895191399,1,6,1,10,1,1.776553,1.5190509999999999,3.3022420000000001,154.74236099999999
1.5346542357167368,1.6246188332679901,4,5,1,22,3,1.7381489999999999,1.5608439999999999,1.400379,71.967768000000007
1.5346542357167368,1.6246188332679901,4,5,1,22,3,1.7381489999999999,1.5608439999999999,1.400379,71.967768000000007
1.5327543789924978,1.6924617726300399,3,1,1,10,2,1.8431759999999999,1.4557500000000001,3.8013340000000002,7.8246370000000001
1.5327543789924978,1.6391412102113101,3,6,1,10,2,1.2515350000000001,1.3367059999999999,2.6866500000000002,74.196158999999994
1.5289167002776547,-0.73116538008777698,1,6,1,10,3,1.3971899999999999,1.3250919999999999,3.667243,139.10991999999999
1.5268559871258747,1.5280280373597399,3,6,1,20,1,1.389812,1.3200289999999999,3.6694290000000001,149.992977
1.5237464668115646,1.63268100406376,2,1,1,10,3,1.361912,1.3709640000000001,2.8800050000000001,91.050552999999994
1.5237464668115646,1.5831277209862,2,1,1,10,4,1.361912,1.3709640000000001,2.8800050000000001,91.050552999999994
1.5199309788960305,1.9547275873218499,4,5,1,10,3,1.7381489999999999,1.5608439999999999,1.400379,71.967768000000007
1.5118833609788744,1.0627766309450699,3,6,1,10,2,1.5954619999999999,1.3889940000000001,2.2771409999999999,54.191592
1.505149978319906,1.0936724204230099,3,2,1,20,2,1.839491,1.515236,2.5682390000000002,9.1847700000000003
1.505149978319906,1.3732006993266099,3,6,1,6,2,1.5954619999999999,1.3889940000000001,2.2771409999999999,54.191592
1.5044354324064455,1.1946794634111599,4,5,1,22,3.3332999999999999,1.484996,1.41821,3.3048950000000001,145.539736
1.5044354324064455,1.1946794634111599,4,5,1,22,3.3332999999999999,1.484996,1.41821,3.3048950000000001,145.539736
1.5044354324064455,0.75790753890419504,4,5,1,22,2,1.484996,1.41821,3.3048950000000001,145.539736
1.5044354324064455,1.12542909191317,4,5,1,23,3.3332999999999999,1.484996,1.41821,3.3048950000000001,145.539736
1.5031094366713693,1.76704523143505,3,6,1,20,2,1.626166,1.395489,3.3213059999999999,84.295136999999997
1.4925852115347495,1.60914854411999,4,6,1,20,0.83330000000000004,1.7121420000000001,1.424239,3.0732569999999999,121.52123400000001
1.4925852115347495,1.4373814753894201,4,6,1,20,1.8332999999999999,1.7121420000000001,1.424239,3.0732569999999999,121.52123400000001
1.4925852115347495,1.5095426504570999,4,6,1,20,2.8332999999999999,1.7121420000000001,1.424239,3.0732569999999999,121.52123400000001
1.4871383754771865,1.59142372833708,2,5,1,5,4,1.2515350000000001,1.3367059999999999,2.6866500000000002,74.196158999999994
1.4857214264815801,1.30121204816833,4,6,1,23,3,1.4527939999999999,1.3822369999999999,2.776742,110.92294200000001
1.482430491568179,1.0805338907936,4,5,1,20,1,1.1392770000000001,1.324916,3.1601300000000001,119.319778
1.481442628502305,1.6988768032661901,3,6,1,20,2,1.285285,1.336076,2.9040379999999999,85.915459999999996
1.4778444763387584,1.0336838090896401,1,6,3,10,1,1.5849629999999999,2.1435900000000001,3.3551799999999998,234.891864
1.4771212547196624,1.6161291558822599,2,5,1,22,4,1.5954619999999999,1.3889940000000001,2.2771409999999999,54.191592
1.4771212547196624,0.60096894813031099,2,5,1,22,4,1.2515350000000001,1.3367059999999999,2.6866500000000002,74.196158999999994
1.4771212547196624,1.0839886702233501,2,5,1,22,4,1.516354,1.3744959999999999,3.6578080000000002,195.77525800000001
1.4771212547196624,1.33302136766555,3,1,1,22,2,1.8894820000000001,1.576716,3.0689790000000001,169.580533
1.4771212547196624,1.5022321221243,3,1,1,23,2,1.8894820000000001,1.576716,3.0689790000000001,169.580533
1.4742162640762553,0.91304662736942199,3,5,1,20,2,1.365961,1.3374999999999999,2.9817149999999999,101.07158699999999
1.4727564493172123,1.61784966543567,1,1,1,19,3,1.285285,1.336076,2.9040379999999999,85.915459999999996
1.4717073197542503,1.51235281999009,3,6,1,20,1,1.5954619999999999,1.3889940000000001,2.2771409999999999,54.191592
1.4710670681422247,1.43952444009424,3,1,1,20,2,1.4697420000000001,1.3272010000000001,3.7320989999999998,296.81965000000002
1.469822015978163,1.3649331556422699,2,5,1,12,4,1.516354,1.3744959999999999,3.6578080000000002,195.77525800000001
1.4653828514484182,1.51285528345946,3,6,3,10,1,1.3971899999999999,1.3250919999999999,3.667243,139.10991999999999
1.4554729896691121,1.6246188332679901,4,5,1,22,3,1.7381489999999999,1.5608439999999999,1.400379,71.967768000000007
1.4554539687786281,-0.52427109689218199,3,6,3,20,1,1.5849629999999999,2.1435900000000001,3.3551799999999998,234.891864
1.4471580313422192,1.19789504603743,3,1,1,10,2,1.5937429999999999,1.3971560000000001,3.3963369999999999,173.37441000000001
1.4471580313422192,1.5227510097322201,3,1,1,20,2,1.735473,1.37564,3.1109100000000001,81.052893999999995
1.4409090820652177,1.29601368711014,2,5,1,12,4,1.287506,1.3277080000000001,3.279455,96.504986000000002
1.4388586594205619,1.1707413652643801,4,6,1,20,4,1.285285,1.336076,2.9040379999999999,85.915459999999996
1.4331295175804855,1.51855884250423,4,1,1,20,1.5,1.8894820000000001,1.576716,3.0689790000000001,169.580533
1.4138832381295645,1.69396758730051,4,6,1,22,1.5,1.365961,1.3374999999999999,2.9817149999999999,101.07158699999999
1.4138832381295645,1.4220350162851401,4,6,1,22,0.020799999999999999,1.365961,1.3374999999999999,2.9817149999999999,101.07158699999999
1.4138832381295645,1.4220350162851401,4,6,1,22,0.020799999999999999,1.365961,1.3374999999999999,2.9817149999999999,101.07158699999999
1.4138832381295645,1.4220350162851401,4,6,1,22,0.020799999999999999,1.365961,1.3374999999999999,2.9817149999999999,101.07158699999999
1.4138832381295645,1.38760143557466,4,6,1,23,0.020799999999999999,1.365961,1.3374999999999999,2.9817149999999999,101.07158699999999
1.4138832381295645,1.51262804853484,4,6,1,22,1,1.365961,1.3374999999999999,2.9817149999999999,101.07158699999999
1.4138832381295645,1.3646222053071699,4,6,1,23,1,1.365961,1.3374999999999999,2.9817149999999999,101.07158699999999
1.4138832381295645,1.29735699989872,4,6,1,23,0.083299999999999999,1.365961,1.3374999999999999,2.9817149999999999,101.07158699999999
1.4107772333772097,1.62192466687676,3,1,1,23,1,1.5954619999999999,1.3889940000000001,2.2771409999999999,54.191592
1.4102709642521845,1.3485513769162101,3,6,1,10,1,1.389812,1.3200289999999999,3.6694290000000001,149.992977
1.4082399653118496,1.14603506306805,4,5,1,20,2,1.5937429999999999,1.3971560000000001,3.3963369999999999,173.37441000000001
1.4065401804339552,1.19724702644209,1,6,1,23,3,1.66703,1.3600920000000001,2.9895390000000002,89.512066000000004
1.3979400086720377,1.1089708300649299,4,5,1,22,4,1.7986329999999999,1.43486,3.3119610000000002,101.279689
1.3979400086720377,1.7628890985677399,4,5,1,23,4,1.7986329999999999,1.43486,3.3119610000000002,101.279689
1.3979400086720377,1.35321468278999,3,6,3,23,2,1.3971899999999999,1.3250919999999999,3.667243,139.10991999999999
1.3979400086720377,1.3895708989081099,3,6,3,23,1,1.3971899999999999,1.3250919999999999,3.667243,139.10991999999999
1.3839853679656493,2.2322178863771902,3,6,1,10,1,1.3741239999999999,1.341299,3.673381,97.530105000000006
1.3802112417116059,1.5260561575531599,3,6,1,20,2,1.3971899999999999,1.3250919999999999,3.667243,139.10991999999999
1.3802112417116059,1.5260561575531599,3,6,1,20,2,1.3971899999999999,1.3250919999999999,3.667243,139.10991999999999
1.3802112417116059,1.0442890582362701,3,1,1,24,1,1.365961,1.3374999999999999,2.9817149999999999,101.07158699999999
1.3734142794547426,1.12303524976058,1,6,1,22,2,1.4527939999999999,1.3822369999999999,2.776742,110.92294200000001
1.3734142794547426,1.4317264120316699,1,6,1,23,1,1.4527939999999999,1.3822369999999999,2.776742,110.92294200000001
1.3636119798921444,1.34006745902071,2,5,1,10,4,1.516354,1.3744959999999999,3.6578080000000002,195.77525800000001
1.3634239329171762,1.2852077760753,4,5,1,20,1,1.285285,1.336076,2.9040379999999999,85.915459999999996
1.3617278360175928,1.36204000456923,1,6,1,5,2,1.4364239999999999,1.360177,3.2685879999999998,78.495012000000003
1.3588862044058692,1.60807829394674,3,6,1,10,2,1.285285,1.336076,2.9040379999999999,85.915459999999996
1.3585629766610556,0.18008484102276301,4,5,1,23,3,1.7381489999999999,1.5608439999999999,1.400379,71.967768000000007
1.356386057406781,1.6431861136536801,4,5,1,5,3,1.7381489999999999,1.5608439999999999,1.400379,71.967768000000007
1.3560258571931227,1.6042141300365,3,6,3,10,2,1.3971899999999999,1.3250919999999999,3.667243,139.10991999999999
1.3521825181113625,0.53878570458894604,3,6,1,10,0.083299999999999999,1.5849629999999999,2.1435900000000001,3.3551799999999998,234.891864
1.351216345339342,1.3335228334562399,3,6,1,10,1,1.3971899999999999,1.3250919999999999,3.667243,139.10991999999999
1.3508292735829677,1.31126798910478,4,6,1,20,2,1.285285,1.336076,2.9040379999999999,85.915459999999996
1.3451776165427041,-0.52427109689218199,3,6,3,20,1,1.5849629999999999,2.1435900000000001,3.3551799999999998,234.891864
1.3418300569205104,1.2811786428530401,4,5,1,20,2,1.285285,1.336076,2.9040379999999999,85.915459999999996
1.3416323357780544,1.43495784046649,4,6,1,20,1,1.285285,1.336076,2.9040379999999999,85.915459999999996
1.3374592612906562,1.47987597560989,4,1,1,20,2,1.8894820000000001,1.576716,3.0689790000000001,169.580533
1.3344537511509309,1.21533913876713,4,6,1,20,2,1.776553,1.5190509999999999,3.3022420000000001,154.74236099999999
1.3283796034387378,1.21533913876713,4,6,1,20,2,1.776553,1.5190509999999999,3.3022420000000001,154.74236099999999
1.3270459252149907,1.6476035501581601,4,6,1,2,3,1.7381489999999999,1.5608439999999999,1.400379,71.967768000000007
1.3251049829714074,1.43495784046649,4,6,1,20,1,1.285285,1.336076,2.9040379999999999,85.915459999999996
1.3222192947339193,0.63668933440081799,4,6,1,20,4,1.776553,1.5190509999999999,3.3022420000000001,154.74236099999999
1.3117538610557542,1.2811957546447701,2,5,1,10,4,1.287506,1.3277080000000001,3.279455,96.504986000000002
1.3104456036024317,1.38403204220265,4,1,1,22,2,1.716534,1.4426460000000001,3.3251029999999999,128.763285
1.3104456036024317,1.38403204220265,4,1,1,22,2,1.716534,1.4426460000000001,3.3251029999999999,128.763285
1.3096301674258988,1.21533913876713,4,6,1,20,2,1.776553,1.5190509999999999,3.3022420000000001,154.74236099999999
1.3031960574204888,1.639126621605,2,5,1,10,4,1.5954619999999999,1.3889940000000001,2.2771409999999999,54.191592
1.3031960574204888,0.078108246315041693,3,6,1,20,2,1.5954619999999999,1.3889940000000001,2.2771409999999999,54.191592
1.3010299956639813,1.3488345882777799,1,6,1,10,2,1.632903,1.4576119999999999,3.2789060000000001,155.92872800000001
1.3010299956639813,0.21446500915078201,4,6,1,22,0.083299999999999999,1.4527939999999999,1.3822369999999999,2.776742,110.92294200000001
1.3010299956639813,0.21446500915078201,4,6,1,22,0.083299999999999999,1.4527939999999999,1.3822369999999999,2.776742,110.92294200000001
1.3010299956639813,-0.019943640452506201,4,6,1,23,0.083299999999999999,1.4527939999999999,1.3822369999999999,2.776742,110.92294200000001
1.3010299956639813,1.13614450132475,2,5,1,23,4,1.2515350000000001,1.3367059999999999,2.6866500000000002,74.196158999999994
1.3010299956639813,1.0363199737901401,4,5,1,23,4,1.484996,1.41821,3.3048950000000001,145.539736
1.3010299956639813,0.60658148983667903,4,5,1,23,3,1.484996,1.41821,3.3048950000000001,145.539736
1.3010299956639813,0.83551923599544797,4,5,1,23,2,1.484996,1.41821,3.3048950000000001,145.539736
1.3010299956639813,1.3442626430007101,5,2,1,20,2,1.839491,1.515236,2.5682390000000002,9.1847700000000003
1.3010299956639813,1.50714888086052,3,1,3,20,1.6667000000000001,1.626166,1.395489,3.3213059999999999,84.295136999999997
1.3010299956639813,1.4560014319646,3,1,3,20,2,1.626166,1.395489,3.3213059999999999,84.295136999999997
1.3010299956639813,1.5022321221243,3,1,1,23,2,1.8894820000000001,1.576716,3.0689790000000001,169.580533
1.3010299956639813,1.8062494966540801,3,6,1,23,1,1.4203760000000001,1.372806,2.6866500000000002,80.000981999999993
1.3010299956639813,1.8062494966540801,3,6,1,23,1,1.4203760000000001,1.372806,2.6866500000000002,80.000981999999993
1.2988530764097066,1.5615974603715099,4,5,1,20,4,1.4527939999999999,1.3822369999999999,2.776742,110.92294200000001
1.2988530764097066,1.0866019936895299,4,5,1,22,4,1.4527939999999999,1.3822369999999999,2.776742,110.92294200000001
1.2988530764097066,1.0866019936895299,4,5,1,22,4,1.4527939999999999,1.3822369999999999,2.776742,110.92294200000001
1.2988530764097066,1.0866019936895299,4,5,1,22,4,1.4527939999999999,1.3822369999999999,2.776742,110.92294200000001
1.2988530764097066,1.0866019936895299,4,5,1,22,4,1.4527939999999999,1.3822369999999999,2.776742,110.92294200000001
1.2988530764097066,1.0866019936895299,4,5,1,22,4,1.4527939999999999,1.3822369999999999,2.776742,110.92294200000001
1.2988530764097066,1.0866019936895299,4,5,1,22,4,1.4527939999999999,1.3822369999999999,2.776742,110.92294200000001
1.2988530764097066,1.0866019936895299,4,5,1,22,4,1.4527939999999999,1.3822369999999999,2.776742,110.92294200000001
1.2988530764097066,1.0866019936895299,4,5,1,22,4,1.4527939999999999,1.3822369999999999,2.776742,110.92294200000001
1.2988530764097066,1.0866019936895299,4,5,1,22,4,1.4527939999999999,1.3822369999999999,2.776742,110.92294200000001
1.2988530764097066,1.0866019936895299,4,5,1,22,4,1.4527939999999999,1.3822369999999999,2.776742,110.92294200000001
1.2988530764097066,1.0866019936895299,4,5,1,22,4,1.4527939999999999,1.3822369999999999,2.776742,110.92294200000001
1.2988530764097066,1.0866019936895299,4,5,1,22,4,1.4527939999999999,1.3822369999999999,2.776742,110.92294200000001
1.2988530764097066,1.0866019936895299,4,5,1,22,4,1.4527939999999999,1.3822369999999999,2.776742,110.92294200000001
1.2988530764097066,1.0866019936895299,4,5,1,22,4,1.4527939999999999,1.3822369999999999,2.776742,110.92294200000001
1.2988530764097066,1.0866019936895299,4,5,1,22,4,1.4527939999999999,1.3822369999999999,2.776742,110.92294200000001
1.2988530764097066,1.0866019936895299,4,5,1,22,4,1.4527939999999999,1.3822369999999999,2.776742,110.92294200000001
1.2988530764097066,1.0866019936895299,4,5,1,22,4,1.4527939999999999,1.3822369999999999,2.776742,110.92294200000001
1.2988530764097066,1.0866019936895299,4,5,1,22,4,1.4527939999999999,1.3822369999999999,2.776742,110.92294200000001
1.2988530764097066,1.0866019936895299,4,5,1,22,4,1.4527939999999999,1.3822369999999999,2.776742,110.92294200000001
1.2988530764097066,1.0866019936895299,4,5,1,22,4,1.4527939999999999,1.3822369999999999,2.776742,110.92294200000001
1.2988530764097066,1.0866019936895299,4,5,1,22,4,1.4527939999999999,1.3822369999999999,2.776742,110.92294200000001
1.2988530764097066,1.0866019936895299,4,5,1,22,4,1.4527939999999999,1.3822369999999999,2.776742,110.92294200000001
1.2988530764097066,1.0866019936895299,4,5,1,22,4,1.4527939999999999,1.3822369999999999,2.776742,110.92294200000001
1.2988530764097066,1.0866019936895299,4,5,1,22,4,1.4527939999999999,1.3822369999999999,2.776742,110.92294200000001
1.2988530764097066,1.0866019936895299,4,5,1,22,4,1.4527939999999999,1.3822369999999999,2.776742,110.92294200000001
1.2988530764097066,1.0866019936895299,4,5,1,22,4,1.4527939999999999,1.3822369999999999,2.776742,110.92294200000001
1.2988530764097066,1.0866019936895299,4,5,1,22,4,1.4527939999999999,1.3822369999999999,2.776742,110.92294200000001
1.2988530764097066,0.76953844799073301,4,5,1,23,4,1.4527939999999999,1.3822369999999999,2.776742,110.92294200000001
1.2988530764097066,0.76953844799073301,4,5,1,23,4,1.4527939999999999,1.3822369999999999,2.776742,110.92294200000001
1.2988530764097066,0.76953844799073301,4,5,1,23,4,1.4527939999999999,1.3822369999999999,2.776742,110.92294200000001
1.2988530764097066,0.76953844799073301,4,5,1,23,4,1.4527939999999999,1.3822369999999999,2.776742,110.92294200000001
1.2988530764097066,0.76953844799073301,4,5,1,23,4,1.4527939999999999,1.3822369999999999,2.776742,110.92294200000001
1.2988530764097066,0.76953844799073301,4,5,1,23,4,1.4527939999999999,1.3822369999999999,2.776742,110.92294200000001
1.2988530764097066,0.76953844799073301,4,5,1,23,4,1.4527939999999999,1.3822369999999999,2.776742,110.92294200000001
1.2988530764097066,0.76953844799073301,4,5,1,23,4,1.4527939999999999,1.3822369999999999,2.776742,110.92294200000001
1.2988530764097066,0.76953844799073301,4,5,1,23,4,1.4527939999999999,1.3822369999999999,2.776742,110.92294200000001
1.2988530764097066,0.76953844799073301,4,5,1,23,4,1.4527939999999999,1.3822369999999999,2.776742,110.92294200000001
1.2988530764097066,0.76953844799073301,4,5,1,23,4,1.4527939999999999,1.3822369999999999,2.776742,110.92294200000001
1.2988530764097066,0.76953844799073301,4,5,1,23,4,1.4527939999999999,1.3822369999999999,2.776742,110.92294200000001
1.2988530764097066,0.76953844799073301,4,5,1,23,4,1.4527939999999999,1.3822369999999999,2.776742,110.92294200000001
1.2988530764097066,0.76953844799073301,4,5,1,23,4,1.4527939999999999,1.3822369999999999,2.776742,110.92294200000001
1.2988530764097066,0.76953844799073301,4,5,1,23,4,1.4527939999999999,1.3822369999999999,2.776742,110.92294200000001
1.2975416678181599,0.96469393410965698,1,6,1,10,3,1.4653609999999999,1.4271160000000001,3.3460960000000002,177.699433
1.2920344359947364,1.5242017473030001,3,6,1,20,1,1.2515350000000001,1.3367059999999999,2.6866500000000002,74.196158999999994
1.2900346113625181,1.52499186413554,1,6,3,10,0.041700000000000001,1.5849629999999999,2.1435900000000001,3.3551799999999998,234.891864
1.2891428359323331,1.2555747902072201,4,6,1,20,3,1.285285,1.336076,2.9040379999999999,85.915459999999996
1.2808059283936668,1.2555747902072201,4,6,1,20,3,1.285285,1.336076,2.9040379999999999,85.915459999999996
1.2787536009528289,0.32539054457466898,4,6,1,24,2,1.5849629999999999,2.1435900000000001,3.3551799999999998,234.891864
1.2713245581125721,-0.87019142094611901,4,5,3,22,4,1.285285,1.336076,2.9040379999999999,85.915459999999996
1.2713245581125721,0.46602574398847202,4,5,3,23,4,1.285285,1.336076,2.9040379999999999,85.915459999999996
1.2713245581125721,0.46602574398847202,4,5,3,23,4,1.285285,1.336076,2.9040379999999999,85.915459999999996
1.2713245581125721,0.46602574398847202,4,5,3,23,4,1.285285,1.336076,2.9040379999999999,85.915459999999996
1.2713245581125721,0.46602574398847202,4,5,3,23,4,1.285285,1.336076,2.9040379999999999,85.915459999999996
1.2709116394104811,1.3485513769162101,3,6,1,10,1,1.389812,1.3200289999999999,3.6694290000000001,149.992977
1.2576785748691846,1.2794320417752201,2,5,1,7,4,1.516354,1.3744959999999999,3.6578080000000002,195.77525800000001
1.2562232200945267,1.25640371491925,4,6,1,23,0.125,1.4697420000000001,1.3272010000000001,3.7320989999999998,296.81965000000002
1.2562232200945267,1.25640371491925,4,6,1,23,0.125,1.4697420000000001,1.3272010000000001,3.7320989999999998,296.81965000000002
1.2562232200945267,1.25640371491925,4,6,1,23,0.125,1.4697420000000001,1.3272010000000001,3.7320989999999998,296.81965000000002
1.2562232200945267,1.25640371491925,4,6,1,23,0.125,1.4697420000000001,1.3272010000000001,3.7320989999999998,296.81965000000002
1.2562232200945267,1.25640371491925,4,6,1,23,0.125,1.4697420000000001,1.3272010000000001,3.7320989999999998,296.81965000000002
1.255272505103306,0.76574477862266699,4,6,1,20,1,1.839491,1.515236,2.5682390000000002,9.1847700000000003
1.255272505103306,0.64639746983937896,4,6,1,20,2,1.839491,1.515236,2.5682390000000002,9.1847700000000003
1.2511513431753545,1.2443058861741101,3,5,1,20,2,1.839491,1.515236,2.5682390000000002,9.1847700000000003
1.2504200023088941,1.2794320417752201,2,5,1,5,4,1.516354,1.3744959999999999,3.6578080000000002,195.77525800000001
1.2474822606770544,1.48732712697374,3,6,1,20,1,1.3971899999999999,1.3250919999999999,3.667243,139.10991999999999
1.2430380486862944,1.3734179674935201,4,6,1,20,4,1.369745,1.38405,2.9881549999999999,123.77092399999999
1.2304489213782739,1.6457301897615999,3,6,1,10,2,1.369745,1.38405,2.9881549999999999,123.77092399999999
1.2304489213782739,1.6133176268295599,3,6,1,10,1,1.5954619999999999,1.3889940000000001,2.2771409999999999,54.191592
1.2303716039472776,0.25734316426906401,4,5,1,20,3,1.2072099999999999,1.324422,2.942002,58.832287000000001
1.2278867046136734,1.35321468278999,3,6,3,23,2,1.3971899999999999,1.3250919999999999,3.667243,139.10991999999999
1.209515014542631,1.2004283377601099,2,5,1,7,4,1.287506,1.3277080000000001,3.279455,96.504986000000002
1.2089785172762535,0.87973490081225902,3,6,1,10,2,1.776553,1.5190509999999999,3.3022420000000001,154.74236099999999
1.2083521406089728,1.3552154286220199,4,1,1,8,3,1.369745,1.38405,2.9881549999999999,123.77092399999999
1.2079035303860517,1.3891106390975601,3,6,1,20,1,1.632903,1.4576119999999999,3.2789060000000001,155.92872800000001
1.2041199826559248,-0.78094594408630402,4,6,1,20,4,1.5849629999999999,2.1435900000000001,3.3551799999999998,234.891864
1.2041199826559248,-0.61261017045525901,4,6,1,20,1,1.5849629999999999,2.1435900000000001,3.3551799999999998,234.891864
1.2041199826559248,1.3734179674935201,4,6,1,20,4,1.369745,1.38405,2.9881549999999999,123.77092399999999
1.2041199826559248,0.75790753890419504,4,5,1,22,2,1.484996,1.41821,3.3048950000000001,145.539736
1.2034054367424643,1.1946794634111599,4,5,1,22,3.3332999999999999,1.484996,1.41821,3.3048950000000001,145.539736
1.2034054367424643,1.1946794634111599,4,5,1,22,3.3332999999999999,1.484996,1.41821,3.3048950000000001,145.539736
1.2034054367424643,0.83551923599544797,4,5,1,23,2,1.484996,1.41821,3.3048950000000001,145.539736
1.2034054367424643,1.12542909191317,4,5,1,23,3.3332999999999999,1.484996,1.41821,3.3048950000000001,145.539736
1.2034054367424643,1.12542909191317,4,5,1,23,3.3332999999999999,1.484996,1.41821,3.3048950000000001,145.539736
1.2006346602751257,0.987956283830833,3,1,1,10,1,1.365961,1.3374999999999999,2.9817149999999999,101.07158699999999
1.1986570869544226,1.2477754755583099,3,1,3,20,2,1.7283329999999999,1.5589489999999999,3.068981,163.77571
1.1834091373163427,1.1130629883512799,4,6,1,24,2.5708000000000002,1.9644379999999999,1.475597,3.2604410000000001,123.87051099999999
1.1834091373163427,0.86715306225479405,4,6,1,22,2.5708000000000002,1.9644379999999999,1.475597,3.2604410000000001,123.87051099999999
1.1818435879447726,0.40496100205927599,3,1,1,5,2,1.8894820000000001,1.576716,3.0689790000000001,169.580533
1.1815577738627863,1.64780974533118,1,6,1,10,3,1.285285,1.336076,2.9040379999999999,85.915459999999996
1.1789769472931695,2.0094935212465099,1,6,1,8,3,1.7986329999999999,1.43486,3.3119610000000002,101.279689
1.1786892397755899,1.0383996623785801,4,5,1,10,4,1.285285,1.336076,2.9040379999999999,85.915459999999996
1.1760912590556813,1.1175586560990101,1,1,1,24,3,1.5849629999999999,2.1435900000000001,3.3551799999999998,234.891864
1.1760912590556813,1.1175586560990101,1,1,1,24,3,1.5849629999999999,2.1435900000000001,3.3551799999999998,234.891864
1.1760912590556813,1.1175586560990101,1,1,1,24,3,1.5849629999999999,2.1435900000000001,3.3551799999999998,234.891864
1.1760912590556813,1.02595828666208,1,1,1,24,1,1.5954619999999999,1.3889940000000001,2.2771409999999999,54.191592
1.1760912590556813,1.2083157503622,4,5,1,20,4,1.5937429999999999,1.3971560000000001,3.3963369999999999,173.37441000000001
1.1760912590556813,-0.87019142094611901,4,5,3,22,4,1.285285,1.336076,2.9040379999999999,85.915459999999996
1.1760912590556813,-0.87019142094611901,4,5,3,22,4,1.285285,1.336076,2.9040379999999999,85.915459999999996
1.1760912590556813,0.46602574398847202,4,5,3,23,4,1.285285,1.336076,2.9040379999999999,85.915459999999996
1.1760912590556813,0.46602574398847202,4,5,3,23,4,1.285285,1.336076,2.9040379999999999,85.915459999999996
1.1760912590556813,0.46602574398847202,4,5,3,23,4,1.285285,1.336076,2.9040379999999999,85.915459999999996
1.1760912590556813,0.46602574398847202,4,5,3,23,4,1.285285,1.336076,2.9040379999999999,85.915459999999996
1.1760912590556813,0.46602574398847202,4,5,3,23,4,1.285285,1.336076,2.9040379999999999,85.915459999999996
1.1760912590556813,0.46602574398847202,4,5,3,23,4,1.285285,1.336076,2.9040379999999999,85.915459999999996
1.1760912590556813,0.46602574398847202,4,5,3,23,4,1.285285,1.336076,2.9040379999999999,85.915459999999996
1.1760912590556813,0.46602574398847202,4,5,3,23,4,1.285285,1.336076,2.9040379999999999,85.915459999999996
1.1760912590556813,0.46602574398847202,4,5,3,23,4,1.285285,1.336076,2.9040379999999999,85.915459999999996
1.1760912590556813,0.46602574398847202,4,5,3,23,4,1.285285,1.336076,2.9040379999999999,85.915459999999996
1.1760912590556813,0.46602574398847202,4,5,3,23,4,1.285285,1.336076,2.9040379999999999,85.915459999999996
1.1760912590556813,0.46602574398847202,4,5,3,23,4,1.285285,1.336076,2.9040379999999999,85.915459999999996
1.1760912590556813,0.46602574398847202,4,5,3,23,4,1.285285,1.336076,2.9040379999999999,85.915459999999996
1.1760912590556813,0.46602574398847202,4,5,3,23,4,1.285285,1.336076,2.9040379999999999,85.915459999999996
1.1760912590556813,0.46602574398847202,4,5,3,23,4,1.285285,1.336076,2.9040379999999999,85.915459999999996
1.1760912590556813,0.46602574398847202,4,5,3,23,4,1.285285,1.336076,2.9040379999999999,85.915459999999996
1.1760912590556813,0.46602574398847202,4,5,3,23,4,1.285285,1.336076,2.9040379999999999,85.915459999999996
1.1760912590556813,0.46602574398847202,4,5,3,23,4,1.285285,1.336076,2.9040379999999999,85.915459999999996
1.1760912590556813,0.46602574398847202,4,5,3,23,4,1.285285,1.336076,2.9040379999999999,85.915459999999996
1.1760912590556813,0.46602574398847202,4,5,3,23,4,1.285285,1.336076,2.9040379999999999,85.915459999999996
1.1760912590556813,0.46602574398847202,4,5,3,23,4,1.285285,1.336076,2.9040379999999999,85.915459999999996
1.1760912590556813,0.46602574398847202,4,5,3,23,4,1.285285,1.336076,2.9040379999999999,85.915459999999996
1.1760912590556813,0.46602574398847202,4,5,3,23,4,1.285285,1.336076,2.9040379999999999,85.915459999999996
1.1760912590556813,0.46602574398847202,4,5,3,23,4,1.285285,1.336076,2.9040379999999999,85.915459999999996
1.1760912590556813,0.46602574398847202,4,5,3,23,4,1.285285,1.336076,2.9040379999999999,85.915459999999996
1.1760912590556813,0.46602574398847202,4,5,3,23,4,1.285285,1.336076,2.9040379999999999,85.915459999999996
1.1760912590556813,0.46602574398847202,4,5,3,23,4,1.285285,1.336076,2.9040379999999999,85.915459999999996
1.1760912590556813,0.46602574398847202,4,5,3,23,4,1.285285,1.336076,2.9040379999999999,85.915459999999996
1.1760912590556813,0.46602574398847202,4,5,3,23,4,1.285285,1.336076,2.9040379999999999,85.915459999999996
1.1760912590556813,0.46602574398847202,4,5,3,23,4,1.285285,1.336076,2.9040379999999999,85.915459999999996
1.1760912590556813,0.46602574398847202,4,5,3,23,4,1.285285,1.336076,2.9040379999999999,85.915459999999996
1.1760912590556813,0.46602574398847202,4,5,3,23,4,1.285285,1.336076,2.9040379999999999,85.915459999999996
1.1760912590556813,0.46602574398847202,4,5,3,23,4,1.285285,1.336076,2.9040379999999999,85.915459999999996
1.1760912590556813,0.53504664035798299,5,1,1,21,0.125,1.5849629999999999,2.1435900000000001,3.3551799999999998,234.891864
1.1705550585212086,-0.25412402598516098,4,5,1,22,4,1.285285,1.336076,2.9040379999999999,85.915459999999996
1.1705550585212086,0.43073579521657201,4,5,1,23,4,1.285285,1.336076,2.9040379999999999,85.915459999999996
1.1646502159342969,1.14287059153351,4,5,1,20,3,1.285285,1.336076,2.9040379999999999,85.915459999999996
1.1626115968945245,0.25966986306376399,3,6,1,10,1,1.5849629999999999,2.1435900000000001,3.3551799999999998,234.891864
1.1612077569480095,0.64148299727758096,1,6,1,14,1,1.484996,1.41821,3.3048950000000001,145.539736
1.1591232690487032,0.61141618073557302,3,1,3,20,1,1.5849629999999999,2.1435900000000001,3.3551799999999998,234.891864
1.1498346967157849,0.87973490081225902,3,6,1,10,2,1.776553,1.5190509999999999,3.3022420000000001,154.74236099999999
1.1490613057269385,1.1706823848486301,3,1,1,10,1,1.5866450000000001,1.4455169999999999,3.158649,145.55060700000001
1.1481830557170167,1.6310909795161499,3,6,1,20,1,1.5866450000000001,1.4455169999999999,3.158649,145.55060700000001
1.146128035678238,0.92221572226123905,2,6,1,20,1,1.5849629999999999,2.1435900000000001,3.3551799999999998,234.891864
1.146128035678238,0.89667868780023297,4,5,3,20,1,1.7283329999999999,1.5589489999999999,3.068981,163.77571
1.146128035678238,0.58199526979163196,2,6,1,23,3.875,1.2072099999999999,1.324422,2.942002,58.832287000000001
1.1415438342206532,1.04400824452648,4,5,1,20,2,1.1392770000000001,1.324916,3.1601300000000001,119.319778
1.1404026934233871,1.3003684235164199,4,6,1,10,2.8332999999999999,1.7121420000000001,1.424239,3.0732569999999999,121.52123400000001
1.1398790864012365,0.82310193667647003,3,1,1,20,1,1.365961,1.3374999999999999,2.9817149999999999,101.07158699999999
1.1378719645678825,1.29165863092359,4,5,1,10,4,1.4364239999999999,1.360177,3.2685879999999998,78.495012000000003
1.1367205671564067,0.92221572226123905,2,6,1,20,1,1.5849629999999999,2.1435900000000001,3.3551799999999998,234.891864
1.1205739312058498,0.63668933440081799,4,6,1,20,4,1.776553,1.5190509999999999,3.3022420000000001,154.74236099999999
1.1139433523068367,0.76366378891501796,1,6,1,10,2,1.776553,1.5190509999999999,3.3022420000000001,154.74236099999999
1.1139433523068367,0.92221572226123905,2,6,1,20,1,1.5849629999999999,2.1435900000000001,3.3551799999999998,234.891864
1.1139433523068367,-0.30228702311455002,4,6,1,20,2,1.5849629999999999,2.1435900000000001,3.3551799999999998,234.891864
1.1139433523068367,-0.61261017045525901,4,6,1,20,1,1.5849629999999999,2.1435900000000001,3.3551799999999998,234.891864
1.1139433523068367,-0.30228702311455002,4,6,1,20,2,1.5849629999999999,2.1435900000000001,3.3551799999999998,234.891864
1.1139433523068367,1.6133176268295599,3,6,1,10,1,1.5954619999999999,1.3889940000000001,2.2771409999999999,54.191592
1.1137769689489865,1.0187828265163801,1,6,1,23,2,1.4527939999999999,1.3822369999999999,2.776742,110.92294200000001
1.1136091510730279,1.31126798910478,4,6,1,20,2,1.285285,1.336076,2.9040379999999999,85.915459999999996
1.1099158630237933,1.3996291490036801,3,1,1,23,2,1.5954619999999999,1.3889940000000001,2.2771409999999999,54.191592
1.1038037209559568,1.71108897804816,1,6,3,19,0.20830000000000001,1.5849629999999999,2.1435900000000001,3.3551799999999998,234.891864
1.1038037209559568,1.2158114402198801,4,5,3,20,4,1.5866450000000001,1.4455169999999999,3.158649,145.55060700000001
1.1038037209559568,1.0627766309450699,3,6,1,10,2,1.5954619999999999,1.3889940000000001,2.2771409999999999,54.191592
1.0974966090973999,0.83745065926682005,1,6,1,23,3,1.285285,1.336076,2.9040379999999999,85.915459999999996
1.0969100130080565,1.51541944568869,1,6,1,10,3,1.842371,1.4345570000000001,2.3982290000000002,24.634169
1.0969100130080565,-0.26119338980745299,1,6,1,23,3,1.3971899999999999,1.3250919999999999,3.667243,139.10991999999999
1.0863598306747482,1.3561042622608801,3,6,3,20,2,1.5866450000000001,1.4455169999999999,3.158649,145.55060700000001
1.0845762779343311,-0.25412402598516098,4,5,1,22,4,1.285285,1.336076,2.9040379999999999,85.915459999999996
1.0845762779343311,0.43073579521657201,4,5,1,23,4,1.285285,1.336076,2.9040379999999999,85.915459999999996
1.0837955336392313,0.081409192089465995,1,6,1,10,1,1.484996,1.41821,3.3048950000000001,145.539736
1.0835026198302673,1.1649991752867299,4,5,1,10,2,1.285285,1.336076,2.9040379999999999,85.915459999999996
1.0791812460476249,0.85157698147526995,1,1,1,20,1,1.5954619999999999,1.3889940000000001,2.2771409999999999,54.191592
1.0791812460476249,0.83715219351238601,1,6,1,20,1,1.3971899999999999,1.3250919999999999,3.667243,139.10991999999999
1.0791812460476249,0.28377062794110702,4,6,1,24,1,1.5849629999999999,2.1435900000000001,3.3551799999999998,234.891864
1.0791812460476249,1.3696728777687399,4,5,1,20,4,1.369745,1.38405,2.9881549999999999,123.77092399999999
1.0777053971912702,1.0117074880007,3,6,1,10,1,1.5866450000000001,1.4455169999999999,3.158649,145.55060700000001
1.0737183503461227,1.46130095580399,3,1,1,10,2,1.5954619999999999,1.3889940000000001,2.2771409999999999,54.191592
1.0721307003344147,0.81417095533706196,3,6,1,20,1,1.776553,1.5190509999999999,3.3022420000000001,154.74236099999999
1.0569048513364727,1.0036491361887101,4,6,1,20,4,1.365961,1.3374999999999999,2.9817149999999999,101.07158699999999
1.0515383905153275,1.14287059153351,4,5,1,20,3,1.285285,1.336076,2.9040379999999999,85.915459999999996
1.0492180226701815,0.543581748312297,4,1,1,10,0.33329999999999999,1.5849629999999999,2.1435900000000001,3.3551799999999998,234.891864
1.0490288361409228,0.62300848765832395,4,5,3,20,2,1.2072099999999999,1.324422,2.942002,58.832287000000001
1.0468851908377101,1.1707413652643801,4,6,1,20,4,1.285285,1.336076,2.9040379999999999,85.915459999999996
1.0417873189717517,1.0705505683290999,4,5,1,20,4,1.285285,1.336076,2.9040379999999999,85.915459999999996
1.0413926851582251,-0.14601565730587701,4,6,1,24,4,1.5849629999999999,2.1435900000000001,3.3551799999999998,234.891864
1.0413926851582251,0.97921019422356803,3,6,1,23,2,1.4527939999999999,1.3822369999999999,2.776742,110.92294200000001
1.0413926851582251,0.97921019422356803,3,6,1,23,2,1.4527939999999999,1.3822369999999999,2.776742,110.92294200000001
1.0413926851582251,0.97921019422356803,3,6,1,23,2,1.4527939999999999,1.3822369999999999,2.776742,110.92294200000001
1.0413926851582251,0.97921019422356803,3,6,1,23,2,1.4527939999999999,1.3822369999999999,2.776742,110.92294200000001
1.0413926851582251,0.97921019422356803,3,6,1,23,2,1.4527939999999999,1.3822369999999999,2.776742,110.92294200000001
1.0413926851582251,0.97921019422356803,3,6,1,23,2,1.4527939999999999,1.3822369999999999,2.776742,110.92294200000001
1.0413926851582251,0.97921019422356803,3,6,1,23,2,1.4527939999999999,1.3822369999999999,2.776742,110.92294200000001
1.0413926851582251,0.97921019422356803,3,6,1,23,2,1.4527939999999999,1.3822369999999999,2.776742,110.92294200000001
1.0413926851582251,0.97921019422356803,3,6,1,23,2,1.4527939999999999,1.3822369999999999,2.776742,110.92294200000001
1.0413926851582251,0.97921019422356803,3,6,1,23,2,1.4527939999999999,1.3822369999999999,2.776742,110.92294200000001
1.0413926851582251,0.97921019422356803,3,6,1,23,2,1.4527939999999999,1.3822369999999999,2.776742,110.92294200000001
1.0413926851582251,0.97921019422356803,3,6,1,23,2,1.4527939999999999,1.3822369999999999,2.776742,110.92294200000001
1.0413926851582251,0.97921019422356803,3,6,1,23,2,1.4527939999999999,1.3822369999999999,2.776742,110.92294200000001
1.0413926851582251,0.97921019422356803,3,6,1,23,2,1.4527939999999999,1.3822369999999999,2.776742,110.92294200000001
1.0413926851582251,0.97921019422356803,3,6,1,23,2,1.4527939999999999,1.3822369999999999,2.776742,110.92294200000001
1.0374264979406236,1.02928137118029,4,5,3,20,3,1.7283329999999999,1.5589489999999999,3.068981,163.77571
1.0362295440862945,1.1707413652643801,4,6,1,20,4,1.285285,1.336076,2.9040379999999999,85.915459999999996
1.0211892990699381,-0.52427109689218199,3,6,3,20,1,1.5849629999999999,2.1435900000000001,3.3551799999999998,234.891864
1.0132586652835165,0.96392724375567995,3,6,1,20,1,1.365961,1.3374999999999999,2.9817149999999999,101.07158699999999
1.0107238653917732,0.95947151457625901,4,5,1,5,4,1.285285,1.336076,2.9040379999999999,85.915459999999996
1.0098756337121602,1.3335228334562399,3,6,1,10,1,1.3971899999999999,1.3250919999999999,3.667243,139.10991999999999
1.0086001717619175,0.26443783689029798,4,1,1,20,0.33329999999999999,1.5849629999999999,2.1435900000000001,3.3551799999999998,234.891864
1.0043213737826426,0.88996805317334104,4,6,3,23,1,1.7283329999999999,1.5589489999999999,3.068981,163.77571
1,0.97799066608389595,1,6,1,10,1,1.839491,1.515236,2.5682390000000002,9.1847700000000003
1,0.97799066608389595,1,6,1,10,1,1.839491,1.515236,2.5682390000000002,9.1847700000000003
1,0.97799066608389595,1,6,1,10,1,1.839491,1.515236,2.5682390000000002,9.1847700000000003
1,0.76956402740032703,1,6,1,10,2,1.839491,1.515236,2.5682390000000002,9.1847700000000003
1,0.83715219351238601,1,6,1,20,1,1.3971899999999999,1.3250919999999999,3.667243,139.10991999999999
1,0.46737021462998501,1,1,1,22,1,1.4527939999999999,1.3822369999999999,2.776742,110.92294200000001
1,1.21132545454615,1,1,3,22,2,1.4527939999999999,1.3822369999999999,2.776742,110.92294200000001
1,0.976871114114368,1,1,3,22,3,1.4527939999999999,1.3822369999999999,2.776742,110.92294200000001
1,1.21132545454615,1,1,3,22,2,1.4527939999999999,1.3822369999999999,2.776742,110.92294200000001
1,1.13677103980187,1,1,3,23,3,1.4527939999999999,1.3822369999999999,2.776742,110.92294200000001
1,0.97742078832159696,1,1,3,23,1,1.4527939999999999,1.3822369999999999,2.776742,110.92294200000001
1,0.76574477862266699,4,6,1,20,1,1.839491,1.515236,2.5682390000000002,9.1847700000000003
1,0.92347580065470303,4,5,1,24,4,1.776553,1.5190509999999999,3.3022420000000001,154.74236099999999
1,0.85387684285715704,4,6,1,22,0.75,1.632903,1.4576119999999999,3.2789060000000001,155.92872800000001
1,1.39484693812302,4,6,1,23,1.5,1.365961,1.3374999999999999,2.9817149999999999,101.07158699999999
1,0.28989070504093201,4,1,1,22,2,1.4930490000000001,1.413699,3.1771880000000001,139.585915
1,0.13155803461496199,4,5,1,22,2,1.8894820000000001,1.576716,3.0689790000000001,169.580533
1,0.75948813664658699,4,5,1,23,1,1.8894820000000001,1.576716,3.0689790000000001,169.580533
1,0.75948813664658699,4,5,1,23,1,1.8894820000000001,1.576716,3.0689790000000001,169.580533
1,0.79188904650903102,4,6,1,23,4,1.285285,1.336076,2.9040379999999999,85.915459999999996
1,0.79188904650903102,4,6,1,23,4,1.285285,1.336076,2.9040379999999999,85.915459999999996
1,0.79188904650903102,4,6,1,23,4,1.285285,1.336076,2.9040379999999999,85.915459999999996
1,0.79188904650903102,4,6,1,23,4,1.285285,1.336076,2.9040379999999999,85.915459999999996
1,0.79188904650903102,4,6,1,23,4,1.285285,1.336076,2.9040379999999999,85.915459999999996
1,0.79188904650903102,4,6,1,23,4,1.285285,1.336076,2.9040379999999999,85.915459999999996
1,0.73119086674082501,4,1,1,23,4,1.285285,1.336076,2.9040379999999999,85.915459999999996
1,0.95667637351531898,2,5,1,23,4,1.287506,1.3277080000000001,3.279455,96.504986000000002
1,0.81573282272788905,4,5,1,23,4,1.632903,1.4576119999999999,3.2789060000000001,155.92872800000001
1,0.28301024730656799,4,5,1,22,0.25,1.5849629999999999,2.1435900000000001,3.3551799999999998,234.891864
1,0.817238738547299,4,5,1,22,0.91669999999999996,1.5954619999999999,1.3889940000000001,2.2771409999999999,54.191592
1,0.817238738547299,4,5,1,22,0.91669999999999996,1.5954619999999999,1.3889940000000001,2.2771409999999999,54.191592
1,0.817238738547299,4,5,1,22,0.91669999999999996,1.5954619999999999,1.3889940000000001,2.2771409999999999,54.191592
1,0.817238738547299,4,5,1,22,0.91669999999999996,1.5954619999999999,1.3889940000000001,2.2771409999999999,54.191592
1,0.85114869883768796,4,5,1,22,0.25,1.5954619999999999,1.3889940000000001,2.2771409999999999,54.191592
1,0.22499406319568499,4,5,1,22,1.9167000000000001,1.5954619999999999,1.3889940000000001,2.2771409999999999,54.191592
1,0.121513986904094,4,5,1,23,4,1.2515350000000001,1.3367059999999999,2.6866500000000002,74.196158999999994
1,0.45649661905545202,4,5,1,23,3,1.2515350000000001,1.3367059999999999,2.6866500000000002,74.196158999999994
1,1.0108688815845801,4,5,1,23,4,1.361912,1.3709640000000001,2.8800050000000001,91.050552999999994
1,1.7628890985677399,4,5,1,23,4,1.7986329999999999,1.43486,3.3119610000000002,101.279689
1,0.45767807515665698,4,5,1,23,3,1.9644379999999999,1.475597,3.2604410000000001,123.87051099999999
1,0.44991918409531001,3,1,1,20,1,1.5849629999999999,2.1435900000000001,3.3551799999999998,234.891864
1,0.44991918409531001,3,1,1,20,1,1.5849629999999999,2.1435900000000001,3.3551799999999998,234.891864
1,0.61141618073557302,3,1,3,20,1,1.5849629999999999,2.1435900000000001,3.3551799999999998,234.891864
1,0.011188173226043799,5,6,1,24,0.25,1.5849629999999999,2.1435900000000001,3.3551799999999998,234.891864
1,0.39768725854148501,3,1,1,4,2,1.8894820000000001,1.576716,3.0689790000000001,169.580533
1,1.3120274567696799,3,6,1,23,2,1.735473,1.37564,3.1109100000000001,81.052893999999995
1,0.50419104334429499,3,6,3,22,2,1.7283329999999999,1.5589489999999999,3.068981,163.77571
0.99122607569249488,0.63668933440081799,4,6,1,20,4,1.776553,1.5190509999999999,3.3022420000000001,154.74236099999999
0.98387087530534012,0.67485399004973101,4,1,1,23,3,1.369745,1.38405,2.9881549999999999,123.77092399999999
0.98227123303956843,0.85213696070752198,1,6,1,10,2,1.2072099999999999,1.324422,2.942002,58.832287000000001
0.98227123303956843,0.53524303985233002,1,6,1,5,2,1.2072099999999999,1.324422,2.942002,58.832287000000001
0.97928915466041799,0.74805544097236898,4,6,1,22,3.5708000000000002,1.9644379999999999,1.475597,3.2604410000000001,123.87051099999999
0.97928915466041799,0.86715306225479405,4,6,1,22,2.5708000000000002,1.9644379999999999,1.475597,3.2604410000000001,123.87051099999999
0.97928915466041799,0.95341115730342496,4,6,1,22,1.5708,1.9644379999999999,1.475597,3.2604410000000001,123.87051099999999
0.97928915466041799,0.95341115730342496,4,6,1,22,1.5708,1.9644379999999999,1.475597,3.2604410000000001,123.87051099999999
0.97928915466041799,0.93990765524143405,4,6,1,23,1.5708,1.9644379999999999,1.475597,3.2604410000000001,123.87051099999999
0.97928915466041799,0.82740255429853005,4,6,1,23,2.5708000000000002,1.9644379999999999,1.475597,3.2604410000000001,123.87051099999999
0.97772360528884772,0.69348389273762301,3,5,1,20,1,1.776553,1.5190509999999999,3.3022420000000001,154.74236099999999
0.97081161087251777,0.64639746983937896,4,6,1,20,2,1.839491,1.515236,2.5682390000000002,9.1847700000000003
0.96378782734555524,0.88780357837101498,4,5,1,22,3.9582999999999999,1.8431759999999999,1.4557500000000001,3.8013340000000002,7.8246370000000001
0.96378782734555524,1.1174639447160499,4,6,1,22,4,1.8431759999999999,1.4557500000000001,3.8013340000000002,7.8246370000000001
0.96378782734555524,1.0627766309450699,3,6,1,10,2,1.5954619999999999,1.3889940000000001,2.2771409999999999,54.191592
0.96365862912447275,1.6310909795161499,3,6,1,20,1,1.5866450000000001,1.4455169999999999,3.158649,145.55060700000001
0.95525468282018,0.35737639721918901,3,6,3,20,1,1.776553,1.5190509999999999,3.3022420000000001,154.74236099999999
0.95424250943932487,1.0516823006764899,1,6,1,10,1,1.66703,1.3600920000000001,2.9895390000000002,89.512066000000004
0.95424250943932487,0.77936873277667595,2,5,1,24,4,1.589418,1.380179,3.065477,117.696934
0.95424250943932487,0.77741130442320405,3,5,1,20,2,1.776553,1.5190509999999999,3.3022420000000001,154.74236099999999
0.94596070357756856,0.54752152516499597,4,5,3,23,4,1.5866450000000001,1.4455169999999999,3.158649,145.55060700000001
0.94596070357756856,0.81415101296123105,4,5,1,23,4,1.5866450000000001,1.4455169999999999,3.158649,145.55060700000001
0.94596070357756856,0.81415101296123105,4,5,1,23,4,1.5866450000000001,1.4455169999999999,3.158649,145.55060700000001
0.94596070357756856,0.81415101296123105,4,5,1,23,4,1.5866450000000001,1.4455169999999999,3.158649,145.55060700000001
0.94596070357756856,0.81415101296123105,4,5,1,23,4,1.5866450000000001,1.4455169999999999,3.158649,145.55060700000001
0.94596070357756856,0.81415101296123105,4,5,1,23,4,1.5866450000000001,1.4455169999999999,3.158649,145.55060700000001
0.94596070357756856,0.81415101296123105,4,5,1,23,4,1.5866450000000001,1.4455169999999999,3.158649,145.55060700000001
0.94596070357756856,0.81415101296123105,4,5,1,23,4,1.5866450000000001,1.4455169999999999,3.158649,145.55060700000001
0.94596070357756856,0.81415101296123105,4,5,1,23,4,1.5866450000000001,1.4455169999999999,3.158649,145.55060700000001
0.94596070357756856,0.81415101296123105,4,5,1,23,4,1.5866450000000001,1.4455169999999999,3.158649,145.55060700000001
0.94596070357756856,0.81415101296123105,4,5,1,23,4,1.5866450000000001,1.4455169999999999,3.158649,145.55060700000001
0.94448267215016868,-0.30228702311455002,4,6,1,20,2,1.5849629999999999,2.1435900000000001,3.3551799999999998,234.891864
0.94448267215016868,1.5661287621336399,3,1,1,20,2,1.380917,1.3131699999999999,2.9392990000000001,88.692464999999999
0.93601079571520962,0.76479941854199895,2,1,1,20,1,1.5849629999999999,2.1435900000000001,3.3551799999999998,234.891864
0.93449845124356767,0.76956402740032703,1,6,1,10,2,1.839491,1.515236,2.5682390000000002,9.1847700000000003
0.93449845124356767,-0.61261017045525901,4,6,1,20,1,1.5849629999999999,2.1435900000000001,3.3551799999999998,234.891864
0.92941892571429274,0.92358983934832495,3,6,1,20,2,1.776553,1.5190509999999999,3.3022420000000001,154.74236099999999
0.92634244662565501,1.50210744993692,1,6,1,10,0.041700000000000001,1.285285,1.336076,2.9040379999999999,85.915459999999996
0.92634244662565501,0.85842062476677194,3,6,3,23,2,1.5866450000000001,1.4455169999999999,3.158649,145.55060700000001
0.92634244662565501,0.85842062476677194,3,6,3,23,2,1.5866450000000001,1.4455169999999999,3.158649,145.55060700000001
0.92634244662565501,0.85842062476677194,3,6,3,23,2,1.5866450000000001,1.4455169999999999,3.158649,145.55060700000001
0.9242792860618817,-0.61261017045525901,4,6,1,20,1,1.5849629999999999,2.1435900000000001,3.3551799999999998,234.891864
0.9242792860618817,0.63668933440081799,4,6,1,20,4,1.776553,1.5190509999999999,3.3022420000000001,154.74236099999999
0.91907809237607396,1.0627766309450699,3,6,1,10,2,1.5954619999999999,1.3889940000000001,2.2771409999999999,54.191592
0.91169015875386117,0.75791948225402295,3,5,1,10,2,1.389812,1.3200289999999999,3.6694290000000001,149.992977
0.90848501887864974,0.65605756430071605,3,6,1,10,1,1.7059789999999999,1.4547939999999999,3.6407080000000001,222.774563
0.90848501887864974,0.55820624653131401,3,6,1,20,2,1.7029749999999999,1.4485060000000001,3.324773,162.16508300000001
0.90633504180509072,1.01019354114789,4,5,1,10,3,1.285285,1.336076,2.9040379999999999,85.915459999999996
0.90308998699194354,0.234530788394058,3,6,1,10,2,1.5849629999999999,2.1435900000000001,3.3551799999999998,234.891864
0.90308998699194354,0.41370051481612502,3,6,3,23,2,1.7283329999999999,1.5589489999999999,3.068981,163.77571
0.90237544107848322,1.12542909191317,4,5,1,23,3.3332999999999999,1.484996,1.41821,3.3048950000000001,145.539736
0.90237544107848322,1.12542909191317,4,5,1,23,3.3332999999999999,1.484996,1.41821,3.3048950000000001,145.539736
0.89872518158949355,0.44936336025644502,3,5,1,20,1,1.2088300000000001,1.340533,3.085988,99.184106999999997
0.89762709129044149,0.32319025097015502,1,6,1,5,2,1.776553,1.5190509999999999,3.3022420000000001,154.74236099999999
0.89209460269048035,-0.78094594408630402,4,6,1,20,4,1.5849629999999999,2.1435900000000001,3.3551799999999998,234.891864
0.89209460269048035,0.98383356436487202,4,6,1,20,3,1.8894820000000001,1.576716,3.0689790000000001,169.580533
0.88649072517248184,0.32281828986043598,3,1,1,10,2,1.484996,1.41821,3.3048950000000001,145.539736
0.87506126339170009,0.98426390986485801,3,6,1,10,2,1.365961,1.3374999999999999,2.9817149999999999,101.07158699999999
0.87506126339170009,0.74949549604250199,3,1,1,10,2,1.365961,1.3374999999999999,2.9817149999999999,101.07158699999999
0.87506126339170009,0.82700552137515404,3,6,1,23,0.20830000000000001,1.285285,1.336076,2.9040379999999999,85.915459999999996
0.86923171973097624,1.04391548833597,1,6,1,10,3,1.735473,1.37564,3.1109100000000001,81.052893999999995
0.86826430113483666,1.1213265377094599,4,6,1,23,2.8957999999999999,1.4527939999999999,1.3822369999999999,2.776742,110.92294200000001
0.86687781433749889,0.30936545224187101,4,5,1,22,4,1.5866450000000001,1.4455169999999999,3.158649,145.55060700000001
0.86332286012045589,1.00679058421445,1,6,1,10,3,1.380917,1.3131699999999999,2.9392990000000001,88.692464999999999
0.85798058920550269,0.301274587037905,3,6,1,22,1.25,1.179678,1.311771,3.0597110000000001,55.721961999999998
0.85733249643126852,-0.78094594408630402,4,6,1,20,4,1.5849629999999999,2.1435900000000001,3.3551799999999998,234.891864
0.85460963809579515,1.37696216598522,3,6,1,22,2,1.4527939999999999,1.3822369999999999,2.776742,110.92294200000001
0.85460963809579515,1.37696216598522,3,6,1,22,2,1.4527939999999999,1.3822369999999999,2.776742,110.92294200000001
0.85460963809579515,0.97921019422356803,3,6,1,23,2,1.4527939999999999,1.3822369999999999,2.776742,110.92294200000001
0.85460963809579515,0.97921019422356803,3,6,1,23,2,1.4527939999999999,1.3822369999999999,2.776742,110.92294200000001
0.85460963809579515,0.97921019422356803,3,6,1,23,2,1.4527939999999999,1.3822369999999999,2.776742,110.92294200000001
0.85460963809579515,0.97921019422356803,3,6,1,23,2,1.4527939999999999,1.3822369999999999,2.776742,110.92294200000001
0.85460963809579515,0.97921019422356803,3,6,1,23,2,1.4527939999999999,1.3822369999999999,2.776742,110.92294200000001
0.85460963809579515,0.97921019422356803,3,6,1,23,2,1.4527939999999999,1.3822369999999999,2.776742,110.92294200000001
0.85460963809579515,0.97921019422356803,3,6,1,23,2,1.4527939999999999,1.3822369999999999,2.776742,110.92294200000001
0.85460963809579515,0.97921019422356803,3,6,1,23,2,1.4527939999999999,1.3822369999999999,2.776742,110.92294200000001
0.85460963809579515,0.97921019422356803,3,6,1,23,2,1.4527939999999999,1.3822369999999999,2.776742,110.92294200000001
0.85460963809579515,0.97921019422356803,3,6,1,23,2,1.4527939999999999,1.3822369999999999,2.776742,110.92294200000001
0.85460963809579515,0.97921019422356803,3,6,1,23,2,1.4527939999999999,1.3822369999999999,2.776742,110.92294200000001
0.85460963809579515,0.97921019422356803,3,6,1,23,2,1.4527939999999999,1.3822369999999999,2.776742,110.92294200000001
0.85460963809579515,0.97921019422356803,3,6,1,23,2,1.4527939999999999,1.3822369999999999,2.776742,110.92294200000001
0.85460963809579515,0.97921019422356803,3,6,1,23,2,1.4527939999999999,1.3822369999999999,2.776742,110.92294200000001
0.85460963809579515,0.97921019422356803,3,6,1,23,2,1.4527939999999999,1.3822369999999999,2.776742,110.92294200000001
0.85125834871907524,0.74031150918217403,2,6,1,20,2,1.5849629999999999,2.1435900000000001,3.3551799999999998,234.891864
0.851135995011574,0.82411240223271798,4,6,1,22,3,1.7283329999999999,1.5589489999999999,3.068981,163.77571
0.851135995011574,0.82411240223271798,4,6,1,22,3,1.7283329999999999,1.5589489999999999,3.068981,163.77571
0.851135995011574,0.851135995011575,4,6,1,22,2,1.7283329999999999,1.5589489999999999,3.068981,163.77571
0.851135995011574,0.82020243198069898,4,6,1,22,4,1.7283329999999999,1.5589489999999999,3.068981,163.77571
0.851135995011574,0.851135995011575,4,6,1,22,2,1.7283329999999999,1.5589489999999999,3.068981,163.77571
0.851135995011574,0.82020243198069898,4,6,1,22,4,1.7283329999999999,1.5589489999999999,3.068981,163.77571
0.851135995011574,0.82411240223271798,4,6,1,22,3,1.7283329999999999,1.5589489999999999,3.068981,163.77571
0.851135995011574,0.82411240223271798,4,6,1,22,3,1.7283329999999999,1.5589489999999999,3.068981,163.77571
0.851135995011574,0.851135995011575,4,6,1,22,1,1.7283329999999999,1.5589489999999999,3.068981,163.77571
0.851135995011574,0.851135995011575,4,6,1,22,1,1.7283329999999999,1.5589489999999999,3.068981,163.77571
0.851135995011574,0.85232690705148195,4,6,1,22,0.5,1.7283329999999999,1.5589489999999999,3.068981,163.77571
0.851135995011574,0.82020243198069898,4,6,1,22,4,1.7283329999999999,1.5589489999999999,3.068981,163.77571
0.851135995011574,0.82020243198069898,4,6,1,22,4,1.7283329999999999,1.5589489999999999,3.068981,163.77571
0.851135995011574,0.851135995011575,4,6,1,22,2,1.7283329999999999,1.5589489999999999,3.068981,163.77571
0.851135995011574,0.851135995011575,4,6,1,22,2,1.7283329999999999,1.5589489999999999,3.068981,163.77571
0.851135995011574,0.851135995011575,4,6,1,22,1,1.7283329999999999,1.5589489999999999,3.068981,163.77571
0.851135995011574,0.851135995011575,4,6,1,22,2,1.7283329999999999,1.5589489999999999,3.068981,163.77571
0.851135995011574,0.85232690705148195,4,6,1,22,0.5,1.7283329999999999,1.5589489999999999,3.068981,163.77571
0.851135995011574,0.85232690705148195,4,6,1,22,0.5,1.7283329999999999,1.5589489999999999,3.068981,163.77571
0.851135995011574,0.85232690705148195,4,6,1,22,0.5,1.7283329999999999,1.5589489999999999,3.068981,163.77571
0.851135995011574,0.85158205205320703,4,6,1,23,1,1.7283329999999999,1.5589489999999999,3.068981,163.77571
0.851135995011574,0.85124164010038195,4,6,1,23,2,1.7283329999999999,1.5589489999999999,3.068981,163.77571
0.851135995011574,0.851135995011575,4,6,1,23,0.5,1.7283329999999999,1.5589489999999999,3.068981,163.77571
0.851135995011574,0.82965073488973395,4,6,1,23,4,1.7283329999999999,1.5589489999999999,3.068981,163.77571
0.851135995011574,0.82965073488973395,4,6,1,23,4,1.7283329999999999,1.5589489999999999,3.068981,163.77571
0.851135995011574,0.85124164010038195,4,6,1,23,2,1.7283329999999999,1.5589489999999999,3.068981,163.77571
0.851135995011574,0.85158205205320703,4,6,1,23,1,1.7283329999999999,1.5589489999999999,3.068981,163.77571
0.851135995011574,0.85124164010038195,4,6,1,23,2,1.7283329999999999,1.5589489999999999,3.068981,163.77571
0.851135995011574,0.82965073488973395,4,6,1,23,4,1.7283329999999999,1.5589489999999999,3.068981,163.77571
0.851135995011574,0.851135995011575,4,6,1,23,0.5,1.7283329999999999,1.5589489999999999,3.068981,163.77571
0.851135995011574,0.82965073488973395,4,6,1,23,4,1.7283329999999999,1.5589489999999999,3.068981,163.77571
0.851135995011574,0.82965073488973395,4,6,1,23,4,1.7283329999999999,1.5589489999999999,3.068981,163.77571
0.851135995011574,0.85124164010038195,4,6,1,23,3,1.7283329999999999,1.5589489999999999,3.068981,163.77571
0.851135995011574,0.851135995011575,4,6,1,23,0.5,1.7283329999999999,1.5589489999999999,3.068981,163.77571
0.851135995011574,0.85124164010038195,4,6,1,23,2,1.7283329999999999,1.5589489999999999,3.068981,163.77571
0.851135995011574,0.85158205205320703,4,6,1,23,1,1.7283329999999999,1.5589489999999999,3.068981,163.77571
0.851135995011574,0.82965073488973395,4,6,1,23,4,1.7283329999999999,1.5589489999999999,3.068981,163.77571
0.851135995011574,0.85124164010038195,4,6,1,23,3,1.7283329999999999,1.5589489999999999,3.068981,163.77571
0.851135995011574,0.85124164010038195,4,6,1,23,2,1.7283329999999999,1.5589489999999999,3.068981,163.77571
0.851135995011574,0.85124164010038195,4,6,1,23,3,1.7283329999999999,1.5589489999999999,3.068981,163.77571
0.851135995011574,0.85158205205320703,4,6,1,23,1,1.7283329999999999,1.5589489999999999,3.068981,163.77571
0.851135995011574,0.85124164010038195,4,6,1,23,3,1.7283329999999999,1.5589489999999999,3.068981,163.77571
0.851135995011574,0.85158205205320703,4,6,1,23,1,1.7283329999999999,1.5589489999999999,3.068981,163.77571
0.851135995011574,0.851135995011575,4,6,1,23,0.5,1.7283329999999999,1.5589489999999999,3.068981,163.77571
0.851135995011574,0.851135995011575,4,6,1,23,0.5,1.7283329999999999,1.5589489999999999,3.068981,163.77571
0.851135995011574,0.85124164010038195,4,6,1,23,2,1.7283329999999999,1.5589489999999999,3.068981,163.77571
0.851135995011574,0.851135995011575,4,6,1,23,0.5,1.7283329999999999,1.5589489999999999,3.068981,163.77571
0.851135995011574,0.82965073488973395,4,6,1,23,4,1.7283329999999999,1.5589489999999999,3.068981,163.77571
0.851135995011574,0.85124164010038195,4,6,1,23,2,1.7283329999999999,1.5589489999999999,3.068981,163.77571
0.851135995011574,0.82965073488973395,4,6,1,23,4,1.7283329999999999,1.5589489999999999,3.068981,163.77571
0.851135995011574,0.85158205205320703,4,6,1,23,1,1.7283329999999999,1.5589489999999999,3.068981,163.77571
0.851135995011574,0.85124164010038195,4,6,1,23,3,1.7283329999999999,1.5589489999999999,3.068981,163.77571
0.851135995011574,0.85124164010038195,4,6,1,23,3,1.7283329999999999,1.5589489999999999,3.068981,163.77571
0.851135995011574,0.85158205205320703,4,6,1,23,1,1.7283329999999999,1.5589489999999999,3.068981,163.77571
0.851135995011574,0.85124164010038195,4,6,1,23,3,1.7283329999999999,1.5589489999999999,3.068981,163.77571
0.851135995011574,0.85158205205320703,4,6,1,23,1,1.7283329999999999,1.5589489999999999,3.068981,163.77571
0.851135995011574,0.851135995011575,4,6,1,23,0.5,1.7283329999999999,1.5589489999999999,3.068981,163.77571
0.851135995011574,0.851135995011575,4,6,1,23,0.5,1.7283329999999999,1.5589489999999999,3.068981,163.77571
0.851135995011574,0.85124164010038195,4,6,1,23,2,1.7283329999999999,1.5589489999999999,3.068981,163.77571
0.851135995011574,0.85124164010038195,4,6,1,23,2,1.7283329999999999,1.5589489999999999,3.068981,163.77571
0.851135995011574,0.85124164010038195,4,6,1,23,2,1.7283329999999999,1.5589489999999999,3.068981,163.77571
0.851135995011574,0.85124164010038195,4,6,1,23,3,1.7283329999999999,1.5589489999999999,3.068981,163.77571
0.851135995011574,0.85158205205320703,4,6,1,23,1,1.7283329999999999,1.5589489999999999,3.068981,163.77571
0.851135995011574,0.851135995011575,4,6,1,23,0.5,1.7283329999999999,1.5589489999999999,3.068981,163.77571
0.84941941379689945,1.43458273340541,3,5,1,10,2,1.4527939999999999,1.3822369999999999,2.776742,110.92294200000001
0.84880470105180372,0.93491652992051399,4,5,1,5,3,1.285285,1.336076,2.9040379999999999,85.915459999999996
0.84757265914211222,0.77134017835061097,3,6,3,22,2,1.5866450000000001,1.4455169999999999,3.158649,145.55060700000001
0.84509804001425681,0.14288692818479401,4,6,1,24,0.020799999999999999,1.5849629999999999,2.1435900000000001,3.3551799999999998,234.891864
0.84509804001425681,-0.39629951757978898,3,6,1,23,2,1.5849629999999999,2.1435900000000001,3.3551799999999998,234.891864
0.83884909073725533,1.0516823006764899,1,6,1,10,1,1.66703,1.3600920000000001,2.9895390000000002,89.512066000000004
0.83884909073725533,0.55820624653131401,3,6,1,20,2,1.7029749999999999,1.4485060000000001,3.324773,162.16508300000001
0.83569057149242554,0.43073579521657201,4,5,1,23,4,1.285285,1.336076,2.9040379999999999,85.915459999999996
0.83312702293689123,0.45409449517158101,4,6,1,24,2.7917000000000001,1.2072099999999999,1.324422,2.942002,58.832287000000001
0.83250891270623628,0.76574477862266699,4,6,1,20,1,1.839491,1.515236,2.5682390000000002,9.1847700000000003
0.83250891270623628,0.86193583484882896,2,5,1,12,4,1.589418,1.380179,3.065477,117.696934
0.82930377283102497,0.601703644162636,3,6,1,10,0.25,1.5849629999999999,2.1435900000000001,3.3551799999999998,234.891864
0.82607480270082645,0.84563965006488895,1,6,1,19,3,1.724334,1.354805,3.071949,68.540811000000005
0.82607480270082645,0.86193583484882896,2,5,1,12,4,1.589418,1.380179,3.065477,117.696934
0.82438719467467481,0.86715306225479405,4,6,1,22,2.5708000000000002,1.9644379999999999,1.475597,3.2604410000000001,123.87051099999999
0.82438719467467481,0.82740255429853005,4,6,1,23,2.5708000000000002,1.9644379999999999,1.475597,3.2604410000000001,123.87051099999999
0.81954393554186866,-0.30228702311455002,4,6,1,20,2,1.5849629999999999,2.1435900000000001,3.3551799999999998,234.891864
0.81954393554186866,0.79854905200425297,2,5,1,10,4,1.589418,1.380179,3.065477,117.696934
0.81291335664285558,0.247151835371446,1,1,1,10,3,1.776553,1.5190509999999999,3.3022420000000001,154.74236099999999
0.81291335664285558,0.76574477862266699,4,6,1,20,1,1.839491,1.515236,2.5682390000000002,9.1847700000000003
0.81291335664285558,0.234530788394058,3,6,1,10,2,1.5849629999999999,2.1435900000000001,3.3551799999999998,234.891864
0.81291335664285558,1.0627766309450699,3,6,1,10,2,1.5954619999999999,1.3889940000000001,2.2771409999999999,54.191592
0.80902072048367257,0.234530788394058,3,6,1,10,2,1.5849629999999999,2.1435900000000001,3.3551799999999998,234.891864
0.80888586735981216,1.5101722638112101,3,1,1,22,2,1.5954619999999999,1.3889940000000001,2.2771409999999999,54.191592
0.80617997398388719,-0.30228702311455002,4,6,1,20,2,1.5849629999999999,2.1435900000000001,3.3551799999999998,234.891864
0.80617997398388719,0.79854905200425297,2,5,1,10,4,1.589418,1.380179,3.065477,117.696934
0.80617997398388719,0.59427102537925103,3,6,1,10,2,1.7029749999999999,1.4485060000000001,3.324773,162.16508300000001
0.80550085815840011,0.76574477862266699,4,6,1,20,1,1.839491,1.515236,2.5682390000000002,9.1847700000000003
0.79934054945358168,0.76574477862266699,4,6,1,20,1,1.839491,1.515236,2.5682390000000002,9.1847700000000003
0.79934054945358168,0.234530788394058,3,6,1,10,2,1.5849629999999999,2.1435900000000001,3.3551799999999998,234.891864
0.79588001734407521,0.66051187852322102,1,6,1,22,3,1.285285,1.336076,2.9040379999999999,85.915459999999996
0.79588001734407521,0.49342951627014398,1,6,1,22,3,1.4653609999999999,1.4271160000000001,3.3460960000000002,177.699433
0.79448804665916961,0.76574477862266699,4,6,1,20,1,1.839491,1.515236,2.5682390000000002,9.1847700000000003
0.79365071770717299,0.60069524920060502,3,6,1,13,1,1.2088300000000001,1.340533,3.085988,99.184106999999997
0.79239168949825389,0.305116457801695,1,6,1,10,3,1.626166,1.395489,3.3213059999999999,84.295136999999997
0.79239168949825389,0.76574477862266699,4,6,1,20,1,1.839491,1.515236,2.5682390000000002,9.1847700000000003
0.78958071216442549,1.5807347471515301,1,6,1,5,3,1.7986329999999999,1.43486,3.3119610000000002,101.279689
0.78746047451841505,0.81415101296123105,4,5,1,23,4,1.5866450000000001,1.4455169999999999,3.158649,145.55060700000001
0.78532983501076703,0.76574477862266699,4,6,1,20,1,1.839491,1.515236,2.5682390000000002,9.1847700000000003
0.78461729263287538,0.64639746983937896,4,6,1,20,2,1.839491,1.515236,2.5682390000000002,9.1847700000000003
0.77910196537486431,0.80090680334268605,4,6,1,22,0.041700000000000001,1.4697420000000001,1.3272010000000001,3.7320989999999998,296.81965000000002
0.77910196537486431,0.80090680334268605,4,6,1,22,0.020799999999999999,1.4697420000000001,1.3272010000000001,3.7320989999999998,296.81965000000002
0.77910196537486431,0.80090680334268605,4,6,1,22,0.041700000000000001,1.4697420000000001,1.3272010000000001,3.7320989999999998,296.81965000000002
0.77910196537486431,0.81044922843708,4,6,1,22,0.083299999999999999,1.4697420000000001,1.3272010000000001,3.7320989999999998,296.81965000000002
0.77815125038364363,-0.14601565730587701,4,6,1,24,4,1.5849629999999999,2.1435900000000001,3.3551799999999998,234.891864
0.77815125038364363,0.83551923599544797,4,5,1,23,2,1.484996,1.41821,3.3048950000000001,145.539736
0.77815125038364363,1.0363199737901401,4,5,1,23,4,1.484996,1.41821,3.3048950000000001,145.539736
0.77815125038364363,0.60658148983667903,4,5,1,23,3,1.484996,1.41821,3.3048950000000001,145.539736
0.77597433112936909,0.65913435736012904,2,5,1,20,2,1.5849629999999999,2.1435900000000001,3.3551799999999998,234.891864
0.77597433112936909,0.80823485386523897,2,5,1,20,1,1.5849629999999999,2.1435900000000001,3.3551799999999998,234.891864
0.77597433112936909,0.91322956971866998,2,5,1,20,0.5,1.5849629999999999,2.1435900000000001,3.3551799999999998,234.891864
0.77158748088125539,0.55084277999883202,3,1,1,10,2,1.7029749999999999,1.4485060000000001,3.324773,162.16508300000001
0.7678976160180907,0.85842062476677194,3,6,3,23,2,1.5866450000000001,1.4455169999999999,3.158649,145.55060700000001
0.76342799356293722,0.73593390764928202,1,1,1,10,3,1.365961,1.3374999999999999,2.9817149999999999,101.07158699999999
0.76342799356293722,0.84211270726904297,1,6,1,10,3,1.365961,1.3374999999999999,2.9817149999999999,101.07158699999999
0.75587485567249146,0.63668933440081799,4,6,1,20,4,1.776553,1.5190509999999999,3.3022420000000001,154.74236099999999
0.74976527787232472,0.64148299727758096,1,6,1,14,1,1.484996,1.41821,3.3048950000000001,145.539736
0.74976527787232472,0.64148299727758096,1,6,1,14,1,1.484996,1.41821,3.3048950000000001,145.539736
0.74818802700620035,0.53898774247986403,2,5,1,12,4,1.3993519999999999,1.4955149999999999,3.3305389999999999,174.65439900000001
0.74818802700620035,-0.077932024418138707,3,6,3,20,2,1.179678,1.311771,3.0597110000000001,55.721961999999998
0.74036268949424389,0.40507066839775402,4,6,1,20,4,1.839491,1.515236,2.5682390000000002,9.1847700000000003
0.74036268949424389,-0.12077506513910399,4,5,1,20,4,1.7029749999999999,1.4485060000000001,3.324773,162.16508300000001
0.74036268949424389,0.63668933440081799,4,6,1,20,4,1.776553,1.5190509999999999,3.3022420000000001,154.74236099999999
0.74036268949424389,-0.68641046894962598,3,5,3,22,2,1.2072099999999999,1.324422,2.942002,58.832287000000001
0.73621700992883476,0.72024646077402499,2,6,1,22,2,1.2072099999999999,1.324422,2.942002,58.832287000000001
0.73621700992883476,0.72024646077402499,2,6,1,22,2,1.2072099999999999,1.324422,2.942002,58.832287000000001
0.73621700992883476,0.71986623470206301,2,6,1,22,1.875,1.2072099999999999,1.324422,2.942002,58.832287000000001
0.73621700992883476,0.72024646077402499,2,6,1,22,2,1.2072099999999999,1.324422,2.942002,58.832287000000001
0.73621700992883476,0.74987069706237597,2,6,1,23,2,1.2072099999999999,1.324422,2.942002,58.832287000000001
0.73621700992883476,0.74987069706237597,2,6,1,23,2,1.2072099999999999,1.324422,2.942002,58.832287000000001
0.73621700992883476,0.74987069706237597,2,6,1,23,2,1.2072099999999999,1.324422,2.942002,58.832287000000001
0.73621700992883476,0.74987069706237597,2,6,1,23,1.875,1.2072099999999999,1.324422,2.942002,58.832287000000001
0.7323937598229685,0.74031150918217403,2,6,1,20,2,1.5849629999999999,2.1435900000000001,3.3551799999999998,234.891864
0.72754125702855643,0.34824815515765001,4,5,1,24,3,1.7029749999999999,1.4485060000000001,3.324773,162.16508300000001
0.72427586960078905,0.76574477862266699,4,6,1,20,1,1.839491,1.515236,2.5682390000000002,9.1847700000000003
0.72427586960078905,1.0999637330435801,4,6,1,10,3,1.8894820000000001,1.576716,3.0689790000000001,169.580533
0.71600334363479923,0.63094759412122803,2,5,1,7,4,1.589418,1.380179,3.065477,117.696934
0.7137131774449883,1.1176981556529499,4,6,1,23,0.125,1.3543559999999999,1.437182,3.29264,211.586873
0.7137131774449883,1.1176981556529499,4,6,1,23,0.125,1.3543559999999999,1.437182,3.29264,211.586873
0.7137131774449883,1.1176981556529499,4,6,1,23,0.125,1.3543559999999999,1.437182,3.29264,211.586873
0.7137131774449883,1.1176981556529499,4,6,1,23,0.125,1.3543559999999999,1.437182,3.29264,211.586873
0.70757017609793638,-0.117023320961598,4,6,1,21,4,1.5849629999999999,2.1435900000000001,3.3551799999999998,234.891864
0.70702862080135254,0.28443035360643298,4,5,3,20,4,1.2072099999999999,1.324422,2.942002,58.832287000000001
0.70243053644552533,0.76574477862266699,4,6,1,20,1,1.839491,1.515236,2.5682390000000002,9.1847700000000003
0.70243053644552533,0.67290038981413502,4,5,1,22,4,1.776553,1.5190509999999999,3.3022420000000001,154.74236099999999
0.70243053644552533,0.67290038981413502,4,5,1,22,4,1.776553,1.5190509999999999,3.3022420000000001,154.74236099999999
0.70243053644552533,0.67290038981413502,4,5,1,22,4,1.776553,1.5190509999999999,3.3022420000000001,154.74236099999999
0.70243053644552533,0.67290038981413502,4,5,1,22,4,1.776553,1.5190509999999999,3.3022420000000001,154.74236099999999
0.70243053644552533,0.67290038981413502,4,5,1,22,4,1.776553,1.5190509999999999,3.3022420000000001,154.74236099999999
0.70243053644552533,0.67290038981413502,4,5,1,22,4,1.776553,1.5190509999999999,3.3022420000000001,154.74236099999999
0.70243053644552533,0.67290038981413502,4,5,1,22,4,1.776553,1.5190509999999999,3.3022420000000001,154.74236099999999
0.70243053644552533,0.67290038981413502,4,5,1,22,4,1.776553,1.5190509999999999,3.3022420000000001,154.74236099999999
0.70243053644552533,0.67290038981413502,4,5,1,22,4,1.776553,1.5190509999999999,3.3022420000000001,154.74236099999999
0.70243053644552533,0.67290038981413502,4,5,1,22,4,1.776553,1.5190509999999999,3.3022420000000001,154.74236099999999
0.70243053644552533,0.67290038981413502,4,5,1,22,4,1.776553,1.5190509999999999,3.3022420000000001,154.74236099999999
0.70243053644552533,0.67290038981413502,4,5,1,22,4,1.776553,1.5190509999999999,3.3022420000000001,154.74236099999999
0.70243053644552533,0.59480411378303699,4,5,1,23,4,1.776553,1.5190509999999999,3.3022420000000001,154.74236099999999
0.70243053644552533,0.59480411378303699,4,5,1,23,4,1.776553,1.5190509999999999,3.3022420000000001,154.74236099999999
0.70243053644552533,0.59480411378303699,4,5,1,23,4,1.776553,1.5190509999999999,3.3022420000000001,154.74236099999999
0.70243053644552533,0.59480411378303699,4,5,1,23,4,1.776553,1.5190509999999999,3.3022420000000001,154.74236099999999
0.70243053644552533,0.67290038981413502,4,5,1,22,4,1.776553,1.5190509999999999,3.3022420000000001,154.74236099999999
0.70243053644552533,0.67290038981413502,4,5,1,22,4,1.776553,1.5190509999999999,3.3022420000000001,154.74236099999999
0.70243053644552533,0.67290038981413502,4,5,1,22,4,1.776553,1.5190509999999999,3.3022420000000001,154.74236099999999
0.70243053644552533,0.67290038981413502,4,5,1,22,4,1.776553,1.5190509999999999,3.3022420000000001,154.74236099999999
0.70243053644552533,0.67290038981413502,4,5,1,22,4,1.776553,1.5190509999999999,3.3022420000000001,154.74236099999999
0.70243053644552533,0.67290038981413502,4,5,1,22,4,1.776553,1.5190509999999999,3.3022420000000001,154.74236099999999
0.70243053644552533,0.67290038981413502,4,5,1,22,4,1.776553,1.5190509999999999,3.3022420000000001,154.74236099999999
0.70243053644552533,0.67290038981413502,4,5,1,22,4,1.776553,1.5190509999999999,3.3022420000000001,154.74236099999999
0.70243053644552533,0.67290038981413502,4,5,1,22,4,1.776553,1.5190509999999999,3.3022420000000001,154.74236099999999
0.70243053644552533,0.67290038981413502,4,5,1,22,4,1.776553,1.5190509999999999,3.3022420000000001,154.74236099999999
0.70243053644552533,0.67290038981413502,4,5,1,22,4,1.776553,1.5190509999999999,3.3022420000000001,154.74236099999999
0.70243053644552533,0.67290038981413502,4,5,1,22,4,1.776553,1.5190509999999999,3.3022420000000001,154.74236099999999
0.70243053644552533,0.59480411378303699,4,5,1,23,4,1.776553,1.5190509999999999,3.3022420000000001,154.74236099999999
0.70243053644552533,0.59480411378303699,4,5,1,23,4,1.776553,1.5190509999999999,3.3022420000000001,154.74236099999999
0.70243053644552533,0.59480411378303699,4,5,1,23,4,1.776553,1.5190509999999999,3.3022420000000001,154.74236099999999
0.70243053644552533,0.59480411378303699,4,5,1,23,4,1.776553,1.5190509999999999,3.3022420000000001,154.74236099999999
0.70243053644552533,0.59480411378303699,4,5,1,23,4,1.776553,1.5190509999999999,3.3022420000000001,154.74236099999999
0.70243053644552533,0.59480411378303699,4,5,1,23,4,1.776553,1.5190509999999999,3.3022420000000001,154.74236099999999
0.70243053644552533,0.59480411378303699,4,5,1,23,4,1.776553,1.5190509999999999,3.3022420000000001,154.74236099999999
0.70243053644552533,0.59480411378303699,4,5,1,23,4,1.776553,1.5190509999999999,3.3022420000000001,154.74236099999999
0.69897000433601886,0.247151835371446,1,1,1,10,3,1.776553,1.5190509999999999,3.3022420000000001,154.74236099999999
0.69897000433601886,-0.051955062561164403,1,1,1,22,3,1.484996,1.41821,3.3048950000000001,145.539736
0.69897000433601886,0.94898901131603497,1,1,3,19,3,1.7283329999999999,1.5589489999999999,3.068981,163.77571
0.69897000433601886,0.76224038924893101,1,6,1,22,3,1.724334,1.354805,3.071949,68.540811000000005
0.69897000433601886,0.41911769617901801,1,1,1,22,2,1.4527939999999999,1.3822369999999999,2.776742,110.92294200000001
0.69897000433601886,0.153369187182372,1,1,1,23,1,1.4527939999999999,1.3822369999999999,2.776742,110.92294200000001
0.69897000433601886,-0.97609171156138097,4,5,1,20,2,1.5849629999999999,2.1435900000000001,3.3551799999999998,234.891864
0.69897000433601886,0.50954984950530602,2,5,1,24,4,1.3993519999999999,1.4955149999999999,3.3305389999999999,174.65439900000001
0.69897000433601886,0.53065927440151694,4,5,3,23,4,1.276767,1.3244089999999999,3.2814380000000001,105.33019
0.69897000433601886,0.53065927440151694,4,5,3,23,4,1.276767,1.3244089999999999,3.2814380000000001,105.33019
0.69897000433601886,0.43993809562191399,4,5,1,22,1.9167000000000001,1.5849629999999999,2.1435900000000001,3.3551799999999998,234.891864
0.69897000433601886,0.43993809562191399,4,5,1,22,1.9167000000000001,1.5849629999999999,2.1435900000000001,3.3551799999999998,234.891864
0.69897000433601886,0.60555101355433705,4,5,1,22,0.91669999999999996,1.5849629999999999,2.1435900000000001,3.3551799999999998,234.891864
0.69897000433601886,0.60555101355433705,4,5,1,22,0.91669999999999996,1.5849629999999999,2.1435900000000001,3.3551799999999998,234.891864
0.69897000433601886,0.60555101355433705,4,5,1,22,0.91669999999999996,1.5849629999999999,2.1435900000000001,3.3551799999999998,234.891864
0.69897000433601886,0.60555101355433705,4,5,1,22,0.91669999999999996,1.5849629999999999,2.1435900000000001,3.3551799999999998,234.891864
0.69897000433601886,0.22499406319568499,4,5,1,22,1.9167000000000001,1.5954619999999999,1.3889940000000001,2.2771409999999999,54.191592
0.69897000433601886,0.34184808460497801,4,5,1,23,1.9167000000000001,1.5954619999999999,1.3889940000000001,2.2771409999999999,54.191592
0.69897000433601886,0.49092060440452001,4,5,1,23,0.91669999999999996,1.5954619999999999,1.3889940000000001,2.2771409999999999,54.191592
0.69897000433601886,0.34184808460497801,4,5,1,23,1.9167000000000001,1.5954619999999999,1.3889940000000001,2.2771409999999999,54.191592
0.69897000433601886,0.34184808460497801,4,5,1,23,1.9167000000000001,1.5954619999999999,1.3889940000000001,2.2771409999999999,54.191592
0.69897000433601886,0.49092060440452001,4,5,1,23,0.91669999999999996,1.5954619999999999,1.3889940000000001,2.2771409999999999,54.191592
0.69897000433601886,0.49092060440452001,4,5,1,23,0.91669999999999996,1.5954619999999999,1.3889940000000001,2.2771409999999999,54.191592
0.69897000433601886,0.49092060440452001,4,5,1,23,0.91669999999999996,1.5954619999999999,1.3889940000000001,2.2771409999999999,54.191592
0.69897000433601886,0.79188904650903102,4,6,1,23,4,1.285285,1.336076,2.9040379999999999,85.915459999999996
0.69897000433601886,0.79188904650903102,4,6,1,23,4,1.285285,1.336076,2.9040379999999999,85.915459999999996
0.69897000433601886,0.79188904650903102,4,6,1,23,4,1.285285,1.336076,2.9040379999999999,85.915459999999996
0.69897000433601886,1.41366830283209,4,6,1,23,0.017399999999999999,1.485552,1.3247770000000001,3.3246410000000002,71.789959999999994
0.69897000433601886,0.30702792501155601,5,1,1,22,1,1.2088300000000001,1.340533,3.085988,99.184106999999997
0.69897000433601886,0.13898033624924799,5,1,1,23,1,1.2088300000000001,1.340533,3.085988,99.184106999999997
0.69108149212296843,0.64639746983937896,4,6,1,20,2,1.839491,1.515236,2.5682390000000002,9.1847700000000003
0.69108149212296843,0.89736507536868204,4,5,1,20,3,1.892315,1.4431499999999999,2.852611,88.542133000000007
0.69019608002851374,1.35321468278999,3,6,3,23,2,1.3971899999999999,1.3250919999999999,3.667243,139.10991999999999
0.68752896121463436,0.63668933440081799,4,6,1,20,4,1.776553,1.5190509999999999,3.3022420000000001,154.74236099999999
0.6830470382388496,0.64639746983937896,4,6,1,20,2,1.839491,1.515236,2.5682390000000002,9.1847700000000003
0.68124123737558717,1.04391548833597,1,6,1,10,3,1.735473,1.37564,3.1109100000000001,81.052893999999995
0.68124123737558717,0.76574477862266699,4,6,1,20,1,1.839491,1.515236,2.5682390000000002,9.1847700000000003
0.68124123737558717,1.0627766309450699,3,6,1,10,2,1.5954619999999999,1.3889940000000001,2.2771409999999999,54.191592
0.68124123737558717,0.87973490081225902,3,6,1,10,2,1.776553,1.5190509999999999,3.3022420000000001,154.74236099999999
0.67513165957542065,0.64148299727758096,1,6,1,14,1,1.484996,1.41821,3.3048950000000001,145.539736
0.67209785793571752,0.64639746983937896,4,6,1,20,2,1.839491,1.515236,2.5682390000000002,9.1847700000000003
0.67209785793571752,0.76574477862266699,4,6,1,20,1,1.839491,1.515236,2.5682390000000002,9.1847700000000003
0.67209785793571752,-0.30228702311455002,4,6,1,20,2,1.5849629999999999,2.1435900000000001,3.3551799999999998,234.891864
0.66838591669000014,0.60521991359736704,4,2,1,23,4,1.4203760000000001,1.372806,2.6866500000000002,80.000981999999993
0.66838591669000014,0.60521991359736704,4,2,1,23,4,1.4203760000000001,1.372806,2.6866500000000002,80.000981999999993
0.66838591669000014,0.60521991359736704,4,2,1,23,4,1.4203760000000001,1.372806,2.6866500000000002,80.000981999999993
0.66838591669000014,0.60521991359736704,4,2,1,23,4,1.4203760000000001,1.372806,2.6866500000000002,80.000981999999993
0.66838591669000014,0.60521991359736704,4,2,1,23,4,1.4203760000000001,1.372806,2.6866500000000002,80.000981999999993
0.66838591669000014,0.60521991359736704,4,2,1,23,4,1.4203760000000001,1.372806,2.6866500000000002,80.000981999999993
0.66275783168157409,0.76574477862266699,4,6,1,20,1,1.839491,1.515236,2.5682390000000002,9.1847700000000003
0.66275783168157409,0.63438640211473496,2,5,1,10,4,1.552521,1.359497,3.0367310000000001,112.359173
0.66275783168157409,0.511538727200612,2,5,1,10,4,1.3993519999999999,1.4955149999999999,3.3305389999999999,174.65439900000001
0.66275783168157409,0.80733791562637602,4,4,1,22,3.9582999999999999,1.8431759999999999,1.4557500000000001,3.8013340000000002,7.8246370000000001
0.66275783168157409,0.63357763199444095,4,4,1,23,3.9582999999999999,1.8431759999999999,1.4557500000000001,3.8013340000000002,7.8246370000000001
0.66275783168157409,0.73378914417253804,4,5,1,23,3.9582999999999999,1.8431759999999999,1.4557500000000001,3.8013340000000002,7.8246370000000001
0.66275783168157409,1.1592585435042499,4,6,1,23,4,1.8431759999999999,1.4557500000000001,3.8013340000000002,7.8246370000000001
0.65321251377534373,0.46102816826276299,1,6,1,8,3,1.735473,1.37564,3.1109100000000001,81.052893999999995
0.65321251377534373,0.240173725065678,4,5,1,22,3,1.776553,1.5190509999999999,3.3022420000000001,154.74236099999999
0.65321251377534373,0.67290038981413502,4,5,1,22,4,1.776553,1.5190509999999999,3.3022420000000001,154.74236099999999
0.65216788040757168,1.5478041384448999,4,6,1,23,1,1.4527939999999999,1.3822369999999999,2.776742,110.92294200000001
0.64542226934909186,1.59872953925011,1,6,1,10,1,1.285285,1.336076,2.9040379999999999,85.915459999999996
0.64345267648618742,0.51406878313273396,2,6,1,20,4,1.5849629999999999,2.1435900000000001,3.3551799999999998,234.891864
0.64068611097830275,0.40577849796623799,3,6,1,10,1,1.484996,1.41821,3.3048950000000001,145.539736
0.63848925695463732,-2.2190456215785899,4,5,1,22,4,1.8894820000000001,1.576716,3.0689790000000001,169.580533
0.63848925695463732,-2.2190456215785899,4,5,1,22,4,1.8894820000000001,1.576716,3.0689790000000001,169.580533
0.63848925695463732,0.53400673301494905,4,5,1,23,4,1.8894820000000001,1.576716,3.0689790000000001,169.580533
0.63848925695463732,0.53400673301494905,4,5,1,23,4,1.8894820000000001,1.576716,3.0689790000000001,169.580533
0.63848925695463732,0.53400673301494905,4,5,1,23,4,1.8894820000000001,1.576716,3.0689790000000001,169.580533
0.63848925695463732,0.53400673301494905,4,5,1,23,4,1.8894820000000001,1.576716,3.0689790000000001,169.580533
0.63848925695463732,0.53400673301494905,4,5,1,23,4,1.8894820000000001,1.576716,3.0689790000000001,169.580533
0.63848925695463732,0.53400673301494905,4,5,1,23,4,1.8894820000000001,1.576716,3.0689790000000001,169.580533
0.63848925695463732,0.53400673301494905,4,5,1,23,4,1.8894820000000001,1.576716,3.0689790000000001,169.580533
0.63848925695463732,0.53400673301494905,4,5,1,23,4,1.8894820000000001,1.576716,3.0689790000000001,169.580533
0.63848925695463732,0.53400673301494905,4,5,1,23,4,1.8894820000000001,1.576716,3.0689790000000001,169.580533
0.63848925695463732,0.53400673301494905,4,5,1,23,4,1.8894820000000001,1.576716,3.0689790000000001,169.580533
0.63848925695463732,0.53400673301494905,4,5,1,23,4,1.8894820000000001,1.576716,3.0689790000000001,169.580533
0.63054736584905113,1.0117074880007,3,6,1,10,1,1.5866450000000001,1.4455169999999999,3.158649,145.55060700000001
0.62940959910271888,0.28443035360643298,4,5,3,20,4,1.2072099999999999,1.324422,2.942002,58.832287000000001
0.62940959910271888,0.30936545224187101,4,5,1,22,4,1.5866450000000001,1.4455169999999999,3.158649,145.55060700000001
0.62940959910271888,0.30936545224187101,4,5,1,22,4,1.5866450000000001,1.4455169999999999,3.158649,145.55060700000001
0.62940959910271888,-0.37278601765962799,4,5,1,23,3,1.5866450000000001,1.4455169999999999,3.158649,145.55060700000001
0.62940959910271888,0.81415101296123105,4,5,1,23,4,1.5866450000000001,1.4455169999999999,3.158649,145.55060700000001
0.62940959910271888,0.81415101296123105,4,5,1,23,4,1.5866450000000001,1.4455169999999999,3.158649,145.55060700000001
0.62940959910271888,0.81415101296123105,4,5,1,23,4,1.5866450000000001,1.4455169999999999,3.158649,145.55060700000001
0.6260322478290189,0.35428407336783602,3,6,3,20,2,1.776553,1.5190509999999999,3.3022420000000001,154.74236099999999
0.62500959479348062,0.65509823701050296,1,6,1,10,1,1.5849629999999999,2.1435900000000001,3.3551799999999998,234.891864
0.62221402296629535,0.37087815252964401,3,5,1,20,2,1.2088300000000001,1.340533,3.085988,99.184106999999997
0.61278385671973545,0.64639746983937896,4,6,1,20,2,1.839491,1.515236,2.5682390000000002,9.1847700000000003
0.61278385671973545,0.47597846325026499,3,6,1,10,1,1.2088300000000001,1.340533,3.085988,99.184106999999997
0.61278385671973545,0.30383008786416199,3,6,1,5,1,1.2088300000000001,1.340533,3.085988,99.184106999999997
0.61278385671973545,0.60069524920060502,3,6,1,13,1,1.2088300000000001,1.340533,3.085988,99.184106999999997
0.60798804713729826,1.07905980814834,3,6,1,20,2,1.476804,1.3619950000000001,3.0907849999999999,133.35870299999999
0.6020599913279624,0.97799066608389595,1,6,1,10,1,1.839491,1.515236,2.5682390000000002,9.1847700000000003
0.6020599913279624,0.58337536920230704,1,6,1,10,3,1.5849629999999999,2.1435900000000001,3.3551799999999998,234.891864
0.6020599913279624,0.85157698147526995,1,1,1,20,1,1.5954619999999999,1.3889940000000001,2.2771409999999999,54.191592
0.6020599913279624,-0.12708399749013499,1,6,1,5,0.0104,1.2072099999999999,1.324422,2.942002,58.832287000000001
0.6020599913279624,0.55948802421820898,1,6,1,22,0.0104,1.2072099999999999,1.324422,2.942002,58.832287000000001
0.6020599913279624,0.55743922357846598,1,6,1,23,0.0104,1.2072099999999999,1.324422,2.942002,58.832287000000001
0.6020599913279624,0.55743922357846598,1,6,1,23,0.0104,1.2072099999999999,1.324422,2.942002,58.832287000000001
0.6020599913279624,0.55743922357846598,1,6,1,23,0.0104,1.2072099999999999,1.324422,2.942002,58.832287000000001
0.6020599913279624,0.92221572226123905,2,6,1,20,1,1.5849629999999999,2.1435900000000001,3.3551799999999998,234.891864
0.6020599913279624,-0.78094594408630402,4,6,1,20,4,1.5849629999999999,2.1435900000000001,3.3551799999999998,234.891864
0.6020599913279624,-0.093214138830206197,4,6,1,22,2,1.5849629999999999,2.1435900000000001,3.3551799999999998,234.891864
0.6020599913279624,0.35597566758708099,2,5,1,22,4,1.589418,1.380179,3.065477,117.696934
0.60134544541450197,1.1946794634111599,4,5,1,22,3.3332999999999999,1.484996,1.41821,3.3048950000000001,145.539736
0.60134544541450197,0.83551923599544797,4,5,1,23,2,1.484996,1.41821,3.3048950000000001,145.539736
0.59879050676311507,0.57640698672936697,2,5,1,20,4,1.5849629999999999,2.1435900000000001,3.3551799999999998,234.891864
0.59549622182557416,0.93652013432268799,3,1,1,20,2,1.2787900000000001,1.3205070000000001,2.8506490000000002,124.62446799999999
0.59106460702649921,0.76574477862266699,4,6,1,20,1,1.839491,1.515236,2.5682390000000002,9.1847700000000003
0.59106460702649921,0.64639746983937896,4,6,1,20,2,1.839491,1.515236,2.5682390000000002,9.1847700000000003
0.59106460702649921,0.438890217877694,4,6,3,20,4,1.776553,1.5190509999999999,3.3022420000000001,154.74236099999999
0.59106460702649921,0.60302001147720996,2,5,1,7,4,1.552521,1.359497,3.0367310000000001,112.359173
0.58319877396862274,0.82444647530968795,4,5,1,10,3,1.892315,1.4431499999999999,2.852611,88.542133000000007
0.58134914598838039,0.74805544097236898,4,6,1,22,3.5708000000000002,1.9644379999999999,1.475597,3.2604410000000001,123.87051099999999
0.58134914598838039,0.86715306225479405,4,6,1,22,2.5708000000000002,1.9644379999999999,1.475597,3.2604410000000001,123.87051099999999
0.58134914598838039,0.82740255429853005,4,6,1,23,2.5708000000000002,1.9644379999999999,1.475597,3.2604410000000001,123.87051099999999
0.57978359661681012,0.74031150918217403,2,6,1,20,2,1.5849629999999999,2.1435900000000001,3.3551799999999998,234.891864
0.57978359661681012,-0.78094594408630402,4,6,1,20,4,1.5849629999999999,2.1435900000000001,3.3551799999999998,234.891864
0.57978359661681012,0.63094759412122803,2,5,1,7,4,1.589418,1.380179,3.065477,117.696934
0.57978359661681012,-0.154324046762991,4,5,1,23,4,1.7029749999999999,1.4485060000000001,3.324773,162.16508300000001
0.56820172406699498,0.64639746983937896,4,6,1,20,2,1.839491,1.515236,2.5682390000000002,9.1847700000000003
0.56820172406699498,-0.78094594408630402,4,6,1,20,4,1.5849629999999999,2.1435900000000001,3.3551799999999998,234.891864
0.56820172406699498,0.54719462940361197,5,1,1,21,0.25,1.5849629999999999,2.1435900000000001,3.3551799999999998,234.891864
0.56820172406699498,-0.33102276176154999,5,6,1,20,0.25,1.5849629999999999,2.1435900000000001,3.3551799999999998,234.891864
0.56820172406699498,-2.0586062586701801,3,5,1,23,1.1667000000000001,1.2088300000000001,1.340533,3.085988,99.184106999999997
0.56466606425208932,0.361260662551113,3,6,1,10,1,1.2072099999999999,1.324422,2.942002,58.832287000000001
0.55630250076728727,0.64639746983937896,4,6,1,20,2,1.839491,1.515236,2.5682390000000002,9.1847700000000003
0.55630250076728727,0.56603903102808895,2,5,1,5,4,1.552521,1.359497,3.0367310000000001,112.359173
0.55318759898222314,0.61710138008750104,4,6,1,23,1.0207999999999999,1.70309,1.4189659999999999,3.1064319999999999,143.76107300000001
0.5502283530550941,0.40507066839775402,4,6,1,20,4,1.839491,1.515236,2.5682390000000002,9.1847700000000003
0.54406804435027567,-0.17293300299440201,1,6,1,8,3,1.626166,1.395489,3.3213059999999999,84.295136999999997
0.54406804435027567,0.25734316426906401,4,5,1,20,3,1.2072099999999999,1.324422,2.942002,58.832287000000001
0.54406804435027567,0.25734316426906401,4,5,1,20,3,1.2072099999999999,1.324422,2.942002,58.832287000000001
0.54406804435027567,0.63668933440081799,4,6,1,20,4,1.776553,1.5190509999999999,3.3022420000000001,154.74236099999999
0.54406804435027567,-0.24235695713307501,3,6,1,22,1,1.5849629999999999,2.1435900000000001,3.3551799999999998,234.891864
0.53209702727291008,0.30780520073726297,4,6,1,23,2.7917000000000001,1.2072099999999999,1.324422,2.942002,58.832287000000001
0.53209702727291008,0.30780520073726297,4,6,1,23,2.7917000000000001,1.2072099999999999,1.324422,2.942002,58.832287000000001
0.53209702727291008,0.30780520073726297,4,6,1,23,2.7917000000000001,1.2072099999999999,1.324422,2.942002,58.832287000000001
0.53209702727291008,0.30780520073726297,4,6,1,23,2.7917000000000001,1.2072099999999999,1.324422,2.942002,58.832287000000001
0.53209702727291008,0.30780520073726297,4,6,1,23,2.7917000000000001,1.2072099999999999,1.324422,2.942002,58.832287000000001
0.53147891704225514,0.40507066839775402,4,6,1,20,4,1.839491,1.515236,2.5682390000000002,9.1847700000000003
0.53147891704225514,0.64639746983937896,4,6,1,20,2,1.839491,1.515236,2.5682390000000002,9.1847700000000003
0.53147891704225514,0.15812011525532499,4,2,1,24,3,1.484996,1.41821,3.3048950000000001,145.539736
0.53019969820308221,0.63668933440081799,4,6,1,20,4,1.776553,1.5190509999999999,3.3022420000000001,154.74236099999999
0.51982799377571876,0.305116457801695,1,6,1,10,3,1.626166,1.395489,3.3213059999999999,84.295136999999997
0.50514997831990605,0.58337536920230704,1,6,1,10,3,1.5849629999999999,2.1435900000000001,3.3551799999999998,234.891864
0.50514997831990605,0.40507066839775402,4,6,1,20,4,1.839491,1.515236,2.5682390000000002,9.1847700000000003
0.50514997831990605,0.51406878313273396,2,6,1,20,4,1.5849629999999999,2.1435900000000001,3.3551799999999998,234.891864
0.50514997831990605,-1.5728390008825399,5,6,1,20,1,1.5849629999999999,2.1435900000000001,3.3551799999999998,234.891864
0.50514997831990605,0.87973490081225902,3,6,1,10,2,1.776553,1.5190509999999999,3.3022420000000001,154.74236099999999
0.50514997831990605,-0.332721520487262,3,1,1,5,1,1.2088300000000001,1.340533,3.085988,99.184106999999997
0.50514997831990605,1.1289145750879901,3,6,1,3,1,1.5954619999999999,1.3889940000000001,2.2771409999999999,54.191592
0.505014240084107,-0.80452134745264003,4,1,1,20,2,1.5849629999999999,2.1435900000000001,3.3551799999999998,234.891864
0.49692964807321494,-0.30228702311455002,4,6,1,20,2,1.5849629999999999,2.1435900000000001,3.3551799999999998,234.891864
0.49485002168009401,0.83745065926682005,1,6,1,23,3,1.285285,1.336076,2.9040379999999999,85.915459999999996
0.49415459401844281,0.38333740635965102,1,6,1,23,3,1.4653609999999999,1.4271160000000001,3.3460960000000002,177.699433
0.49136169383427269,0.43870188690585099,2,5,1,7,4,1.3993519999999999,1.4955149999999999,3.3305389999999999,174.65439900000001
0.49136169383427269,-0.087711320532227494,3,6,1,20,1,1.3993519999999999,1.4955149999999999,3.3305389999999999,174.65439900000001
0.48804501621827623,0.40577849796623799,3,6,1,10,1,1.484996,1.41821,3.3048950000000001,145.539736
0.4861111231395786,0.36419416606444899,1,1,1,23,3,1.892315,1.4431499999999999,2.852611,88.542133000000007
0.47712125471966244,0.43165342106655902,1,6,1,23,1,1.5849629999999999,2.1435900000000001,3.3551799999999998,234.891864
0.47712125471966244,0.43165342106655902,1,6,1,23,1,1.5849629999999999,2.1435900000000001,3.3551799999999998,234.891864
0.47712125471966244,0.24221718901918399,4,2,1,20,4,1.839491,1.515236,2.5682390000000002,9.1847700000000003
0.47712125471966244,0.55649227404945401,2,5,1,5,4,1.589418,1.380179,3.065477,117.696934
0.47712125471966244,0.43870188690585099,2,5,1,5,4,1.3993519999999999,1.4955149999999999,3.3305389999999999,174.65439900000001
0.47712125471966244,0.13862702263516999,3,1,1,10,1,1.5849629999999999,2.1435900000000001,3.3551799999999998,234.891864
0.47275644931721239,0.318546564787273,3,5,1,20,2,1.2072099999999999,1.324422,2.942002,58.832287000000001
0.46982201597816303,0.066622996000975404,4,6,1,22,3,1.8894820000000001,1.576716,3.0689790000000001,169.580533
0.46239799789895608,-0.61261017045525901,4,6,1,20,1,1.5849629999999999,2.1435900000000001,3.3551799999999998,234.891864
0.46239799789895608,0.3688901715017,4,5,1,23,3,1.4110370000000001,1.3766670000000001,2.883861,125.832667
0.45788189673399232,0.41975957635176298,3,6,1,10,2,1.2072099999999999,1.324422,2.942002,58.832287000000001
0.45024910831936105,-0.30228702311455002,4,6,1,20,2,1.5849629999999999,2.1435900000000001,3.3551799999999998,234.891864
0.44560420327359757,-0.203238527288675,4,1,1,20,1,1.776553,1.5190509999999999,3.3022420000000001,154.74236099999999
0.43518701426485362,-1.8010564566296099,4,5,1,22,3,1.2072099999999999,1.324422,2.942002,58.832287000000001
0.43518701426485362,-1.8010564566296099,4,5,1,22,3,1.2072099999999999,1.324422,2.942002,58.832287000000001
0.43518701426485362,-1.8010564566296099,4,5,1,22,3,1.2072099999999999,1.324422,2.942002,58.832287000000001
0.43518701426485362,0.12708546450025701,4,6,1,22,4,1.2072099999999999,1.324422,2.942002,58.832287000000001
0.43518701426485362,0.24889094620978899,4,6,1,23,4,1.2072099999999999,1.324422,2.942002,58.832287000000001
0.43518701426485362,0.24889094620978899,4,6,1,23,4,1.2072099999999999,1.324422,2.942002,58.832287000000001
0.43518701426485362,0.24889094620978899,4,6,1,23,4,1.2072099999999999,1.324422,2.942002,58.832287000000001
0.43518701426485362,-1.88863268400618,4,5,1,23,3,1.2072099999999999,1.324422,2.942002,58.832287000000001
0.43518701426485362,-1.88863268400618,4,5,1,23,3,1.2072099999999999,1.324422,2.942002,58.832287000000001
0.43518701426485362,-1.88863268400618,4,5,1,23,3,1.2072099999999999,1.324422,2.942002,58.832287000000001
0.43456890403419873,0.64639746983937896,4,6,1,20,2,1.839491,1.515236,2.5682390000000002,9.1847700000000003
0.43296929087440572,0.64639746983937896,4,6,1,20,2,1.839491,1.515236,2.5682390000000002,9.1847700000000003
0.43136376415898736,0.64639746983937896,4,6,1,20,2,1.839491,1.515236,2.5682390000000002,9.1847700000000003
0.43136376415898736,0.51406878313273396,2,6,1,20,4,1.5849629999999999,2.1435900000000001,3.3551799999999998,234.891864
0.43136376415898736,0.50121857061729802,2,6,1,22,3.875,1.2072099999999999,1.324422,2.942002,58.832287000000001
0.42813479402878885,-0.90341736275658202,4,5,1,20,4,1.5849629999999999,2.1435900000000001,3.3551799999999998,234.891864
0.42813479402878885,0.955619703184858,4,5,3,20,4,1.276767,1.3244089999999999,3.2814380000000001,105.33019
0.42813479402878885,-0.048672606422006902,4,5,1,23,4,1.5849629999999999,2.1435900000000001,3.3551799999999998,234.891864
0.42324587393680785,0.51406878313273396,2,6,1,20,4,1.5849629999999999,2.1435900000000001,3.3551799999999998,234.891864
0.41995574848975786,-0.32730778480123901,4,6,1,20,3,1.5849629999999999,2.1435900000000001,3.3551799999999998,234.891864
0.41497334797081797,0.34068166377685599,3,1,1,20,2,1.5849629999999999,2.1435900000000001,3.3551799999999998,234.891864
0.3979400086720376,-0.051955062561164403,1,1,1,22,3,1.484996,1.41821,3.3048950000000001,145.539736
0.3979400086720376,-0.26511980356772602,1,1,1,23,3,1.484996,1.41821,3.3048950000000001,145.539736
0.3979400086720376,-0.31829575749551298,1,6,1,5,3,1.626166,1.395489,3.3213059999999999,84.295136999999997
0.3979400086720376,0.40507066839775402,4,6,1,20,4,1.839491,1.515236,2.5682390000000002,9.1847700000000003
0.3979400086720376,0.165843166976643,4,5,3,22,4,1.276767,1.3244089999999999,3.2814380000000001,105.33019
0.3979400086720376,0.313257703909123,4,5,1,23,1.9167000000000001,1.5849629999999999,2.1435900000000001,3.3551799999999998,234.891864
0.3979400086720376,0.41009304831580801,4,5,1,23,0.91669999999999996,1.5849629999999999,2.1435900000000001,3.3551799999999998,234.891864
0.3979400086720376,0.313257703909123,4,5,1,23,1.9167000000000001,1.5849629999999999,2.1435900000000001,3.3551799999999998,234.891864
0.3979400086720376,0.41009304831580801,4,5,1,23,0.91669999999999996,1.5849629999999999,2.1435900000000001,3.3551799999999998,234.891864
0.3979400086720376,0.41009304831580801,4,5,1,23,0.91669999999999996,1.5849629999999999,2.1435900000000001,3.3551799999999998,234.891864
0.3979400086720376,0.41009304831580801,4,5,1,23,0.91669999999999996,1.5849629999999999,2.1435900000000001,3.3551799999999998,234.891864
0.3979400086720376,0.94206677748395495,4,6,1,22,0.125,1.716534,1.4426460000000001,3.3251029999999999,128.763285
0.3979400086720376,1.2976149083244799,4,6,1,23,0.125,1.716534,1.4426460000000001,3.3251029999999999,128.763285
0.3979400086720376,0.43737078074035102,4,6,1,23,0.5,1.716534,1.4426460000000001,3.3251029999999999,128.763285
0.3979400086720376,1.2976149083244799,4,6,1,23,0.125,1.716534,1.4426460000000001,3.3251029999999999,128.763285
0.3979400086720376,0.43737078074035102,4,6,1,23,0.5,1.716534,1.4426460000000001,3.3251029999999999,128.763285
0.3979400086720376,0.424730975336019,4,6,1,23,1,1.716534,1.4426460000000001,3.3251029999999999,128.763285
0.3979400086720376,0.424730975336019,4,6,1,23,1,1.716534,1.4426460000000001,3.3251029999999999,128.763285
0.3979400086720376,0.43737078074035102,4,6,1,23,0.5,1.716534,1.4426460000000001,3.3251029999999999,128.763285
0.3979400086720376,0.424730975336019,4,6,1,23,1,1.716534,1.4426460000000001,3.3251029999999999,128.763285
0.3979400086720376,0.43737078074035102,4,6,1,23,0.5,1.716534,1.4426460000000001,3.3251029999999999,128.763285
0.3979400086720376,0.34184808460497801,4,5,1,23,1.9167000000000001,1.5954619999999999,1.3889940000000001,2.2771409999999999,54.191592
0.3979400086720376,0.146447100643426,4,5,1,22,2,1.776553,1.5190509999999999,3.3022420000000001,154.74236099999999
0.3979400086720376,-0.057754528156558703,4,5,1,22,1,1.776553,1.5190509999999999,3.3022420000000001,154.74236099999999
0.3979400086720376,0.59480411378303699,4,5,1,23,4,1.776553,1.5190509999999999,3.3022420000000001,154.74236099999999
0.38916608436453248,-0.78094594408630402,4,6,1,20,4,1.5849629999999999,2.1435900000000001,3.3551799999999998,234.891864
0.38021124171160603,-0.30228702311455002,4,6,1,20,2,1.5849629999999999,2.1435900000000001,3.3551799999999998,234.891864
0.37839790094813769,0.12079579808692301,4,1,1,20,3,1.776553,1.5190509999999999,3.3022420000000001,154.74236099999999
0.36172783601759284,0.63357763199444095,4,4,1,23,3.9582999999999999,1.8431759999999999,1.4557500000000001,3.8013340000000002,7.8246370000000001
0.35410843914740087,0.32536769019926898,3,6,1,20,2,1.484996,1.41821,3.3048950000000001,145.539736
0.35218251811136247,-0.11216179868005501,4,6,1,20,0.16669999999999999,1.5849629999999999,2.1435900000000001,3.3551799999999998,234.891864
0.35218251811136247,-0.61261017045525901,4,6,1,20,1,1.5849629999999999,2.1435900000000001,3.3551799999999998,234.891864
0.35218251811136247,-0.151734330291212,4,6,1,20,0.25,1.5849629999999999,2.1435900000000001,3.3551799999999998,234.891864
0.35218251811136247,0.25966986306376399,3,6,1,10,1,1.5849629999999999,2.1435900000000001,3.3551799999999998,234.891864
0.34242268082220628,0.305116457801695,1,6,1,10,3,1.626166,1.395489,3.3213059999999999,84.295136999999997
0.34242268082220628,0.46716702583212599,1,6,1,10,3,1.716534,1.4426460000000001,3.3251029999999999,128.763285
0.34242268082220628,0.64639746983937896,4,6,1,20,2,1.839491,1.515236,2.5682390000000002,9.1847700000000003
0.34242268082220628,0.438890217877694,4,6,3,20,4,1.776553,1.5190509999999999,3.3022420000000001,154.74236099999999
0.33827700125679722,-1.8010564566296099,4,5,1,22,3,1.2072099999999999,1.324422,2.942002,58.832287000000001
0.33827700125679722,-0.46609343103137502,4,6,1,22,0.41670000000000001,1.2072099999999999,1.324422,2.942002,58.832287000000001
0.33827700125679722,-0.46609343103137502,4,6,1,22,0.41670000000000001,1.2072099999999999,1.324422,2.942002,58.832287000000001
0.33827700125679722,-0.73753401134425201,4,6,1,23,1.0832999999999999,1.2072099999999999,1.324422,2.942002,58.832287000000001
0.33827700125679722,-0.73753401134425201,4,6,1,23,1.0832999999999999,1.2072099999999999,1.324422,2.942002,58.832287000000001
0.33827700125679722,-0.73753401134425201,4,6,1,23,1.0832999999999999,1.2072099999999999,1.324422,2.942002,58.832287000000001
0.33827700125679722,-1.88863268400618,4,5,1,23,3,1.2072099999999999,1.324422,2.942002,58.832287000000001
0.33827700125679722,-1.88863268400618,4,5,1,23,3,1.2072099999999999,1.324422,2.942002,58.832287000000001
0.32837960343873768,0.81415101296123105,4,5,1,23,4,1.5866450000000001,1.4455169999999999,3.158649,145.55060700000001
0.32656404443804471,-0.39361355126092401,4,6,1,20,0.83330000000000004,1.182966,1.329504,3.1749800000000001,122.239276
0.3222192947339193,0.40507066839775402,4,6,1,20,4,1.839491,1.515236,2.5682390000000002,9.1847700000000003
0.3222192947339193,0.40507066839775402,4,6,1,20,4,1.839491,1.515236,2.5682390000000002,9.1847700000000003
0.3222192947339193,0.40507066839775402,4,6,1,20,4,1.839491,1.515236,2.5682390000000002,9.1847700000000003
0.31610971693375267,0.64148299727758096,1,6,1,14,1,1.484996,1.41821,3.3048950000000001,145.539736
0.31115221145695254,0.127955768513007,4,6,1,23,1,1.5737460000000001,1.388574,3.333167,150.85861700000001
0.30963016742589877,0.41975957635176298,3,6,1,10,2,1.2072099999999999,1.324422,2.942002,58.832287000000001
0.3010299956639812,0.41911769617901801,1,1,1,22,2,1.4527939999999999,1.3822369999999999,2.776742,110.92294200000001
0.3010299956639812,0.118501214674379,1,1,1,22,3,1.4527939999999999,1.3822369999999999,2.776742,110.92294200000001
0.3010299956639812,0.46737021462998501,1,1,1,22,1,1.4527939999999999,1.3822369999999999,2.776742,110.92294200000001
0.3010299956639812,0.41911769617901801,1,1,1,22,2,1.4527939999999999,1.3822369999999999,2.776742,110.92294200000001
0.3010299956639812,0.46737021462998501,1,1,1,22,1,1.4527939999999999,1.3822369999999999,2.776742,110.92294200000001
0.3010299956639812,0.41911769617901801,1,1,1,22,2,1.4527939999999999,1.3822369999999999,2.776742,110.92294200000001
0.3010299956639812,0.46737021462998501,1,1,1,22,1,1.4527939999999999,1.3822369999999999,2.776742,110.92294200000001
0.3010299956639812,0.18645503908212699,1,1,1,23,2,1.4527939999999999,1.3822369999999999,2.776742,110.92294200000001
0.3010299956639812,0.40507066839775402,4,6,1,20,4,1.839491,1.515236,2.5682390000000002,9.1847700000000003
0.3010299956639812,0.40507066839775402,4,6,1,20,4,1.839491,1.515236,2.5682390000000002,9.1847700000000003
0.3010299956639812,-0.67767205711641498,4,5,1,20,1,1.5849629999999999,2.1435900000000001,3.3551799999999998,234.891864
0.3010299956639812,-0.117023320961598,4,6,1,21,4,1.5849629999999999,2.1435900000000001,3.3551799999999998,234.891864
0.3010299956639812,0.25485697307528998,4,1,1,24,2,1.5849629999999999,2.1435900000000001,3.3551799999999998,234.891864
0.3010299956639812,0.21446500915078201,4,6,1,22,0.083299999999999999,1.4527939999999999,1.3822369999999999,2.776742,110.92294200000001
0.3010299956639812,0.21446500915078201,4,6,1,22,0.083299999999999999,1.4527939999999999,1.3822369999999999,2.776742,110.92294200000001
0.3010299956639812,-0.019943640452506201,4,6,1,23,0.083299999999999999,1.4527939999999999,1.3822369999999999,2.776742,110.92294200000001
0.3010299956639812,-0.019943640452506201,4,6,1,23,0.083299999999999999,1.4527939999999999,1.3822369999999999,2.776742,110.92294200000001
0.3010299956639812,0.68500167095058895,2,5,1,23,4,1.589418,1.380179,3.065477,117.696934
0.3010299956639812,0.210564350890319,2,5,1,22,4,1.3993519999999999,1.4955149999999999,3.3305389999999999,174.65439900000001
0.3010299956639812,0.33835595699745302,3,5,3,20,2,1.2072099999999999,1.324422,2.942002,58.832287000000001
0.3010299956639812,0.34068166377685599,3,1,1,20,2,1.5849629999999999,2.1435900000000001,3.3551799999999998,234.891864
0.3010299956639812,0.29965834733570901,5,6,1,22,2,1.589418,1.380179,3.065477,117.696934
0.29885307640970665,0.25966986306376399,3,6,1,10,1,1.5849629999999999,2.1435900000000001,3.3551799999999998,234.891864
0.29885307640970665,0.234530788394058,3,6,1,10,2,1.5849629999999999,2.1435900000000001,3.3551799999999998,234.891864
0.29578694025160929,-0.22904014165530601,4,5,3,20,4,1.7029749999999999,1.4485060000000001,3.324773,162.16508300000001
0.29361664761984918,-0.87019142094611901,4,5,3,22,4,1.285285,1.336076,2.9040379999999999,85.915459999999996
0.2844307338445195,-0.30228702311455002,4,6,1,20,2,1.5849629999999999,2.1435900000000001,3.3551799999999998,234.891864
0.28330122870354957,0.40507066839775402,4,6,1,20,4,1.839491,1.515236,2.5682390000000002,9.1847700000000003
0.28160144382565522,-0.52264746579543497,4,5,3,22,4,1.7029749999999999,1.4485060000000001,3.324773,162.16508300000001
0.28103336724772754,0.40507066839775402,4,6,1,20,4,1.839491,1.515236,2.5682390000000002,9.1847700000000003
0.28028505427911049,0.21442273004201301,4,6,1,22,3.0832999999999999,1.2072099999999999,1.324422,2.942002,58.832287000000001
0.28028505427911049,0.21442273004201301,4,6,1,22,3.0832999999999999,1.2072099999999999,1.324422,2.942002,58.832287000000001
0.28028505427911049,0.21442273004201301,4,6,1,22,3.0832999999999999,1.2072099999999999,1.324422,2.942002,58.832287000000001
0.28028505427911049,0.21442273004201301,4,6,1,22,3.0832999999999999,1.2072099999999999,1.324422,2.942002,58.832287000000001
0.28028505427911049,-0.51439433524864497,4,6,1,23,0.41670000000000001,1.2072099999999999,1.324422,2.942002,58.832287000000001
0.28028505427911049,-0.51439433524864497,4,6,1,23,0.41670000000000001,1.2072099999999999,1.324422,2.942002,58.832287000000001
0.28028505427911049,-0.060025484065776999,4,6,1,23,3.0832999999999999,1.2072099999999999,1.324422,2.942002,58.832287000000001
0.28028505427911049,-0.51439433524864497,4,6,1,23,0.41670000000000001,1.2072099999999999,1.324422,2.942002,58.832287000000001
0.27875360095282892,0.46102816826276299,1,6,1,8,3,1.735473,1.37564,3.1109100000000001,81.052893999999995
0.27875360095282892,0.24221718901918399,4,2,1,20,4,1.839491,1.515236,2.5682390000000002,9.1847700000000003
0.27875360095282892,-0.56310754595897905,4,6,1,23,4,1.5849629999999999,2.1435900000000001,3.3551799999999998,234.891864
0.27875360095282892,0.23470943335355299,3,6,1,10,1.0832999999999999,1.5849629999999999,2.1435900000000001,3.3551799999999998,234.891864
0.27646180417324412,-0.62592186811187001,4,1,1,20,4,1.5849629999999999,2.1435900000000001,3.3551799999999998,234.891864
0.27184160653649897,0.24221718901918399,4,2,1,20,4,1.839491,1.515236,2.5682390000000002,9.1847700000000003
0.27184160653649897,-0.26756900610534201,4,2,1,20,1,1.839491,1.515236,2.5682390000000002,9.1847700000000003
0.27184160653649897,-0.26756900610534201,4,2,1,20,1,1.839491,1.515236,2.5682390000000002,9.1847700000000003
0.27121573456083292,0.82310193667647003,3,1,1,20,1,1.365961,1.3374999999999999,2.9817149999999999,101.07158699999999
0.25527250510330607,0.25651120752393097,4,6,1,24,0.33329999999999999,1.5849629999999999,2.1435900000000001,3.3551799999999998,234.891864
0.25527250510330607,0.22060306676995001,4,6,1,24,0.125,1.5849629999999999,2.1435900000000001,3.3551799999999998,234.891864
0.25527250510330607,-0.61261017045525901,4,6,1,20,1,1.5849629999999999,2.1435900000000001,3.3551799999999998,234.891864
0.25527250510330607,0.48440621796399702,4,5,1,20,4,1.776553,1.5190509999999999,3.3022420000000001,154.74236099999999
0.25527250510330607,0.25966986306376399,3,6,1,10,1,1.5849629999999999,2.1435900000000001,3.3551799999999998,234.891864
0.2528530309798932,-0.63435774596211802,3,6,1,20,2,1.5849629999999999,2.1435900000000001,3.3551799999999998,234.891864
0.24551266781414982,0.40507066839775402,4,6,1,20,4,1.839491,1.515236,2.5682390000000002,9.1847700000000003
0.24303804868629444,-0.88473819657200503,3,6,1,23,1,1.5849629999999999,2.1435900000000001,3.3551799999999998,234.891864
0.2382970678753939,0.47597846325026499,3,6,1,10,1,1.2088300000000001,1.340533,3.085988,99.184106999999997
0.23778519704730522,-0.32087224613969001,4,5,1,22,1.9167000000000001,1.7029749999999999,1.4485060000000001,3.324773,162.16508300000001
0.2355284469075489,0.240173725065678,4,5,1,22,3,1.776553,1.5190509999999999,3.3022420000000001,154.74236099999999
0.23044892137827391,0.40507066839775402,4,6,1,20,4,1.839491,1.515236,2.5682390000000002,9.1847700000000003
0.23044892137827391,-1.76525358169605,4,2,1,20,4,1.2088300000000001,1.340533,3.085988,99.184106999999997
0.23044892137827391,-0.98359558339551101,4,1,1,20,4,1.2088300000000001,1.340533,3.085988,99.184106999999997
0.23044892137827391,-0.37885218152321098,4,6,1,20,4,1.2088300000000001,1.340533,3.085988,99.184106999999997
0.22450768528965437,0.52893618164155398,3,6,1,19,0.75,1.776553,1.5190509999999999,3.3022420000000001,154.74236099999999
0.22271647114758325,0.24221718901918399,4,2,1,20,4,1.839491,1.515236,2.5682390000000002,9.1847700000000003
0.22005643008687362,0.19024043804555199,4,6,1,23,1,1.7029749999999999,1.4485060000000001,3.324773,162.16508300000001
0.22005643008687362,0.19024043804555199,4,6,1,23,1,1.7029749999999999,1.4485060000000001,3.324773,162.16508300000001
0.21333826464849723,-1.8010564566296099,4,5,1,22,3,1.2072099999999999,1.324422,2.942002,58.832287000000001
0.21333826464849723,-1.8010564566296099,4,5,1,22,3,1.2072099999999999,1.324422,2.942002,58.832287000000001
0.21333826464849723,-1.88863268400618,4,5,1,23,3,1.2072099999999999,1.324422,2.942002,58.832287000000001
0.21182961956470608,0.13862702263516999,3,1,1,10,1,1.5849629999999999,2.1435900000000001,3.3551799999999998,234.891864
0.20411998265592479,-0.32730778480123901,4,6,1,20,3,1.5849629999999999,2.1435900000000001,3.3551799999999998,234.891864
0.20411998265592479,0.433923638833002,3,1,1,20,2,1.365961,1.3374999999999999,2.9817149999999999,101.07158699999999
0.20157302439286054,-0.24252452188926099,4,6,1,22,3,1.7029749999999999,1.4485060000000001,3.324773,162.16508300000001
0.20157302439286054,-0.112723599860397,4,6,1,22,2,1.7029749999999999,1.4485060000000001,3.324773,162.16508300000001
0.20157302439286054,0.087740072249934895,4,6,1,22,4,1.7029749999999999,1.4485060000000001,3.324773,162.16508300000001
0.20157302439286054,0.087740072249934895,4,6,1,22,4,1.7029749999999999,1.4485060000000001,3.324773,162.16508300000001
0.20157302439286054,-0.54000707432774797,4,6,1,22,1,1.7029749999999999,1.4485060000000001,3.324773,162.16508300000001
0.20157302439286054,-0.54000707432774797,4,6,1,22,1,1.7029749999999999,1.4485060000000001,3.324773,162.16508300000001
0.20157302439286054,0.19024043804555199,4,6,1,23,1,1.7029749999999999,1.4485060000000001,3.324773,162.16508300000001
0.20157302439286054,0.19024043804555199,4,6,1,23,1,1.7029749999999999,1.4485060000000001,3.324773,162.16508300000001
0.20157302439286054,0.19024043804555199,4,6,1,23,1,1.7029749999999999,1.4485060000000001,3.324773,162.16508300000001
0.20157302439286054,0.19024043804555199,4,6,1,23,1,1.7029749999999999,1.4485060000000001,3.324773,162.16508300000001
0.20157302439286054,0.19024043804555199,4,6,1,23,1,1.7029749999999999,1.4485060000000001,3.324773,162.16508300000001
0.20157302439286054,0.19024043804555199,4,6,1,23,1,1.7029749999999999,1.4485060000000001,3.324773,162.16508300000001
0.20157302439286054,0.19024043804555199,4,6,1,23,1,1.7029749999999999,1.4485060000000001,3.324773,162.16508300000001
0.19256745333654565,-0.302754157143659,4,2,1,23,2,1.285285,1.336076,2.9040379999999999,85.915459999999996
0.19256745333654565,0.170344699989459,4,2,1,23,3,1.285285,1.336076,2.9040379999999999,85.915459999999996
0.19256745333654565,0.226394214442389,4,2,1,23,1,1.285285,1.336076,2.9040379999999999,85.915459999999996
0.19202770648663009,-0.53536193730811898,1,6,1,14,1,1.7029749999999999,1.4485060000000001,3.324773,162.16508300000001
0.1903316981702915,0.361260662551113,3,6,1,10,1,1.2072099999999999,1.324422,2.942002,58.832287000000001
0.17897694729316943,0.49417833228821301,3,6,1,10,2,1.7059789999999999,1.4547939999999999,3.6407080000000001,222.774563
0.17609125905568124,0.43165342106655902,1,6,1,23,1,1.5849629999999999,2.1435900000000001,3.3551799999999998,234.891864
0.17609125905568124,0.71526086098924002,4,1,1,23,4,1.4481189999999999,1.3571930000000001,3.0020180000000001,65.090712999999994
0.17609125905568124,0.025834521557132301,4,6,1,23,3,1.8894820000000001,1.576716,3.0689790000000001,169.580533
0.17609125905568124,0.13476050359873001,4,1,1,22,4,1.285285,1.336076,2.9040379999999999,85.915459999999996
0.17609125905568124,0.79188904650903102,4,6,1,23,4,1.285285,1.336076,2.9040379999999999,85.915459999999996
0.17609125905568124,0.17219799690017201,4,5,1,23,1,1.285285,1.336076,2.9040379999999999,85.915459999999996
0.17609125905568124,0.17219799690017201,4,5,1,23,1,1.285285,1.336076,2.9040379999999999,85.915459999999996
0.17609125905568124,0.17219799690017201,4,5,1,23,1,1.285285,1.336076,2.9040379999999999,85.915459999999996
0.17609125905568124,0.17219799690017201,4,5,1,23,1,1.285285,1.336076,2.9040379999999999,85.915459999999996
0.17609125905568124,0.17219799690017201,4,5,1,23,1,1.285285,1.336076,2.9040379999999999,85.915459999999996
0.17609125905568124,0.17219799690017201,4,5,1,23,1,1.285285,1.336076,2.9040379999999999,85.915459999999996
0.17609125905568124,0.17219799690017201,4,5,1,23,1,1.285285,1.336076,2.9040379999999999,85.915459999999996
0.17609125905568124,-0.87019142094611901,4,5,3,22,4,1.285285,1.336076,2.9040379999999999,85.915459999999996
0.17609125905568124,0.46602574398847202,4,5,3,23,4,1.285285,1.336076,2.9040379999999999,85.915459999999996
0.17609125905568124,0.46602574398847202,4,5,3,23,4,1.285285,1.336076,2.9040379999999999,85.915459999999996
0.16435285578443709,-0.674808940263669,4,5,1,10,2,1.5849629999999999,2.1435900000000001,3.3551799999999998,234.891864
0.16435285578443709,0.096423889524482498,3,6,1,10,0.041700000000000001,1.5849629999999999,2.1435900000000001,3.3551799999999998,234.891864
0.16136800223497488,-0.174654129444337,3,2,3,20,0.58330000000000004,1.776553,1.5190509999999999,3.3022420000000001,154.74236099999999
0.15228834438305647,1.07081434602353,4,1,1,20,2.5,1.8894820000000001,1.576716,3.0689790000000001,169.580533
0.14612803567823801,-0.203238527288675,4,1,1,20,1,1.776553,1.5190509999999999,3.3022420000000001,154.74236099999999
0.14612803567823801,0.58199526979163196,2,6,1,23,3.875,1.2072099999999999,1.324422,2.942002,58.832287000000001
0.14612803567823801,0.32281828986043598,3,1,1,10,2,1.484996,1.41821,3.3048950000000001,145.539736
0.13987908640123647,0.40507066839775402,4,6,1,20,4,1.839491,1.515236,2.5682390000000002,9.1847700000000003
0.13033376849500614,-0.78094594408630402,4,6,1,20,4,1.5849629999999999,2.1435900000000001,3.3551799999999998,234.891864
0.12385164096708581,0.26498583776892598,4,6,1,20,2,1.484996,1.41821,3.3048950000000001,145.539736
0.11394335230683679,-0.12077506513910399,4,5,1,20,4,1.7029749999999999,1.4485060000000001,3.324773,162.16508300000001
0.11394335230683679,0.63668933440081799,4,6,1,20,4,1.776553,1.5190509999999999,3.3022420000000001,154.74236099999999
0.11394335230683679,0.13729183630487701,3,6,1,10,2,1.724334,1.354805,3.071949,68.540811000000005
0.11058971029924898,0.41744537872004001,4,6,3,20,1,1.2072099999999999,1.324422,2.942002,58.832287000000001
0.1072848722005711,-0.25995797945396398,4,6,1,1,4,1.2072099999999999,1.324422,2.942002,58.832287000000001
0.10720996964786837,0.234426234682441,4,1,1,20,2,1.776553,1.5190509999999999,3.3022420000000001,154.74236099999999
0.09691001300805642,-0.051955062561164403,1,1,1,22,3,1.484996,1.41821,3.3048950000000001,145.539736
0.09691001300805642,-0.26511980356772602,1,1,1,23,3,1.484996,1.41821,3.3048950000000001,145.539736
0.09691001300805642,0.53065927440151694,4,5,3,23,4,1.276767,1.3244089999999999,3.2814380000000001,105.33019
0.09691001300805642,0.43993809562191399,4,5,1,22,1.9167000000000001,1.5849629999999999,2.1435900000000001,3.3551799999999998,234.891864
0.095866453478542654,-0.11475010795050899,4,5,1,10,4,1.1392770000000001,1.324916,3.1601300000000001,119.319778
0.086359830674748214,0.13862702263516999,3,1,1,10,1,1.5849629999999999,2.1435900000000001,3.3551799999999998,234.891864
0.079181246047624818,-0.61261017045525901,4,6,1,20,1,1.5849629999999999,2.1435900000000001,3.3551799999999998,234.891864
0.079181246047624818,0.63668933440081799,4,6,1,20,4,1.776553,1.5190509999999999,3.3022420000000001,154.74236099999999
0.079181246047624818,-0.56310754595897905,4,6,1,23,4,1.5849629999999999,2.1435900000000001,3.3551799999999998,234.891864
0.079181246047624818,0.13729183630487701,3,6,1,10,2,1.724334,1.354805,3.071949,68.540811000000005
0.079181246047624818,0.091829641136211601,3,6,1,5,0.0625,1.5849629999999999,2.1435900000000001,3.3551799999999998,234.891864
0.078275522086600838,-0.28184687664538899,4,5,3,23,4,1.7029749999999999,1.4485060000000001,3.324773,162.16508300000001
0.067070856045370192,-0.21423325304145399,3,2,3,20,1,1.776553,1.5190509999999999,3.3022420000000001,154.74236099999999
0.061169113186126257,-1.0343297159832101,3,6,1,10,1,1.1303300000000001,1.3257829999999999,3.1790210000000001,127.716155
0.06069784035361165,-0.733955781376605,3,1,1,10,2,1.457187,1.5648569999999999,3.3306979999999999,219.12254799999999
0.057532980997074414,0.18008484102276301,4,5,1,23,3,1.7381489999999999,1.5608439999999999,1.400379,71.967768000000007
0.05269394192496786,-0.65614617815406195,4,1,1,20,1,1.5849629999999999,2.1435900000000001,3.3551799999999998,234.891864
0.05269394192496786,-0.61261017045525901,4,6,1,20,1,1.5849629999999999,2.1435900000000001,3.3551799999999998,234.891864
0.049218022670181653,-0.38624943078608298,4,2,1,22,0.25,1.484996,1.41821,3.3048950000000001,145.539736
0.049218022670181653,-0.44359947921563903,4,2,1,22,1.0417000000000001,1.484996,1.41821,3.3048950000000001,145.539736
0.049218022670181653,-0.083120475849031802,4,2,1,23,1.0417000000000001,1.484996,1.41821,3.3048950000000001,145.539736
0.049218022670181653,-0.313401576510558,4,2,1,23,0.25,1.484996,1.41821,3.3048950000000001,145.539736
0.049218022670181653,-0.083120475849031802,4,2,1,23,1.0417000000000001,1.484996,1.41821,3.3048950000000001,145.539736
0.041392685158225077,0.76956402740032703,1,6,1,10,2,1.839491,1.515236,2.5682390000000002,9.1847700000000003
0.041392685158225077,-0.30228702311455002,4,6,1,20,2,1.5849629999999999,2.1435900000000001,3.3551799999999998,234.891864
0.041392685158225077,0.12079579808692301,4,1,1,20,3,1.776553,1.5190509999999999,3.3022420000000001,154.74236099999999
0.041392685158225077,-0.56310754595897905,4,6,1,23,4,1.5849629999999999,2.1435900000000001,3.3551799999999998,234.891864
0.041392685158225077,-0.56310754595897905,4,6,1,23,4,1.5849629999999999,2.1435900000000001,3.3551799999999998,234.891864
0.041392685158225077,-2.2921852909917502,4,5,1,22,4,1.2088300000000001,1.340533,3.085988,99.184106999999997
0.041392685158225077,-2.2921852909917502,4,5,1,22,4,1.2088300000000001,1.340533,3.085988,99.184106999999997
0.041392685158225077,-2.29557499849978,4,5,1,23,4,1.2088300000000001,1.340533,3.085988,99.184106999999997
0.041392685158225077,-2.29557499849978,4,5,1,23,4,1.2088300000000001,1.340533,3.085988,99.184106999999997
0.041392685158225077,-2.29557499849978,4,5,1,23,4,1.2088300000000001,1.340533,3.085988,99.184106999999997
0.041392685158225077,-2.29557499849978,4,5,1,23,4,1.2088300000000001,1.340533,3.085988,99.184106999999997
0.041392685158225077,-0.54547378696342197,4,5,1,22,4,1.1392770000000001,1.324916,3.1601300000000001,119.319778
0.041392685158225077,-0.22888644537769601,3,6,3,20,2,1.2088300000000001,1.340533,3.085988,99.184106999999997
0.041392685158225077,0.13729183630487701,3,6,1,10,2,1.724334,1.354805,3.071949,68.540811000000005
0.037426497940623665,0.26498583776892598,4,6,1,20,2,1.484996,1.41821,3.3048950000000001,145.539736
0.037247005592816018,-1.8010564566296099,4,5,1,22,3,1.2072099999999999,1.324422,2.942002,58.832287000000001
0.037247005592816018,-1.8010564566296099,4,5,1,22,3,1.2072099999999999,1.324422,2.942002,58.832287000000001
0.037247005592816018,-1.88863268400618,4,5,1,23,3,1.2072099999999999,1.324422,2.942002,58.832287000000001
0.029383777685209667,-0.110959181633683,4,6,1,20,0.125,1.5849629999999999,2.1435900000000001,3.3551799999999998,234.891864
0.029383777685209667,0.146447100643426,4,5,1,22,2,1.776553,1.5190509999999999,3.3022420000000001,154.74236099999999
0.029383777685209667,-0.43457035461784199,4,5,1,23,3,1.776553,1.5190509999999999,3.3022420000000001,154.74236099999999
0.02454928841203096,1.14004556500849,4,6,1,23,1,1.5954619999999999,1.3889940000000001,2.2771409999999999,54.191592
0.02454928841203096,1.14004556500849,4,6,1,23,1,1.5954619999999999,1.3889940000000001,2.2771409999999999,54.191592
0.021189299069938092,0.0108029299332382,3,2,3,20,2,1.776553,1.5190509999999999,3.3022420000000001,154.74236099999999
0.01703333929878037,-0.65434952232731602,4,5,1,10,4,1.2088300000000001,1.340533,3.085988,99.184106999999997
0,-0.12708399749013499,1,6,1,5,0.0104,1.2072099999999999,1.324422,2.942002,58.832287000000001
0,0.30470252595518299,1,6,1,19,3,1.626166,1.395489,3.3213059999999999,84.295136999999997
0,-0.184741270505001,1,6,1,22,3,1.626166,1.395489,3.3213059999999999,84.295136999999997
0,0.118501214674379,1,1,1,22,3,1.4527939999999999,1.3822369999999999,2.776742,110.92294200000001
0,-1.323561152356,1,6,1,22,3,1.4527939999999999,1.3822369999999999,2.776742,110.92294200000001
0,-0.68723177711365002,1,6,1,23,3,1.4527939999999999,1.3822369999999999,2.776742,110.92294200000001
0,-0.68723177711365002,1,6,1,23,3,1.4527939999999999,1.3822369999999999,2.776742,110.92294200000001
0,-0.68723177711365002,1,6,1,23,3,1.4527939999999999,1.3822369999999999,2.776742,110.92294200000001
0,0.153369187182372,1,1,1,23,1,1.4527939999999999,1.3822369999999999,2.776742,110.92294200000001
0,0.122170072134461,1,1,1,23,3,1.4527939999999999,1.3822369999999999,2.776742,110.92294200000001
0,0.18645503908212699,1,1,1,23,2,1.4527939999999999,1.3822369999999999,2.776742,110.92294200000001
0,-0.68723177711365002,1,6,1,23,3,1.4527939999999999,1.3822369999999999,2.776742,110.92294200000001
0,-0.68723177711365002,1,6,1,23,3,1.4527939999999999,1.3822369999999999,2.776742,110.92294200000001
0,0.122170072134461,1,1,1,23,3,1.4527939999999999,1.3822369999999999,2.776742,110.92294200000001
0,0.18645503908212699,1,1,1,23,2,1.4527939999999999,1.3822369999999999,2.776742,110.92294200000001
0,0.153369187182372,1,1,1,23,1,1.4527939999999999,1.3822369999999999,2.776742,110.92294200000001
0,0.153369187182372,1,1,1,23,1,1.4527939999999999,1.3822369999999999,2.776742,110.92294200000001
0,1.3294555746797101,1,1,3,22,1,1.4527939999999999,1.3822369999999999,2.776742,110.92294200000001
0,0.976871114114368,1,1,3,22,3,1.4527939999999999,1.3822369999999999,2.776742,110.92294200000001
0,1.22054644991895,1,1,3,23,2,1.4527939999999999,1.3822369999999999,2.776742,110.92294200000001
0,0.97742078832159696,1,1,3,23,1,1.4527939999999999,1.3822369999999999,2.776742,110.92294200000001
0,-0.67767205711641498,4,5,1,20,1,1.5849629999999999,2.1435900000000001,3.3551799999999998,234.891864
0,-0.30228702311455002,4,6,1,20,2,1.5849629999999999,2.1435900000000001,3.3551799999999998,234.891864
0,-0.62592186811187001,4,1,1,20,4,1.5849629999999999,2.1435900000000001,3.3551799999999998,234.891864
0,0.63668933440081799,4,6,1,20,4,1.776553,1.5190509999999999,3.3022420000000001,154.74236099999999
0,0.63668933440081799,4,6,1,20,4,1.776553,1.5190509999999999,3.3022420000000001,154.74236099999999
0,-0.59748101625552297,4,4,1,22,4,1.2072099999999999,1.324422,2.942002,58.832287000000001
0,-0.59403323749390702,4,4,1,23,4,1.2072099999999999,1.324422,2.942002,58.832287000000001
0,-0.59403323749390702,4,4,1,23,4,1.2072099999999999,1.324422,2.942002,58.832287000000001
0,-0.59403323749390702,4,4,1,23,4,1.2072099999999999,1.324422,2.942002,58.832287000000001
0,-0.59403323749390702,4,4,1,23,4,1.2072099999999999,1.324422,2.942002,58.832287000000001
0,-0.59403323749390702,4,4,1,23,4,1.2072099999999999,1.324422,2.942002,58.832287000000001
0,-0.093214138830206197,4,6,1,22,2,1.5849629999999999,2.1435900000000001,3.3551799999999998,234.891864
0,-0.031503900937469201,4,1,1,23,2,1.4930490000000001,1.413699,3.1771880000000001,139.585915
0,0.25647101440956299,4,5,1,23,2,1.8894820000000001,1.576716,3.0689790000000001,169.580533
0,0.25647101440956299,4,5,1,23,2,1.8894820000000001,1.576716,3.0689790000000001,169.580533
0,-1.05139615803055,4,5,1,22,4,1.2515350000000001,1.3367059999999999,2.6866500000000002,74.196158999999994
0,0.121513986904094,4,5,1,23,4,1.2515350000000001,1.3367059999999999,2.6866500000000002,74.196158999999994
0,0.121513986904094,4,5,1,23,4,1.2515350000000001,1.3367059999999999,2.6866500000000002,74.196158999999994
0,0.121513986904094,4,5,1,23,4,1.2515350000000001,1.3367059999999999,2.6866500000000002,74.196158999999994
0,0.121513986904094,4,5,1,23,4,1.2515350000000001,1.3367059999999999,2.6866500000000002,74.196158999999994
0,0.121513986904094,4,5,1,23,4,1.2515350000000001,1.3367059999999999,2.6866500000000002,74.196158999999994
0,0.121513986904094,4,5,1,23,4,1.2515350000000001,1.3367059999999999,2.6866500000000002,74.196158999999994
0,0.033171942127594001,4,5,3,22,4,1.4203760000000001,1.372806,2.6866500000000002,80.000981999999993
0,0.033171942127594001,4,5,3,22,4,1.4203760000000001,1.372806,2.6866500000000002,80.000981999999993
0,-5.32907051820075e-17,4,5,3,23,4,1.4203760000000001,1.372806,2.6866500000000002,80.000981999999993
0,-5.32907051820075e-17,4,5,3,23,4,1.4203760000000001,1.372806,2.6866500000000002,80.000981999999993
0,-5.32907051820075e-17,4,5,3,23,4,1.4203760000000001,1.372806,2.6866500000000002,80.000981999999993
0,-5.32907051820075e-17,4,5,3,23,4,1.4203760000000001,1.372806,2.6866500000000002,80.000981999999993
0,-5.32907051820075e-17,4,5,3,23,4,1.4203760000000001,1.372806,2.6866500000000002,80.000981999999993
0,-5.32907051820075e-17,4,5,3,23,4,1.4203760000000001,1.372806,2.6866500000000002,80.000981999999993
0,-5.32907051820075e-17,4,5,3,23,4,1.4203760000000001,1.372806,2.6866500000000002,80.000981999999993
0,-5.32907051820075e-17,4,5,3,23,4,1.4203760000000001,1.372806,2.6866500000000002,80.000981999999993
0,-5.32907051820075e-17,4,5,3,23,4,1.4203760000000001,1.372806,2.6866500000000002,80.000981999999993
0,-5.32907051820075e-17,4,5,3,23,4,1.4203760000000001,1.372806,2.6866500000000002,80.000981999999993
0,0.020557680716208102,4,5,1,23,4,1.4203760000000001,1.372806,2.6866500000000002,80.000981999999993
0,0.020557680716208102,4,5,1,23,4,1.4203760000000001,1.372806,2.6866500000000002,80.000981999999993
0,0.020557680716208102,4,5,1,23,4,1.4203760000000001,1.372806,2.6866500000000002,80.000981999999993
0,0.020557680716208102,4,5,1,23,4,1.4203760000000001,1.372806,2.6866500000000002,80.000981999999993
0,0.020557680716208102,4,5,1,23,4,1.4203760000000001,1.372806,2.6866500000000002,80.000981999999993
0,0.020557680716208102,4,5,1,23,4,1.4203760000000001,1.372806,2.6866500000000002,80.000981999999993
0,0.020557680716208102,4,5,1,23,4,1.4203760000000001,1.372806,2.6866500000000002,80.000981999999993
0,0.020557680716208102,4,5,1,23,4,1.4203760000000001,1.372806,2.6866500000000002,80.000981999999993
0,0.020557680716208102,4,5,1,23,4,1.4203760000000001,1.372806,2.6866500000000002,80.000981999999993
0,0.020557680716208102,4,5,1,23,4,1.4203760000000001,1.372806,2.6866500000000002,80.000981999999993
0,0.020557680716208102,4,5,1,23,4,1.4203760000000001,1.372806,2.6866500000000002,80.000981999999993
0,0.020557680716208102,4,5,1,23,4,1.4203760000000001,1.372806,2.6866500000000002,80.000981999999993
0,0.020557680716208102,4,5,1,23,4,1.4203760000000001,1.372806,2.6866500000000002,80.000981999999993
0,0.020557680716208102,4,5,1,23,4,1.4203760000000001,1.372806,2.6866500000000002,80.000981999999993
0,0.020557680716208102,4,5,1,23,4,1.4203760000000001,1.372806,2.6866500000000002,80.000981999999993
0,0.020557680716208102,4,5,1,23,4,1.4203760000000001,1.372806,2.6866500000000002,80.000981999999993
0,0.020557680716208102,4,5,1,23,4,1.4203760000000001,1.372806,2.6866500000000002,80.000981999999993
0,0.020557680716208102,4,5,1,23,4,1.4203760000000001,1.372806,2.6866500000000002,80.000981999999993
0,0.020557680716208102,4,5,1,23,4,1.4203760000000001,1.372806,2.6866500000000002,80.000981999999993
0,0.020557680716208102,4,5,1,23,4,1.4203760000000001,1.372806,2.6866500000000002,80.000981999999993
0,0.020557680716208102,4,5,1,23,4,1.4203760000000001,1.372806,2.6866500000000002,80.000981999999993
0,-5.32907051820075e-17,4,5,3,23,4,1.4203760000000001,1.372806,2.6866500000000002,80.000981999999993
0,-5.32907051820075e-17,4,5,3,23,4,1.4203760000000001,1.372806,2.6866500000000002,80.000981999999993
0,-5.32907051820075e-17,4,5,3,23,4,1.4203760000000001,1.372806,2.6866500000000002,80.000981999999993
0,-5.32907051820075e-17,4,5,3,23,4,1.4203760000000001,1.372806,2.6866500000000002,80.000981999999993
0,-5.32907051820075e-17,4,5,3,23,4,1.4203760000000001,1.372806,2.6866500000000002,80.000981999999993
0,-5.32907051820075e-17,4,5,3,23,4,1.4203760000000001,1.372806,2.6866500000000002,80.000981999999993
0,-5.32907051820075e-17,4,5,3,23,4,1.4203760000000001,1.372806,2.6866500000000002,80.000981999999993
0,-5.32907051820075e-17,4,5,3,23,4,1.4203760000000001,1.372806,2.6866500000000002,80.000981999999993
0,-5.32907051820075e-17,4,5,3,23,4,1.4203760000000001,1.372806,2.6866500000000002,80.000981999999993
0,-5.32907051820075e-17,4,5,3,23,4,1.4203760000000001,1.372806,2.6866500000000002,80.000981999999993
0,0.12886179718426199,2,5,1,23,4,1.3993519999999999,1.4955149999999999,3.3305389999999999,174.65439900000001
0,0.76953844799073301,4,5,1,23,4,1.4527939999999999,1.3822369999999999,2.776742,110.92294200000001
0,0.085071051258855002,4,5,1,23,3,1.4527939999999999,1.3822369999999999,2.776742,110.92294200000001
0,0.76953844799073301,4,5,1,23,4,1.4527939999999999,1.3822369999999999,2.776742,110.92294200000001
0,0.76953844799073301,4,5,1,23,4,1.4527939999999999,1.3822369999999999,2.776742,110.92294200000001
0,0.76953844799073301,4,5,1,23,4,1.4527939999999999,1.3822369999999999,2.776742,110.92294200000001
0,1.1089708300649299,4,5,1,22,4,1.7986329999999999,1.43486,3.3119610000000002,101.279689
0,-0.035659906612571998,4,6,1,23,2,1.776553,1.5190509999999999,3.3022420000000001,154.74236099999999
0,-0.035659906612571998,4,6,1,23,2,1.776553,1.5190509999999999,3.3022420000000001,154.74236099999999
0,-0.035659906612571998,4,6,1,23,2,1.776553,1.5190509999999999,3.3022420000000001,154.74236099999999
0,-0.035659906612571998,4,6,1,23,2,1.776553,1.5190509999999999,3.3022420000000001,154.74236099999999
0,-0.035659906612571998,4,6,1,23,2,1.776553,1.5190509999999999,3.3022420000000001,154.74236099999999
0,-0.035659906612571998,4,6,1,23,2,1.776553,1.5190509999999999,3.3022420000000001,154.74236099999999
0,-0.56878781085074404,4,5,1,22,3,1.892315,1.4431499999999999,2.852611,88.542133000000007
0,0.094316696155722399,4,5,1,23,4,1.9644379999999999,1.475597,3.2604410000000001,123.87051099999999
0,-0.27815360675522599,3,6,3,24,1,1.5849629999999999,2.1435900000000001,3.3551799999999998,234.891864
0,-0.63435774596211802,3,6,1,20,2,1.5849629999999999,2.1435900000000001,3.3551799999999998,234.891864
0,-0.64363515853332098,5,1,1,24,2,1.5849629999999999,2.1435900000000001,3.3551799999999998,234.891864
0,-0.30381630006549998,3,6,3,24,1,1.3543559999999999,1.437182,3.29264,211.586873
0,-0.30381630006549998,3,6,3,24,1,1.3543559999999999,1.437182,3.29264,211.586873
0,0.65115421792402295,3,6,1,10,1,1.724334,1.354805,3.071949,68.540811000000005
0,-0.788189616054221,3,6,3,23,2,1.2072099999999999,1.324422,2.942002,58.832287000000001
0,-0.48221585334984701,3,5,1,23,2,1.910509,2.9188610000000001,3.8102480000000001,61.660398999999998
0,-0.47619525343656699,3,5,1,23,1,1.910509,2.9188610000000001,3.8102480000000001,61.660398999999998
0,-2.41639282815117,3,5,1,22,2,1.2088300000000001,1.340533,3.085988,99.184106999999997
0,-0.81636397078960898,5,6,1,23,2,1.2088300000000001,1.340533,3.085988,99.184106999999997
0,-0.26921590583614802,3,5,1,22,2,1.179678,1.311771,3.0597110000000001,55.721961999999998
0,-0.60853836619381796,3,5,1,22,1,1.179678,1.311771,3.0597110000000001,55.721961999999998
0,0.51679891674058898,3,6,1,3,2,1.5954619999999999,1.3889940000000001,2.2771409999999999,54.191592
0,0.56670599448993997,5,6,1,23,2,1.361912,1.3709640000000001,2.8800050000000001,91.050552999999994
0,0.179332698273345,5,6,1,23,2,1.589418,1.380179,3.065477,117.696934
0,-0.29535130602127002,3,5,1,22,2,1.776553,1.5190509999999999,3.3022420000000001,154.74236099999999
0,-0.0308250027412072,3,6,1,22,2,1.2088300000000001,1.340533,3.085988,99.184106999999997
0,-0.0308250027412072,3,6,1,22,2,1.2088300000000001,1.340533,3.085988,99.184106999999997
0,-0.0308250027412072,3,6,1,22,2,1.2088300000000001,1.340533,3.085988,99.184106999999997
0,-0.0308250027412072,3,6,1,22,2,1.2088300000000001,1.340533,3.085988,99.184106999999997
0,-0.0308250027412072,3,6,1,22,2,1.2088300000000001,1.340533,3.085988,99.184106999999997
0,-0.0308250027412072,3,6,1,22,2,1.2088300000000001,1.340533,3.085988,99.184106999999997
0,-0.0308250027412072,3,6,1,22,2,1.2088300000000001,1.340533,3.085988,99.184106999999997
0,-0.0308250027412072,3,6,1,22,2,1.2088300000000001,1.340533,3.085988,99.184106999999997
0,-0.0308250027412072,3,6,1,22,2,1.2088300000000001,1.340533,3.085988,99.184106999999997
0,-0.0308250027412072,3,6,1,22,2,1.2088300000000001,1.340533,3.085988,99.184106999999997
0,-0.0308250027412072,3,6,1,22,2,1.2088300000000001,1.340533,3.085988,99.184106999999997
0,-0.0308250027412072,3,6,1,22,2,1.2088300000000001,1.340533,3.085988,99.184106999999997
0,-0.0308250027412072,3,6,1,22,2,1.2088300000000001,1.340533,3.085988,99.184106999999997
0,-0.0308250027412072,3,6,1,22,2,1.2088300000000001,1.340533,3.085988,99.184106999999997
0,-0.0308250027412072,3,6,1,22,2,1.2088300000000001,1.340533,3.085988,99.184106999999997
0,-0.0510253269683466,3,6,1,23,2,1.2088300000000001,1.340533,3.085988,99.184106999999997
0,-0.0510253269683466,3,6,1,23,2,1.2088300000000001,1.340533,3.085988,99.184106999999997
0,-0.0510253269683466,3,6,1,23,2,1.2088300000000001,1.340533,3.085988,99.184106999999997
0,-0.0510253269683466,3,6,1,23,2,1.2088300000000001,1.340533,3.085988,99.184106999999997
0,-0.0510253269683466,3,6,1,23,2,1.2088300000000001,1.340533,3.085988,99.184106999999997
0,-0.0510253269683466,3,6,1,23,2,1.2088300000000001,1.340533,3.085988,99.184106999999997
0,-0.0510253269683466,3,6,1,23,2,1.2088300000000001,1.340533,3.085988,99.184106999999997
0,-0.0510253269683466,3,6,1,23,2,1.2088300000000001,1.340533,3.085988,99.184106999999997
0,-0.0510253269683466,3,6,1,23,2,1.2088300000000001,1.340533,3.085988,99.184106999999997
0,-0.0510253269683466,3,6,1,23,2,1.2088300000000001,1.340533,3.085988,99.184106999999997
0,-0.0510253269683466,3,6,1,23,2,1.2088300000000001,1.340533,3.085988,99.184106999999997
0,-0.0510253269683466,3,6,1,23,2,1.2088300000000001,1.340533,3.085988,99.184106999999997
0,-0.0510253269683466,3,6,1,23,2,1.2088300000000001,1.340533,3.085988,99.184106999999997
0,-0.0510253269683466,3,6,1,23,2,1.2088300000000001,1.340533,3.085988,99.184106999999997
0,-0.0510253269683466,3,6,1,23,2,1.2088300000000001,1.340533,3.085988,99.184106999999997
0,-0.0510253269683466,3,6,1,23,2,1.2088300000000001,1.340533,3.085988,99.184106999999997
0,-0.0510253269683466,3,6,1,23,2,1.2088300000000001,1.340533,3.085988,99.184106999999997
0,-0.0510253269683466,3,6,1,23,2,1.2088300000000001,1.340533,3.085988,99.184106999999997
0,0.26868941118370498,3,1,1,23,1.0156000000000001,1.6283620000000001,1.443219,2.9466600000000001,85.550308000000001
-0.0017923195294827421,-0.396362254409654,4,1,1,20,2,1.7029749999999999,1.4485060000000001,3.324773,162.16508300000001
-0.0043648054024500883,0.124239463010725,4,1,1,20,4,1.776553,1.5190509999999999,3.3022420000000001,154.74236099999999
-0.02502800570193105,0.37098253641608597,2,1,1,20,2,1.5849629999999999,2.1435900000000001,3.3551799999999998,234.891864
-0.031517051446064863,0.38894812968867298,1,6,1,5,3,1.735473,1.37564,3.1109100000000001,81.052893999999995
-0.036212172654444715,-0.36832472357009999,3,6,1,10,2,1.457187,1.5648569999999999,3.3306979999999999,219.12254799999999
-0.040958607678906384,-0.110959181633683,4,6,1,20,0.125,1.5849629999999999,2.1435900000000001,3.3551799999999998,234.891864
-0.045757490560675115,0.23038662782998601,4,6,1,24,0.375,1.5849629999999999,2.1435900000000001,3.3551799999999998,234.891864
-0.045757490560675115,-0.072270505468851901,4,1,1,22,4,1.5849629999999999,2.1435900000000001,3.3551799999999998,234.891864
-0.045757490560675115,-0.072270505468851901,4,1,1,22,4,1.5849629999999999,2.1435900000000001,3.3551799999999998,234.891864
-0.045757490560675115,-0.072270505468851901,4,1,1,22,4,1.5849629999999999,2.1435900000000001,3.3551799999999998,234.891864
-0.045757490560675115,-0.072270505468851901,4,1,1,22,4,1.5849629999999999,2.1435900000000001,3.3551799999999998,234.891864
-0.045757490560675115,-0.072270505468851901,4,1,1,22,4,1.5849629999999999,2.1435900000000001,3.3551799999999998,234.891864
-0.045757490560675115,-0.0549422358255688,4,1,1,23,4,1.5849629999999999,2.1435900000000001,3.3551799999999998,234.891864
-0.045757490560675115,-0.0549422358255688,4,1,1,23,4,1.5849629999999999,2.1435900000000001,3.3551799999999998,234.891864
-0.045757490560675115,-0.0549422358255688,4,1,1,23,4,1.5849629999999999,2.1435900000000001,3.3551799999999998,234.891864
-0.050609993355087209,-0.32730348026280998,4,6,1,20,0.041700000000000001,1.5849629999999999,2.1435900000000001,3.3551799999999998,234.891864
-0.051867068360841741,0.081409192089465995,1,6,1,10,1,1.484996,1.41821,3.3048950000000001,145.539736
-0.05551732784983137,-0.151734330291212,4,6,1,20,0.25,1.5849629999999999,2.1435900000000001,3.3551799999999998,234.891864
-0.057495893831919269,-0.37007455725458999,4,5,1,5,3.875,1.2072099999999999,1.324422,2.942002,58.832287000000001
-0.057495893831919269,-0.124761512803613,4,5,1,22,3.875,1.2072099999999999,1.324422,2.942002,58.832287000000001
-0.057495893831919269,-0.124761512803613,4,5,1,22,3.875,1.2072099999999999,1.324422,2.942002,58.832287000000001
-0.057495893831919269,-0.124761512803613,4,5,1,22,3.875,1.2072099999999999,1.324422,2.942002,58.832287000000001
-0.057495893831919269,-0.124761512803613,4,5,1,22,3.875,1.2072099999999999,1.324422,2.942002,58.832287000000001
-0.057495893831919269,-0.124761512803613,4,5,1,22,3.875,1.2072099999999999,1.324422,2.942002,58.832287000000001
-0.057495893831919269,-0.124761512803613,4,5,1,22,3.875,1.2072099999999999,1.324422,2.942002,58.832287000000001
-0.057495893831919269,-0.137539355682885,4,5,1,23,3.875,1.2072099999999999,1.324422,2.942002,58.832287000000001
-0.057495893831919269,-0.137539355682885,4,5,1,23,3.875,1.2072099999999999,1.324422,2.942002,58.832287000000001
-0.057495893831919269,-0.137539355682885,4,5,1,23,3.875,1.2072099999999999,1.324422,2.942002,58.832287000000001
-0.057495893831919269,-0.137539355682885,4,5,1,23,3.875,1.2072099999999999,1.324422,2.942002,58.832287000000001
-0.057991946977686754,-0.78631596368214396,3,6,1,23,0.14580000000000001,1.5849629999999999,2.1435900000000001,3.3551799999999998,234.891864
-0.062848168854528166,-0.80130907427206,4,6,1,20,1.8332999999999999,1.182966,1.329504,3.1749800000000001,122.239276
-0.062983892535185784,-0.96564187042134297,1,6,1,10,1,1.7029749999999999,1.4485060000000001,3.324773,162.16508300000001
-0.065501548756432229,-0.0308250027412072,3,6,1,22,2,1.2088300000000001,1.340533,3.085988,99.184106999999997
-0.065501548756432229,-0.0308250027412072,3,6,1,22,2,1.2088300000000001,1.340533,3.085988,99.184106999999997
-0.065501548756432229,-0.0308250027412072,3,6,1,22,2,1.2088300000000001,1.340533,3.085988,99.184106999999997
-0.065501548756432229,-0.0308250027412072,3,6,1,22,2,1.2088300000000001,1.340533,3.085988,99.184106999999997
-0.065501548756432229,-0.0308250027412072,3,6,1,22,2,1.2088300000000001,1.340533,3.085988,99.184106999999997
-0.065501548756432229,-0.0308250027412072,3,6,1,22,2,1.2088300000000001,1.340533,3.085988,99.184106999999997
-0.065501548756432229,-0.0308250027412072,3,6,1,22,2,1.2088300000000001,1.340533,3.085988,99.184106999999997
-0.065501548756432229,-0.0308250027412072,3,6,1,22,2,1.2088300000000001,1.340533,3.085988,99.184106999999997
-0.065501548756432229,-0.0308250027412072,3,6,1,22,2,1.2088300000000001,1.340533,3.085988,99.184106999999997
-0.065501548756432229,-0.0308250027412072,3,6,1,22,2,1.2088300000000001,1.340533,3.085988,99.184106999999997
-0.065501548756432229,-0.0510253269683466,3,6,1,23,2,1.2088300000000001,1.340533,3.085988,99.184106999999997
-0.065501548756432229,-0.0510253269683466,3,6,1,23,2,1.2088300000000001,1.340533,3.085988,99.184106999999997
-0.065501548756432229,-0.0510253269683466,3,6,1,23,2,1.2088300000000001,1.340533,3.085988,99.184106999999997
-0.065501548756432229,-0.0510253269683466,3,6,1,23,2,1.2088300000000001,1.340533,3.085988,99.184106999999997
-0.065501548756432229,-0.0510253269683466,3,6,1,23,2,1.2088300000000001,1.340533,3.085988,99.184106999999997
-0.065501548756432229,-0.0510253269683466,3,6,1,23,2,1.2088300000000001,1.340533,3.085988,99.184106999999997
-0.065501548756432229,-0.0510253269683466,3,6,1,23,2,1.2088300000000001,1.340533,3.085988,99.184106999999997
-0.065501548756432229,-0.0510253269683466,3,6,1,23,2,1.2088300000000001,1.340533,3.085988,99.184106999999997
-0.065501548756432229,-0.0510253269683466,3,6,1,23,2,1.2088300000000001,1.340533,3.085988,99.184106999999997
-0.065501548756432229,-0.0510253269683466,3,6,1,23,2,1.2088300000000001,1.340533,3.085988,99.184106999999997
-0.065501548756432229,-0.0510253269683466,3,6,1,23,2,1.2088300000000001,1.340533,3.085988,99.184106999999997
-0.065501548756432229,-0.0510253269683466,3,6,1,23,2,1.2088300000000001,1.340533,3.085988,99.184106999999997
-0.065501548756432229,-0.0510253269683466,3,6,1,23,2,1.2088300000000001,1.340533,3.085988,99.184106999999997
-0.065501548756432229,-0.0510253269683466,3,6,1,23,2,1.2088300000000001,1.340533,3.085988,99.184106999999997
-0.070581074285707285,0.63668933440081799,4,6,1,20,4,1.776553,1.5190509999999999,3.3022420000000001,154.74236099999999
-0.070581074285707285,-0.241164646647169,3,1,1,10,2,1.5849629999999999,2.1435900000000001,3.3551799999999998,234.891864
-0.08092190762392612,0.95188672261079599,3,6,1,20,2,1.589418,1.380179,3.065477,117.696934
-0.086186147616283335,-0.346457958667934,4,6,1,20,0.5,1.5849629999999999,2.1435900000000001,3.3551799999999998,234.891864
-0.086186147616283335,0.090332224513560794,3,1,1,20,2,1.7029749999999999,1.4485060000000001,3.324773,162.16508300000001
-0.08769173101548397,0.24889094620978899,4,6,1,23,4,1.2072099999999999,1.324422,2.942002,58.832287000000001
-0.091514981121350217,-0.78094594408630402,4,6,1,20,4,1.5849629999999999,2.1435900000000001,3.3551799999999998,234.891864
-0.096910013008056392,-0.90341736275658202,4,5,1,20,4,1.5849629999999999,2.1435900000000001,3.3551799999999998,234.891864
-0.096910013008056392,-0.151734330291212,4,6,1,20,0.25,1.5849629999999999,2.1435900000000001,3.3551799999999998,234.891864
-0.096910013008056392,-0.78094594408630402,4,6,1,20,4,1.5849629999999999,2.1435900000000001,3.3551799999999998,234.891864
-0.096910013008056392,-2.55030900434953,4,6,1,22,2,1.2088300000000001,1.340533,3.085988,99.184106999999997
-0.096910013008056392,-2.55030900434953,4,6,1,22,2,1.2088300000000001,1.340533,3.085988,99.184106999999997
-0.096910013008056392,-2.55030900434953,4,6,1,22,2,1.2088300000000001,1.340533,3.085988,99.184106999999997
-0.096910013008056392,-2.55030900434953,4,6,1,22,2,1.2088300000000001,1.340533,3.085988,99.184106999999997
-0.096910013008056392,-2.55030900434953,4,6,1,22,2,1.2088300000000001,1.340533,3.085988,99.184106999999997
-0.096910013008056392,0.30093025410617602,3,1,1,10,0.083299999999999999,1.5849629999999999,2.1435900000000001,3.3551799999999998,234.891864
-0.096910013008056392,0.433923638833002,3,1,1,20,2,1.365961,1.3374999999999999,2.9817149999999999,101.07158699999999
-0.096910013008056392,-0.81636397078960898,5,6,1,23,2,1.2088300000000001,1.340533,3.085988,99.184106999999997
-0.10237290870955855,-0.78094594408630402,4,6,1,20,4,1.5849629999999999,2.1435900000000001,3.3551799999999998,234.891864
-0.10292299679057967,0.35737639721918901,3,6,3,20,1,1.776553,1.5190509999999999,3.3022420000000001,154.74236099999999
-0.10790539730951958,-0.051955062561164403,1,1,1,22,3,1.484996,1.41821,3.3048950000000001,145.539736
-0.10790539730951958,-0.26511980356772602,1,1,1,23,3,1.484996,1.41821,3.3048950000000001,145.539736
-0.10972095218374721,0.33464174224686999,3,1,1,20,1,1.1303300000000001,1.3257829999999999,3.1790210000000001,127.716155
-0.11350927482751812,-0.346457958667934,4,6,1,20,0.5,1.5849629999999999,2.1435900000000001,3.3551799999999998,234.891864
-0.11483183283807492,-0.396362254409654,4,1,1,20,2,1.7029749999999999,1.4485060000000001,3.324773,162.16508300000001
-0.11747546204511952,0.35428407336783602,3,6,3,20,2,1.776553,1.5190509999999999,3.3022420000000001,154.74236099999999
-0.12320502379929942,-0.37191730069622803,4,5,1,4,3.875,1.2072099999999999,1.324422,2.942002,58.832287000000001
-0.12320502379929942,-0.124761512803613,4,5,1,22,3.875,1.2072099999999999,1.324422,2.942002,58.832287000000001
-0.13076828026902382,-0.146428380911196,4,6,1,20,0.083299999999999999,1.5849629999999999,2.1435900000000001,3.3551799999999998,234.891864
-0.13667713987954411,-0.61261017045525901,4,6,1,20,1,1.5849629999999999,2.1435900000000001,3.3551799999999998,234.891864
-0.14266750356873156,-0.174079178975761,3,5,3,23,1.0417000000000001,1.8894820000000001,1.576716,3.0689790000000001,169.580533
-0.14266750356873156,-0.174079178975761,3,5,3,23,1.0417000000000001,1.8894820000000001,1.576716,3.0689790000000001,169.580533
-0.14266750356873156,-0.174079178975761,3,5,3,23,1.0417000000000001,1.8894820000000001,1.576716,3.0689790000000001,169.580533
-0.14266750356873156,-0.174079178975761,3,5,3,23,1.0417000000000001,1.8894820000000001,1.576716,3.0689790000000001,169.580533
-0.14266750356873156,-0.213065965492575,3,5,3,23,1.9582999999999999,1.8894820000000001,1.576716,3.0689790000000001,169.580533
-0.14266750356873156,-0.213065965492575,3,5,3,23,1.9582999999999999,1.8894820000000001,1.576716,3.0689790000000001,169.580533
-0.16698045292346855,-0.65614617815406195,4,1,1,20,1,1.5849629999999999,2.1435900000000001,3.3551799999999998,234.891864
-0.16698045292346855,-0.61261017045525901,4,6,1,20,1,1.5849629999999999,2.1435900000000001,3.3551799999999998,234.891864
-0.16749108729376366,-0.78094594408630402,4,6,1,20,4,1.5849629999999999,2.1435900000000001,3.3551799999999998,234.891864
-0.17392519729917355,-0.78094594408630402,4,6,1,20,4,1.5849629999999999,2.1435900000000001,3.3551799999999998,234.891864
-0.17392519729917355,-0.30228702311455002,4,6,1,20,2,1.5849629999999999,2.1435900000000001,3.3551799999999998,234.891864
-0.17392519729917355,-0.32730778480123901,4,6,1,20,3,1.5849629999999999,2.1435900000000001,3.3551799999999998,234.891864
-0.17392519729917355,-0.61261017045525901,4,6,1,20,1,1.5849629999999999,2.1435900000000001,3.3551799999999998,234.891864
-0.17392519729917355,-0.78094594408630402,4,6,1,20,4,1.5849629999999999,2.1435900000000001,3.3551799999999998,234.891864
-0.17392519729917355,-0.30228702311455002,4,6,1,20,2,1.5849629999999999,2.1435900000000001,3.3551799999999998,234.891864
-0.17392519729917355,-0.32730778480123901,4,6,1,20,3,1.5849629999999999,2.1435900000000001,3.3551799999999998,234.891864
-0.17392519729917355,-0.30864131735128097,4,5,1,23,2,1.776553,1.5190509999999999,3.3022420000000001,154.74236099999999
-0.17392519729917355,-0.21822159910574501,3,6,1,22,2,1.484996,1.41821,3.3048950000000001,145.539736
-0.17392519729917355,-0.21822159910574501,3,6,1,22,2,1.484996,1.41821,3.3048950000000001,145.539736
-0.17392519729917355,-0.21822159910574501,3,6,1,22,2,1.484996,1.41821,3.3048950000000001,145.539736
-0.17392519729917355,-0.21822159910574501,3,6,1,22,2,1.484996,1.41821,3.3048950000000001,145.539736
-0.17392519729917355,-0.21822159910574501,3,6,1,22,2,1.484996,1.41821,3.3048950000000001,145.539736
-0.17392519729917355,-0.21822159910574501,3,6,1,22,2,1.484996,1.41821,3.3048950000000001,145.539736
-0.17392519729917355,-0.21822159910574501,3,6,1,22,2,1.484996,1.41821,3.3048950000000001,145.539736
-0.17392519729917355,-0.21822159910574501,3,6,1,22,2,1.484996,1.41821,3.3048950000000001,145.539736
-0.17392519729917355,-0.21822159910574501,3,6,1,22,2,1.484996,1.41821,3.3048950000000001,145.539736
-0.17392519729917355,-0.21822159910574501,3,6,1,22,2,1.484996,1.41821,3.3048950000000001,145.539736
-0.17392519729917355,-0.21822159910574501,3,6,1,22,2,1.484996,1.41821,3.3048950000000001,145.539736
-0.17392519729917355,-0.21822159910574501,3,6,1,22,2,1.484996,1.41821,3.3048950000000001,145.539736
-0.17392519729917355,-0.21822159910574501,3,6,1,22,2,1.484996,1.41821,3.3048950000000001,145.539736
-0.17392519729917355,-0.21822159910574501,3,6,1,22,2,1.484996,1.41821,3.3048950000000001,145.539736
-0.17392519729917355,-0.21822159910574501,3,6,1,22,2,1.484996,1.41821,3.3048950000000001,145.539736
-0.17392519729917355,-0.21822159910574501,3,6,1,22,2,1.484996,1.41821,3.3048950000000001,145.539736
-0.17392519729917355,-0.21822159910574501,3,6,1,22,2,1.484996,1.41821,3.3048950000000001,145.539736
-0.17392519729917355,-0.21822159910574501,3,6,1,22,2,1.484996,1.41821,3.3048950000000001,145.539736
-0.17392519729917355,-0.21822159910574501,3,6,1,22,2,1.484996,1.41821,3.3048950000000001,145.539736
-0.17392519729917355,-0.21822159910574501,3,6,1,22,2,1.484996,1.41821,3.3048950000000001,145.539736
-0.17392519729917355,-0.21822159910574501,3,6,1,22,2,1.484996,1.41821,3.3048950000000001,145.539736
-0.17392519729917355,-0.21822159910574501,3,6,1,22,2,1.484996,1.41821,3.3048950000000001,145.539736
-0.17392519729917355,-0.21822159910574501,3,6,1,22,2,1.484996,1.41821,3.3048950000000001,145.539736
-0.17392519729917355,-0.43926384410313801,3,6,1,23,2,1.484996,1.41821,3.3048950000000001,145.539736
-0.17392519729917355,-0.43926384410313801,3,6,1,23,2,1.484996,1.41821,3.3048950000000001,145.539736
-0.17392519729917355,-0.43926384410313801,3,6,1,23,2,1.484996,1.41821,3.3048950000000001,145.539736
-0.17392519729917355,-0.43926384410313801,3,6,1,23,2,1.484996,1.41821,3.3048950000000001,145.539736
-0.17392519729917355,-0.43926384410313801,3,6,1,23,2,1.484996,1.41821,3.3048950000000001,145.539736
-0.17392519729917355,-0.43926384410313801,3,6,1,23,2,1.484996,1.41821,3.3048950000000001,145.539736
-0.17392519729917355,-0.43926384410313801,3,6,1,23,2,1.484996,1.41821,3.3048950000000001,145.539736
-0.17392519729917355,-0.43926384410313801,3,6,1,23,2,1.484996,1.41821,3.3048950000000001,145.539736
-0.17587416608345102,-0.61261017045525901,4,6,1,20,1,1.5849629999999999,2.1435900000000001,3.3551799999999998,234.891864
-0.1830961606243397,-0.241164646647169,3,1,1,10,2,1.5849629999999999,2.1435900000000001,3.3551799999999998,234.891864
-0.18375870000821692,-0.12077506513910399,4,5,1,20,4,1.7029749999999999,1.4485060000000001,3.324773,162.16508300000001
-0.18708664335714442,-0.90341736275658202,4,5,1,20,4,1.5849629999999999,2.1435900000000001,3.3551799999999998,234.891864
-0.19382002601611281,-0.78094594408630402,4,6,1,20,4,1.5849629999999999,2.1435900000000001,3.3551799999999998,234.891864
-0.19859628998264489,0.30383008786416199,3,6,1,5,1,1.2088300000000001,1.340533,3.085988,99.184106999999997
-0.20411998265592479,-0.051955062561164403,1,1,1,22,3,1.484996,1.41821,3.3048950000000001,145.539736
-0.20411998265592479,-0.26511980356772602,1,1,1,23,3,1.484996,1.41821,3.3048950000000001,145.539736
-0.2089412564081746,-0.78094594408630402,4,6,1,20,4,1.5849629999999999,2.1435900000000001,3.3551799999999998,234.891864
-0.2089412564081746,-0.62592186811187001,4,1,1,20,4,1.5849629999999999,2.1435900000000001,3.3551799999999998,234.891864
-0.21467016498923297,-0.11216179868005501,4,6,1,20,0.16669999999999999,1.5849629999999999,2.1435900000000001,3.3551799999999998,234.891864
-0.21968268785984871,-0.30228702311455002,4,6,1,20,2,1.5849629999999999,2.1435900000000001,3.3551799999999998,234.891864
-0.22184874961635639,-0.346457958667934,4,6,1,20,0.5,1.5849629999999999,2.1435900000000001,3.3551799999999998,234.891864
-0.22184874961635639,-0.30228702311455002,4,6,1,20,2,1.5849629999999999,2.1435900000000001,3.3551799999999998,234.891864
-0.22184874961635639,-0.30228702311455002,4,6,1,20,2,1.5849629999999999,2.1435900000000001,3.3551799999999998,234.891864
-0.22184874961635639,-0.087711320532227494,3,6,1,20,1,1.3993519999999999,1.4955149999999999,3.3305389999999999,174.65439900000001
-0.23284413391781958,-0.13885807622645699,4,5,1,20,0.125,1.5849629999999999,2.1435900000000001,3.3551799999999998,234.891864
-0.23321548450214108,-1.31938229748479,4,2,1,22,2,1.285285,1.336076,2.9040379999999999,85.915459999999996
-0.23321548450214108,-0.302754157143659,4,2,1,23,2,1.285285,1.336076,2.9040379999999999,85.915459999999996
-0.23321548450214108,-0.302754157143659,4,2,1,23,2,1.285285,1.336076,2.9040379999999999,85.915459999999996
-0.23321548450214108,-0.302754157143659,4,2,1,23,2,1.285285,1.336076,2.9040379999999999,85.915459999999996
-0.23321548450214108,-0.302754157143659,4,2,1,23,2,1.285285,1.336076,2.9040379999999999,85.915459999999996
-0.23321548450214108,-0.302754157143659,4,2,1,23,2,1.285285,1.336076,2.9040379999999999,85.915459999999996
-0.23321548450214108,-0.302754157143659,4,2,1,23,2,1.285285,1.336076,2.9040379999999999,85.915459999999996
-0.23321548450214108,-0.302754157143659,4,2,1,23,2,1.285285,1.336076,2.9040379999999999,85.915459999999996
-0.23321548450214108,-0.302754157143659,4,2,1,23,2,1.285285,1.336076,2.9040379999999999,85.915459999999996
-0.23321548450214108,-0.302754157143659,4,2,1,23,2,1.285285,1.336076,2.9040379999999999,85.915459999999996
-0.23321548450214108,-0.302754157143659,4,2,1,23,2,1.285285,1.336076,2.9040379999999999,85.915459999999996
-0.23321548450214108,-0.302754157143659,4,2,1,23,2,1.285285,1.336076,2.9040379999999999,85.915459999999996
-0.23321548450214108,-0.302754157143659,4,2,1,23,2,1.285285,1.336076,2.9040379999999999,85.915459999999996
-0.23321548450214108,-0.302754157143659,4,2,1,23,2,1.285285,1.336076,2.9040379999999999,85.915459999999996
-0.23321548450214108,-0.302754157143659,4,2,1,23,2,1.285285,1.336076,2.9040379999999999,85.915459999999996
-0.23321548450214108,-0.302754157143659,4,2,1,23,2,1.285285,1.336076,2.9040379999999999,85.915459999999996
-0.23385376063299484,-0.711750350198049,4,6,1,23,1,1.401975,1.402067,3.1633,169.09261599999999
-0.23385376063299484,-0.711750350198049,4,6,1,23,1,1.401975,1.402067,3.1633,169.09261599999999
-0.23657200643706275,0.32217539637077097,3,6,1,20,2,1.552521,1.359497,3.0367310000000001,112.359173
-0.23807216157947098,-0.20147634951677901,4,5,1,20,0.25,1.5849629999999999,2.1435900000000001,3.3551799999999998,234.891864
-0.24412514432750865,-0.43683885853083299,4,5,1,20,0.5,1.5849629999999999,2.1435900000000001,3.3551799999999998,234.891864
-0.24412514432750865,-0.19691799949736699,4,6,1,20,0.33329999999999999,1.5849629999999999,2.1435900000000001,3.3551799999999998,234.891864
-0.25026368443093888,-0.32730778480123901,4,6,1,20,3,1.5849629999999999,2.1435900000000001,3.3551799999999998,234.891864
-0.25181197299379954,-0.61261017045525901,4,6,1,20,1,1.5849629999999999,2.1435900000000001,3.3551799999999998,234.891864
-0.25181197299379954,-0.24730149881480201,4,1,1,22,3,1.776553,1.5190509999999999,3.3022420000000001,154.74236099999999
-0.25181197299379954,-0.24730149881480201,4,1,1,22,3,1.776553,1.5190509999999999,3.3022420000000001,154.74236099999999
-0.25181197299379954,-0.23777140440104599,4,1,1,22,1,1.776553,1.5190509999999999,3.3022420000000001,154.74236099999999
-0.25181197299379954,-0.23777140440104599,4,1,1,22,1,1.776553,1.5190509999999999,3.3022420000000001,154.74236099999999
-0.25181197299379954,-0.23777140440104599,4,1,1,22,1,1.776553,1.5190509999999999,3.3022420000000001,154.74236099999999
-0.25181197299379954,-0.23777140440104599,4,1,1,22,1,1.776553,1.5190509999999999,3.3022420000000001,154.74236099999999
-0.25181197299379954,-0.23777140440104599,4,1,1,22,1,1.776553,1.5190509999999999,3.3022420000000001,154.74236099999999
-0.25181197299379954,-0.24730149881480201,4,1,1,22,3,1.776553,1.5190509999999999,3.3022420000000001,154.74236099999999
-0.25181197299379954,-0.24730149881480201,4,1,1,22,3,1.776553,1.5190509999999999,3.3022420000000001,154.74236099999999
-0.25181197299379954,-0.23777140440104599,4,1,1,22,1,1.776553,1.5190509999999999,3.3022420000000001,154.74236099999999
-0.25181197299379954,-0.23777140440104599,4,1,1,22,1,1.776553,1.5190509999999999,3.3022420000000001,154.74236099999999
-0.25181197299379954,-0.24730149881480201,4,1,1,22,3,1.776553,1.5190509999999999,3.3022420000000001,154.74236099999999
-0.25181197299379954,-0.24730149881480201,4,1,1,22,3,1.776553,1.5190509999999999,3.3022420000000001,154.74236099999999
-0.25181197299379954,-0.24730149881480201,4,1,1,22,3,1.776553,1.5190509999999999,3.3022420000000001,154.74236099999999
-0.25181197299379954,-0.23777140440104599,4,1,1,22,1,1.776553,1.5190509999999999,3.3022420000000001,154.74236099999999
-0.25181197299379954,-0.24730149881480201,4,1,1,22,3,1.776553,1.5190509999999999,3.3022420000000001,154.74236099999999
-0.25181197299379954,-0.23777140440104599,4,1,1,22,1,1.776553,1.5190509999999999,3.3022420000000001,154.74236099999999
-0.25181197299379954,-0.23777140440104599,4,1,1,22,1,1.776553,1.5190509999999999,3.3022420000000001,154.74236099999999
-0.25181197299379954,-0.23777140440104599,4,1,1,22,1,1.776553,1.5190509999999999,3.3022420000000001,154.74236099999999
-0.25181197299379954,-0.24730149881480201,4,1,1,22,3,1.776553,1.5190509999999999,3.3022420000000001,154.74236099999999
-0.25181197299379954,-0.24730149881480201,4,1,1,22,3,1.776553,1.5190509999999999,3.3022420000000001,154.74236099999999
-0.25181197299379954,-0.24730149881480201,4,1,1,22,3,1.776553,1.5190509999999999,3.3022420000000001,154.74236099999999
-0.25181197299379954,-0.24730149881480201,4,1,1,22,3,1.776553,1.5190509999999999,3.3022420000000001,154.74236099999999
-0.25181197299379954,-0.23777140440104599,4,1,1,22,1,1.776553,1.5190509999999999,3.3022420000000001,154.74236099999999
-0.25181197299379954,-0.24730149881480201,4,1,1,22,3,1.776553,1.5190509999999999,3.3022420000000001,154.74236099999999
-0.25181197299379954,-0.23777140440104599,4,1,1,22,1,1.776553,1.5190509999999999,3.3022420000000001,154.74236099999999
-0.25181197299379954,-0.23777140440104599,4,1,1,22,1,1.776553,1.5190509999999999,3.3022420000000001,154.74236099999999
-0.25181197299379954,-0.23777140440104599,4,1,1,22,1,1.776553,1.5190509999999999,3.3022420000000001,154.74236099999999
-0.25181197299379954,-0.23777140440104599,4,1,1,22,1,1.776553,1.5190509999999999,3.3022420000000001,154.74236099999999
-0.25181197299379954,-0.24730149881480201,4,1,1,22,3,1.776553,1.5190509999999999,3.3022420000000001,154.74236099999999
-0.25181197299379954,-0.24730149881480201,4,1,1,22,3,1.776553,1.5190509999999999,3.3022420000000001,154.74236099999999
-0.25181197299379954,-0.23777140440104599,4,1,1,22,1,1.776553,1.5190509999999999,3.3022420000000001,154.74236099999999
-0.25181197299379954,-0.25530690856320598,3,6,1,10,2,1.3993519999999999,1.4955149999999999,3.3305389999999999,174.65439900000001
-0.25706482463278879,-0.53536193730811898,1,6,1,14,1,1.7029749999999999,1.4485060000000001,3.324773,162.16508300000001
-0.25963731050575611,-0.78094594408630402,4,6,1,20,4,1.5849629999999999,2.1435900000000001,3.3551799999999998,234.891864
-0.26378299007116518,-2.8175845476475301,4,5,1,22,2,1.2072099999999999,1.324422,2.942002,58.832287000000001
-0.26378299007116518,-1.88863268400618,4,5,1,23,3,1.2072099999999999,1.324422,2.942002,58.832287000000001
-0.26378299007116518,-1.88863268400618,4,5,1,23,3,1.2072099999999999,1.324422,2.942002,58.832287000000001
-0.26760624017703144,-0.61261017045525901,4,6,1,20,1,1.5849629999999999,2.1435900000000001,3.3551799999999998,234.891864
-0.26760624017703144,-0.61261017045525901,4,6,1,20,1,1.5849629999999999,2.1435900000000001,3.3551799999999998,234.891864
-0.27002571430044436,-0.78094594408630402,4,6,1,20,4,1.5849629999999999,2.1435900000000001,3.3551799999999998,234.891864
-0.28399665636520083,-0.30228702311455002,4,6,1,20,2,1.5849629999999999,2.1435900000000001,3.3551799999999998,234.891864
-0.28399665636520083,-0.241164646647169,3,1,1,10,2,1.5849629999999999,2.1435900000000001,3.3551799999999998,234.891864
-0.28399665636520083,-0.36105070091167102,3,6,3,22,0.083299999999999999,1.516354,1.3744959999999999,3.6578080000000002,195.77525800000001
-0.28399665636520083,-0.36105070091167102,3,6,3,22,0.083299999999999999,1.516354,1.3744959999999999,3.6578080000000002,195.77525800000001
-0.28735029837278864,0.234530788394058,3,6,1,10,2,1.5849629999999999,2.1435900000000001,3.3551799999999998,234.891864
-0.28819277095880896,-0.67767205711641498,4,5,1,20,1,1.5849629999999999,2.1435900000000001,3.3551799999999998,234.891864
-0.28959713568317802,-0.65836521644641099,3,6,1,23,0.125,1.776553,1.5190509999999999,3.3022420000000001,154.74236099999999
-0.29242982390206362,0.95188672261079599,3,6,1,20,2,1.589418,1.380179,3.065477,117.696934
-0.3010299956639812,-0.137320499224276,1,6,1,23,3,1.626166,1.395489,3.3213059999999999,84.295136999999997
-0.3010299956639812,-0.22382621361495,1,1,1,22,1,1.626166,1.395489,3.3213059999999999,84.295136999999997
-0.3010299956639812,-0.30228702311455002,4,6,1,20,2,1.5849629999999999,2.1435900000000001,3.3551799999999998,234.891864
-0.3010299956639812,-0.80452134745264003,4,1,1,20,2,1.5849629999999999,2.1435900000000001,3.3551799999999998,234.891864
-0.3010299956639812,-0.0152951372214544,4,1,1,24,0.83330000000000004,1.5849629999999999,2.1435900000000001,3.3551799999999998,234.891864
-0.3010299956639812,-0.616746540534992,4,5,1,23,4,1.1392770000000001,1.324916,3.1601300000000001,119.319778
-0.3010299956639812,-1.1583530893763501,4,6,1,22,4,1.776553,1.5190509999999999,3.3022420000000001,154.74236099999999
-0.3010299956639812,-1.1583530893763501,4,6,1,22,4,1.776553,1.5190509999999999,3.3022420000000001,154.74236099999999
-0.3010299956639812,-1.1583530893763501,4,6,1,22,4,1.776553,1.5190509999999999,3.3022420000000001,154.74236099999999
-0.3010299956639812,-0.41406909465314201,4,5,1,23,1,1.776553,1.5190509999999999,3.3022420000000001,154.74236099999999
-0.3010299956639812,-0.56083761075485905,3,5,1,23,2,1.179678,1.311771,3.0597110000000001,55.721961999999998
-0.3010299956639812,-0.81076566417622498,3,5,1,23,1,1.179678,1.311771,3.0597110000000001,55.721961999999998
-0.30980391997148632,-0.61261017045525901,4,6,1,20,1,1.5849629999999999,2.1435900000000001,3.3551799999999998,234.891864
-0.30980391997148632,-0.30228702311455002,4,6,1,20,2,1.5849629999999999,2.1435900000000001,3.3551799999999998,234.891864
-0.30980391997148632,-0.32730778480123901,4,6,1,20,3,1.5849629999999999,2.1435900000000001,3.3551799999999998,234.891864
-0.31425826139773638,-0.63435774596211802,3,6,1,20,2,1.5849629999999999,2.1435900000000001,3.3551799999999998,234.891864
-0.31875876262441277,0.681992247135778,1,6,1,10,1,1.8894820000000001,1.576716,3.0689790000000001,169.580533
-0.31875876262441277,-0.61261017045525901,4,6,1,20,1,1.5849629999999999,2.1435900000000001,3.3551799999999998,234.891864
-0.31875876262441277,-0.32730778480123901,4,6,1,20,3,1.5849629999999999,2.1435900000000001,3.3551799999999998,234.891864
-0.32328810467664426,-0.54485052649838905,5,6,1,20,2,1.3993519999999999,1.4955149999999999,3.3305389999999999,174.65439900000001
-0.32790214206428259,-0.23819856477037199,4,5,1,19,3,1.2072099999999999,1.324422,2.942002,58.832287000000001
-0.33189376206726867,-0.61261017045525901,4,6,1,20,1,1.5849629999999999,2.1435900000000001,3.3551799999999998,234.891864
-0.33218295278860532,-0.63590916832316702,4,6,1,23,3,1.4087339999999999,1.373945,3.160228,133.256316
-0.33218295278860532,-0.63590916832316702,4,6,1,23,3,1.4087339999999999,1.373945,3.160228,133.256316
-0.33218295278860532,-0.870000502556176,4,6,1,22,3,1.4087339999999999,1.373945,3.160228,133.256316
-0.33724216831842591,0.25734316426906401,4,5,1,20,3,1.2072099999999999,1.324422,2.942002,58.832287000000001
-0.33724216831842591,0.25734316426906401,4,5,1,20,3,1.2072099999999999,1.324422,2.942002,58.832287000000001
-0.33724216831842591,-0.30228702311455002,4,6,1,20,2,1.5849629999999999,2.1435900000000001,3.3551799999999998,234.891864
-0.33724216831842591,-0.32730778480123901,4,6,1,20,3,1.5849629999999999,2.1435900000000001,3.3551799999999998,234.891864
-0.33724216831842591,0.234530788394058,3,6,1,10,2,1.5849629999999999,2.1435900000000001,3.3551799999999998,234.891864
-0.33927678147719864,-0.44912657174822801,5,6,1,23,1,1.3993519999999999,1.4955149999999999,3.3305389999999999,174.65439900000001
-0.33927678147719864,-0.44912657174822801,5,6,1,23,1,1.3993519999999999,1.4955149999999999,3.3305389999999999,174.65439900000001
-0.34678748622465633,-0.78094594408630402,4,6,1,20,4,1.5849629999999999,2.1435900000000001,3.3551799999999998,234.891864
-0.34678748622465633,-0.110959181633683,4,6,1,20,0.125,1.5849629999999999,2.1435900000000001,3.3551799999999998,234.891864
-0.34678748622465633,-0.30228702311455002,4,6,1,20,2,1.5849629999999999,2.1435900000000001,3.3551799999999998,234.891864
-0.34678748622465633,-0.61261017045525901,4,6,1,20,1,1.5849629999999999,2.1435900000000001,3.3551799999999998,234.891864
-0.35289706402482296,0.081409192089465995,1,6,1,10,1,1.484996,1.41821,3.3048950000000001,145.539736
-0.3549233218655829,-0.83663256309905099,4,6,1,20,2.8332999999999999,1.182966,1.329504,3.1749800000000001,122.239276
-0.35654732351381258,-0.32730778480123901,4,6,1,20,3,1.5849629999999999,2.1435900000000001,3.3551799999999998,234.891864
-0.35654732351381258,-0.78094594408630402,4,6,1,20,4,1.5849629999999999,2.1435900000000001,3.3551799999999998,234.891864
-0.36200532156062631,-0.14748336886566399,4,1,1,22,1,1.452116,1.3685240000000001,3.2802560000000001,99.103931000000003
-0.36200532156062631,-0.14748336886566399,4,1,1,22,1,1.452116,1.3685240000000001,3.2802560000000001,99.103931000000003
-0.36351210364663455,-0.79205459966812697,3,1,1,20,2,1.3993519999999999,1.4955149999999999,3.3305389999999999,174.65439900000001
-0.36653154442041347,-0.70303852111935605,3,2,1,20,2,1.5849629999999999,2.1435900000000001,3.3551799999999998,234.891864
-0.36653154442041347,-0.809429091242992,5,2,1,20,2,1.5849629999999999,2.1435900000000001,3.3551799999999998,234.891864
-0.3777859770337047,-0.52427109689218199,3,6,3,20,1,1.5849629999999999,2.1435900000000001,3.3551799999999998,234.891864
-0.38650714869123448,0.26520704895191399,1,6,1,10,1,1.776553,1.5190509999999999,3.3022420000000001,154.74236099999999
-0.38721614328026455,-0.78094594408630402,4,6,1,20,4,1.5849629999999999,2.1435900000000001,3.3551799999999998,234.891864
-0.3979400086720376,-3.08393219599377,4,6,1,23,1,1.2072099999999999,1.324422,2.942002,58.832287000000001
-0.3979400086720376,-3.08393219599377,4,6,1,23,1,1.2072099999999999,1.324422,2.942002,58.832287000000001
-0.3979400086720376,-3.08393219599377,4,6,1,23,1,1.2072099999999999,1.324422,2.942002,58.832287000000001
-0.3979400086720376,-0.52427109689218199,3,6,3,20,1,1.5849629999999999,2.1435900000000001,3.3551799999999998,234.891864
-0.3979400086720376,0.011188173226043799,5,6,1,24,0.25,1.5849629999999999,2.1435900000000001,3.3551799999999998,234.891864
-0.3979400086720376,0.011188173226043799,5,6,1,24,0.25,1.5849629999999999,2.1435900000000001,3.3551799999999998,234.891864
-0.3979400086720376,-0.78474586107218403,3,6,1,23,1,1.3993519999999999,1.4955149999999999,3.3305389999999999,174.65439900000001
-0.40351286626345584,-0.62592186811187001,4,1,1,20,4,1.5849629999999999,2.1435900000000001,3.3551799999999998,234.891864
-0.40619607978239325,0.59765860458390396,4,1,1,22,1,1.4364239999999999,1.360177,3.2685879999999998,78.495012000000003
-0.40619607978239325,0.55966418539434304,4,1,1,23,1,1.4364239999999999,1.360177,3.2685879999999998,78.495012000000003
-0.40893539297350079,-0.58505553085963702,1,1,1,19,3,1.776553,1.5190509999999999,3.3022420000000001,154.74236099999999
-0.4197921221304885,-0.53536193730811898,1,6,1,14,1,1.7029749999999999,1.4485060000000001,3.324773,162.16508300000001
-0.42021640338318983,-0.54669409062496599,4,5,1,20,4,1.3993519999999999,1.4955149999999999,3.3305389999999999,174.65439900000001
-0.4407324851974927,0.041728104871946399,4,5,1,22,1.3332999999999999,1.3242290000000001,1.3411109999999999,3.2619729999999998,58.320908000000003
-0.4407324851974927,-0.334147891901723,4,5,1,23,1.3332999999999999,1.3242290000000001,1.3411109999999999,3.2619729999999998,58.320908000000003
-0.4407324851974927,-0.334147891901723,4,5,1,23,1.3332999999999999,1.3242290000000001,1.3411109999999999,3.2619729999999998,58.320908000000003
-0.44369749923271273,-0.20147634951677901,4,5,1,20,0.25,1.5849629999999999,2.1435900000000001,3.3551799999999998,234.891864
-0.44369749923271273,-0.61261017045525901,4,6,1,20,1,1.5849629999999999,2.1435900000000001,3.3551799999999998,234.891864
-0.44369749923271273,-0.30228702311455002,4,6,1,20,2,1.5849629999999999,2.1435900000000001,3.3551799999999998,234.891864
-0.44369749923271273,-0.32730778480123901,4,6,1,20,3,1.5849629999999999,2.1435900000000001,3.3551799999999998,234.891864
-0.44369749923271273,-0.56310754595897905,4,6,1,23,4,1.5849629999999999,2.1435900000000001,3.3551799999999998,234.891864
-0.44681240101777686,0.110606822753769,4,1,1,22,2,1.70309,1.4189659999999999,3.1064319999999999,143.76107300000001
-0.45593195564972439,0.49836266940212198,1,6,1,10,2,1.716534,1.4426460000000001,3.3251029999999999,128.763285
-0.45593195564972439,-0.97609171156138097,4,5,1,20,2,1.5849629999999999,2.1435900000000001,3.3551799999999998,234.891864
-0.45705015118582115,-0.61261017045525901,4,6,1,20,1,1.5849629999999999,2.1435900000000001,3.3551799999999998,234.891864
-0.46218090492672592,-0.43683885853083299,4,5,1,20,0.5,1.5849629999999999,2.1435900000000001,3.3551799999999998,234.891864
-0.46356782417798653,0.304248563440496,4,2,1,23,3,1.7381489999999999,1.5608439999999999,1.400379,71.967768000000007
-0.4701576591957477,-0.30930315974738498,2,6,1,10,0.083299999999999999,1.145222,1.310416,2.4988860000000002,70.100708999999995
-0.48148606012211248,-0.30228702311455002,4,6,1,20,2,1.5849629999999999,2.1435900000000001,3.3551799999999998,234.891864
-0.48148606012211248,-0.64902744974395499,4,5,1,20,3,1.5849629999999999,2.1435900000000001,3.3551799999999998,234.891864
-0.48148606012211248,-0.809429091242992,5,2,1,20,2,1.5849629999999999,2.1435900000000001,3.3551799999999998,234.891864
-0.49485002168009401,-0.61261017045525901,4,6,1,20,1,1.5849629999999999,2.1435900000000001,3.3551799999999998,234.891864
-0.49485002168009401,-0.78094594408630402,4,6,1,20,4,1.5849629999999999,2.1435900000000001,3.3551799999999998,234.891864
-0.49485002168009401,-0.78094594408630402,4,6,1,20,4,1.5849629999999999,2.1435900000000001,3.3551799999999998,234.891864
-0.49485002168009401,-0.62476238934361605,4,5,1,22,4,1.3993519999999999,1.4955149999999999,3.3305389999999999,174.65439900000001
-0.50445566245355156,-0.051955062561164403,1,1,1,22,3,1.484996,1.41821,3.3048950000000001,145.539736
-0.50445566245355156,-0.26511980356772602,1,1,1,23,3,1.484996,1.41821,3.3048950000000001,145.539736
-0.50584540598155725,-0.26511980356772602,1,1,1,23,3,1.484996,1.41821,3.3048950000000001,145.539736
-0.5072396109731625,-0.60103702772631495,4,2,1,22,4,1.7059789999999999,1.4547939999999999,3.6407080000000001,222.774563
-0.5072396109731625,-1.12815197675323,4,2,1,22,1,1.7059789999999999,1.4547939999999999,3.6407080000000001,222.774563
-0.5072396109731625,-0.60103702772631495,4,2,1,22,4,1.7059789999999999,1.4547939999999999,3.6407080000000001,222.774563
-0.5072396109731625,-1.12815197675323,4,2,1,22,1,1.7059789999999999,1.4547939999999999,3.6407080000000001,222.774563
-0.5072396109731625,-0.60103702772631495,4,2,1,22,4,1.7059789999999999,1.4547939999999999,3.6407080000000001,222.774563
-0.5072396109731625,-0.78465056017816204,4,2,1,23,4,1.7059789999999999,1.4547939999999999,3.6407080000000001,222.774563
-0.5072396109731625,-0.78465056017816204,4,2,1,23,4,1.7059789999999999,1.4547939999999999,3.6407080000000001,222.774563
-0.5072396109731625,-0.89729938523980701,4,2,1,23,1,1.7059789999999999,1.4547939999999999,3.6407080000000001,222.774563
-0.5072396109731625,-0.78465056017816204,4,2,1,23,4,1.7059789999999999,1.4547939999999999,3.6407080000000001,222.774563
-0.5072396109731625,-0.78465056017816204,4,2,1,23,4,1.7059789999999999,1.4547939999999999,3.6407080000000001,222.774563
-0.5072396109731625,-0.89729938523980701,4,2,1,23,1,1.7059789999999999,1.4547939999999999,3.6407080000000001,222.774563
-0.5072396109731625,-0.78465056017816204,4,2,1,23,4,1.7059789999999999,1.4547939999999999,3.6407080000000001,222.774563
-0.5072396109731625,-0.78465056017816204,4,2,1,23,4,1.7059789999999999,1.4547939999999999,3.6407080000000001,222.774563
-0.5072396109731625,-0.89729938523980701,4,2,1,23,1,1.7059789999999999,1.4547939999999999,3.6407080000000001,222.774563
-0.5072396109731625,-0.78465056017816204,4,2,1,23,4,1.7059789999999999,1.4547939999999999,3.6407080000000001,222.774563
-0.5072396109731625,-0.78465056017816204,4,2,1,23,4,1.7059789999999999,1.4547939999999999,3.6407080000000001,222.774563
-0.5072396109731625,-0.89729938523980701,4,2,1,23,1,1.7059789999999999,1.4547939999999999,3.6407080000000001,222.774563
-0.50863830616572736,-0.54380249192375396,4,5,1,5,2,1.5849629999999999,2.1435900000000001,3.3551799999999998,234.891864
-0.50863830616572736,-1.28144366008092,5,1,1,20,1,1.5849629999999999,2.1435900000000001,3.3551799999999998,234.891864
-0.50957627364548641,-0.63748056710946399,4,5,1,24,1,1.589418,1.380179,3.065477,117.696934
-0.51286162452281348,-0.67767205711641498,4,5,1,20,1,1.5849629999999999,2.1435900000000001,3.3551799999999998,234.891864
-0.52287874528033762,-1.20555969130801,4,2,3,20,1,1.5849629999999999,2.1435900000000001,3.3551799999999998,234.891864
-0.52287874528033762,-0.55426144704538804,4,5,1,23,1,1.7059789999999999,1.4547939999999999,3.6407080000000001,222.774563
-0.52287874528033762,-0.37092604339273999,4,5,1,23,4,1.7059789999999999,1.4547939999999999,3.6407080000000001,222.774563
-0.52287874528033762,-0.700834562739167,4,5,1,23,3,1.7059789999999999,1.4547939999999999,3.6407080000000001,222.774563
-0.52287874528033762,-0.86859127471257103,4,6,3,22,0.041700000000000001,1.7029749999999999,1.4485060000000001,3.324773,162.16508300000001
-0.52287874528033762,-0.88090819287996702,4,6,3,22,1.3332999999999999,1.7029749999999999,1.4485060000000001,3.324773,162.16508300000001
-0.52287874528033762,-0.57946639911348297,4,6,3,22,2.3332999999999999,1.7029749999999999,1.4485060000000001,3.324773,162.16508300000001
-0.52287874528033762,-0.63516080159855703,4,6,3,22,2.0417000000000001,1.7029749999999999,1.4485060000000001,3.324773,162.16508300000001
-0.52287874528033762,-0.99298593993392503,4,6,3,23,0.33329999999999999,1.7029749999999999,1.4485060000000001,3.324773,162.16508300000001
-0.52287874528033762,0.25966986306376399,3,6,1,10,1,1.5849629999999999,2.1435900000000001,3.3551799999999998,234.891864
-0.52287874528033762,0.068877134709195598,3,6,1,10,0.0625,1.5849629999999999,2.1435900000000001,3.3551799999999998,234.891864
-0.52287874528033762,-1.5728390008825399,5,6,1,20,1,1.5849629999999999,2.1435900000000001,3.3551799999999998,234.891864
-0.53017798402183702,-0.65614617815406195,4,1,1,20,1,1.5849629999999999,2.1435900000000001,3.3551799999999998,234.891864
-0.54060751224076919,-0.90341736275658202,4,5,1,20,4,1.5849629999999999,2.1435900000000001,3.3551799999999998,234.891864
-0.55284196865778079,-0.97609171156138097,4,5,1,20,2,1.5849629999999999,2.1435900000000001,3.3551799999999998,234.891864
-0.55284196865778079,-0.78094594408630402,4,6,1,20,4,1.5849629999999999,2.1435900000000001,3.3551799999999998,234.891864
-0.55284196865778079,-0.78094594408630402,4,6,1,20,4,1.5849629999999999,2.1435900000000001,3.3551799999999998,234.891864
-0.55736347421776822,-0.43457035461784199,4,5,1,23,3,1.776553,1.5190509999999999,3.3022420000000001,154.74236099999999
-0.55736347421776822,-0.43457035461784199,4,5,1,23,3,1.776553,1.5190509999999999,3.3022420000000001,154.74236099999999
-0.55736347421776822,-0.43457035461784199,4,5,1,23,3,1.776553,1.5190509999999999,3.3022420000000001,154.74236099999999
-0.55736347421776822,-0.43457035461784199,4,5,1,23,3,1.776553,1.5190509999999999,3.3022420000000001,154.74236099999999
-0.55736347421776822,-0.43457035461784199,4,5,1,23,3,1.776553,1.5190509999999999,3.3022420000000001,154.74236099999999
-0.56383735295924398,-2.0703992358187899,4,2,1,22,3,1.5866450000000001,1.4455169999999999,3.158649,145.55060700000001
-0.56383735295924398,-0.37278601765962799,4,5,1,23,3,1.5866450000000001,1.4455169999999999,3.158649,145.55060700000001
-0.56383735295924398,-0.37278601765962799,4,5,1,23,3,1.5866450000000001,1.4455169999999999,3.158649,145.55060700000001
-0.56383735295924398,-0.37278601765962799,4,5,1,23,3,1.5866450000000001,1.4455169999999999,3.158649,145.55060700000001
-0.56481298573514638,-1.5656307878469999,4,5,1,22,3.9167000000000001,1.2072099999999999,1.324422,2.942002,58.832287000000001
-0.56481298573514638,-2.0949054273093402,4,5,1,22,1.9167000000000001,1.2072099999999999,1.324422,2.942002,58.832287000000001
-0.56481298573514638,-1.5656307878469999,4,5,1,22,3.9167000000000001,1.2072099999999999,1.324422,2.942002,58.832287000000001
-0.56481298573514638,-3.3903848543231501,4,5,1,23,2,1.2072099999999999,1.324422,2.942002,58.832287000000001
-0.56863623584101264,-0.94345523011584698,4,5,3,20,1,1.5849629999999999,2.1435900000000001,3.3551799999999998,234.891864
-0.56992494444806074,-0.30228702311455002,4,6,1,20,2,1.5849629999999999,2.1435900000000001,3.3551799999999998,234.891864
-0.58004425151024208,-0.62592186811187001,4,1,1,20,4,1.5849629999999999,2.1435900000000001,3.3551799999999998,234.891864
-0.58169870868025453,-0.79999731393803697,4,6,3,10,2.3332999999999999,1.7029749999999999,1.4485060000000001,3.324773,162.16508300000001
-0.58352592089977917,-0.61261017045525901,4,6,1,20,1,1.5849629999999999,2.1435900000000001,3.3551799999999998,234.891864
-0.58502665202918203,-0.97609171156138097,4,5,1,20,2,1.5849629999999999,2.1435900000000001,3.3551799999999998,234.891864
-0.60109125476683667,0.32980408079801898,4,5,1,20,4,1.589418,1.380179,3.065477,117.696934
-0.6020599913279624,-0.12708399749013499,1,6,1,5,0.0104,1.2072099999999999,1.324422,2.942002,58.832287000000001
-0.6020599913279624,-0.61261017045525901,4,6,1,20,1,1.5849629999999999,2.1435900000000001,3.3551799999999998,234.891864
-0.6020599913279624,-0.62592186811187001,4,1,1,20,4,1.5849629999999999,2.1435900000000001,3.3551799999999998,234.891864
-0.6020599913279624,-1.04030765761264,4,5,1,23,3.9167000000000001,1.2072099999999999,1.324422,2.942002,58.832287000000001
-0.6020599913279624,-1.04030765761264,4,5,1,23,3.9167000000000001,1.2072099999999999,1.324422,2.942002,58.832287000000001
-0.6020599913279624,1.0866019936895299,4,5,1,22,4,1.4527939999999999,1.3822369999999999,2.776742,110.92294200000001
-0.6020599913279624,0.59480411378303699,4,5,1,23,4,1.776553,1.5190509999999999,3.3022420000000001,154.74236099999999
-0.6020599913279624,-0.30864131735128097,4,5,1,23,2,1.776553,1.5190509999999999,3.3022420000000001,154.74236099999999
-0.6020599913279624,-0.43457035461784199,4,5,1,23,3,1.776553,1.5190509999999999,3.3022420000000001,154.74236099999999
-0.6020599913279624,-0.41406909465314201,4,5,1,23,1,1.776553,1.5190509999999999,3.3022420000000001,154.74236099999999
-0.6020599913279624,0.34068166377685599,3,1,1,20,2,1.5849629999999999,2.1435900000000001,3.3551799999999998,234.891864
-0.61047953415362255,-1.5728390008825399,5,6,1,20,1,1.5849629999999999,2.1435900000000001,3.3551799999999998,234.891864
-0.61978875828839397,-0.65742838899419798,1,6,1,10,2,1.3971899999999999,1.3250919999999999,3.667243,139.10991999999999
-0.61978875828839397,-1.2226924586607999,4,2,3,20,2,1.5849629999999999,2.1435900000000001,3.3551799999999998,234.891864
-0.62342304294348805,-0.87019142094611901,4,5,3,22,4,1.285285,1.336076,2.9040379999999999,85.915459999999996
-0.62342304294348805,-0.87019142094611901,4,5,3,22,4,1.285285,1.336076,2.9040379999999999,85.915459999999996
-0.62342304294348805,-0.87019142094611901,4,5,3,22,4,1.285285,1.336076,2.9040379999999999,85.915459999999996
-0.62342304294348805,-0.87019142094611901,4,5,3,22,4,1.285285,1.336076,2.9040379999999999,85.915459999999996
-0.62342304294348805,-0.87019142094611901,4,5,3,22,4,1.285285,1.336076,2.9040379999999999,85.915459999999996
-0.62342304294348805,0.46602574398847202,4,5,3,23,4,1.285285,1.336076,2.9040379999999999,85.915459999999996
-0.62342304294348805,0.46602574398847202,4,5,3,23,4,1.285285,1.336076,2.9040379999999999,85.915459999999996
-0.62342304294348805,0.46602574398847202,4,5,3,23,4,1.285285,1.336076,2.9040379999999999,85.915459999999996
-0.62342304294348805,0.46602574398847202,4,5,3,23,4,1.285285,1.336076,2.9040379999999999,85.915459999999996
-0.62342304294348805,0.46602574398847202,4,5,3,23,4,1.285285,1.336076,2.9040379999999999,85.915459999999996
-0.62342304294348805,0.46602574398847202,4,5,3,23,4,1.285285,1.336076,2.9040379999999999,85.915459999999996
-0.62342304294348805,0.46602574398847202,4,5,3,23,4,1.285285,1.336076,2.9040379999999999,85.915459999999996
-0.62342304294348805,0.46602574398847202,4,5,3,23,4,1.285285,1.336076,2.9040379999999999,85.915459999999996
-0.62342304294348805,0.46602574398847202,4,5,3,23,4,1.285285,1.336076,2.9040379999999999,85.915459999999996
-0.62342304294348805,0.46602574398847202,4,5,3,23,4,1.285285,1.336076,2.9040379999999999,85.915459999999996
-0.62662818281869936,-0.87019142094611901,4,5,3,22,4,1.285285,1.336076,2.9040379999999999,85.915459999999996
-0.62662818281869936,-0.87019142094611901,4,5,3,22,4,1.285285,1.336076,2.9040379999999999,85.915459999999996
-0.63047801721747332,-0.74363076540733497,4,6,3,23,2.3332999999999999,1.7029749999999999,1.4485060000000001,3.324773,162.16508300000001
-0.63047801721747332,-0.74363076540733497,4,6,3,23,2.3332999999999999,1.7029749999999999,1.4485060000000001,3.324773,162.16508300000001
-0.63047801721747332,-0.74363076540733497,4,6,3,23,2.3332999999999999,1.7029749999999999,1.4485060000000001,3.324773,162.16508300000001
-0.63047801721747332,-0.74363076540733497,4,6,3,23,2.3332999999999999,1.7029749999999999,1.4485060000000001,3.324773,162.16508300000001
-0.63126105962407009,-1.1762420192694101,4,6,1,10,0.83330000000000004,1.182966,1.329504,3.1749800000000001,122.239276
-0.63808979859405912,-0.15491475825072001,4,6,1,22,0.083299999999999999,1.7490600000000001,1.6062320000000001,2.8329399999999998,122.594493
-0.63827216398240705,-0.95709479225543903,4,5,3,20,3,1.5849629999999999,2.1435900000000001,3.3551799999999998,234.891864
-0.63827216398240705,-0.30228702311455002,4,6,1,20,2,1.5849629999999999,2.1435900000000001,3.3551799999999998,234.891864
-0.63827216398240705,-0.61261017045525901,4,6,1,20,1,1.5849629999999999,2.1435900000000001,3.3551799999999998,234.891864
-0.63827216398240705,-0.21822159910574501,3,6,1,22,2,1.484996,1.41821,3.3048950000000001,145.539736
-0.63827216398240705,-0.43926384410313801,3,6,1,23,2,1.484996,1.41821,3.3048950000000001,145.539736
-0.63827216398240705,-0.43926384410313801,3,6,1,23,2,1.484996,1.41821,3.3048950000000001,145.539736
-0.63827216398240705,-0.43926384410313801,3,6,1,23,2,1.484996,1.41821,3.3048950000000001,145.539736
-0.63827216398240705,-0.43926384410313801,3,6,1,23,2,1.484996,1.41821,3.3048950000000001,145.539736
-0.63827216398240705,-0.43926384410313801,3,6,1,23,2,1.484996,1.41821,3.3048950000000001,145.539736
-0.63827216398240705,-0.43926384410313801,3,6,1,23,2,1.484996,1.41821,3.3048950000000001,145.539736
-0.63827216398240705,-0.43926384410313801,3,6,1,23,2,1.484996,1.41821,3.3048950000000001,145.539736
-0.63827216398240705,-0.43926384410313801,3,6,1,23,2,1.484996,1.41821,3.3048950000000001,145.539736
-0.63827216398240705,-0.43926384410313801,3,6,1,23,2,1.484996,1.41821,3.3048950000000001,145.539736
-0.63827216398240705,-0.43926384410313801,3,6,1,23,2,1.484996,1.41821,3.3048950000000001,145.539736
-0.63827216398240705,-0.43926384410313801,3,6,1,23,2,1.484996,1.41821,3.3048950000000001,145.539736
-0.63827216398240705,-0.43926384410313801,3,6,1,23,2,1.484996,1.41821,3.3048950000000001,145.539736
-0.63827216398240705,-0.43926384410313801,3,6,1,23,2,1.484996,1.41821,3.3048950000000001,145.539736
-0.63827216398240705,-0.43926384410313801,3,6,1,23,2,1.484996,1.41821,3.3048950000000001,145.539736
-0.63846102873072097,-1.5728390008825399,5,6,1,20,1,1.5849629999999999,2.1435900000000001,3.3551799999999998,234.891864
-0.64975198166583714,-0.61261017045525901,4,6,1,20,1,1.5849629999999999,2.1435900000000001,3.3551799999999998,234.891864
-0.64975198166583714,-1.07933177911183,4,6,3,9,0.33329999999999999,1.7029749999999999,1.4485060000000001,3.324773,162.16508300000001
-0.65757731917779372,-0.61261017045525901,4,6,1,20,1,1.5849629999999999,2.1435900000000001,3.3551799999999998,234.891864
-0.65757731917779372,0.48645733441317401,3,5,1,10,2,1.3971899999999999,1.3250919999999999,3.667243,139.10991999999999
-0.66005193830564912,-0.66355163475518597,3,6,1,22,0.0104,1.5849629999999999,2.1435900000000001,3.3551799999999998,234.891864
-0.6644782336312296,-1.4239081086282499,4,5,1,22,1.6667000000000001,1.589418,1.380179,3.065477,117.696934
-0.6644782336312296,-1.4239081086282499,4,5,1,22,1.6667000000000001,1.589418,1.380179,3.065477,117.696934
-0.6644782336312296,-0.66051807005245999,4,5,1,23,1.6667000000000001,1.589418,1.380179,3.065477,117.696934
-0.6655462488490691,-0.396362254409654,4,1,1,20,2,1.7029749999999999,1.4485060000000001,3.324773,162.16508300000001
-0.66756154008439472,-0.64902744974395499,4,5,1,20,3,1.5849629999999999,2.1435900000000001,3.3551799999999998,234.891864
-0.67162039656126227,-1.14327416939497,4,2,1,22,4,1.2515350000000001,1.3367059999999999,2.6866500000000002,74.196158999999994
-0.67162039656126227,-0.574620401603127,4,2,1,23,4,1.2515350000000001,1.3367059999999999,2.6866500000000002,74.196158999999994
-0.67162039656126227,-0.574620401603127,4,2,1,23,4,1.2515350000000001,1.3367059999999999,2.6866500000000002,74.196158999999994
-0.67162039656126227,-0.574620401603127,4,2,1,23,4,1.2515350000000001,1.3367059999999999,2.6866500000000002,74.196158999999994
-0.67366413907124856,-0.396362254409654,4,1,1,20,2,1.7029749999999999,1.4485060000000001,3.324773,162.16508300000001
-0.68193666503723849,-1.28144366008092,5,1,1,20,1,1.5849629999999999,2.1435900000000001,3.3551799999999998,234.891864
-0.68303355690506995,-0.96564187042134297,1,6,1,10,1,1.7029749999999999,1.4485060000000001,3.324773,162.16508300000001
-0.68402965454308229,-1.2614849326239801,5,6,1,20,2,1.5849629999999999,2.1435900000000001,3.3551799999999998,234.891864
-0.68884778854304751,-0.51635656303633104,4,6,1,22,1.0207999999999999,1.5737460000000001,1.388574,3.333167,150.85861700000001
-0.69250396208678711,-0.72069652566410503,4,2,1,22,0.41670000000000001,1.7059789999999999,1.4547939999999999,3.6407080000000001,222.774563
-0.69250396208678711,-0.708364747289287,4,2,1,22,0.33329999999999999,1.7059789999999999,1.4547939999999999,3.6407080000000001,222.774563
-0.69250396208678711,-0.72069652566410503,4,2,1,22,0.41670000000000001,1.7059789999999999,1.4547939999999999,3.6407080000000001,222.774563
-0.69250396208678711,-0.78995552716546702,4,2,1,22,0.041700000000000001,1.7059789999999999,1.4547939999999999,3.6407080000000001,222.774563
-0.69250396208678711,-0.72069652566410503,4,2,1,22,0.41670000000000001,1.7059789999999999,1.4547939999999999,3.6407080000000001,222.774563
-0.69250396208678711,-0.70516929207517098,4,2,1,22,0.083299999999999999,1.7059789999999999,1.4547939999999999,3.6407080000000001,222.774563
-0.69250396208678711,-0.70891419662062305,4,2,1,22,0.25,1.7059789999999999,1.4547939999999999,3.6407080000000001,222.774563
-0.69250396208678711,-0.72069652566410503,4,2,1,22,0.5,1.7059789999999999,1.4547939999999999,3.6407080000000001,222.774563
-0.69250396208678711,-0.72069652566410503,4,2,1,22,0.5,1.7059789999999999,1.4547939999999999,3.6407080000000001,222.774563
-0.69250396208678711,-0.70516929207517098,4,2,1,22,0.083299999999999999,1.7059789999999999,1.4547939999999999,3.6407080000000001,222.774563
-0.69250396208678711,-0.708364747289287,4,2,1,22,0.33329999999999999,1.7059789999999999,1.4547939999999999,3.6407080000000001,222.774563
-0.69250396208678711,-0.708364747289287,4,2,1,22,0.33329999999999999,1.7059789999999999,1.4547939999999999,3.6407080000000001,222.774563
-0.69250396208678711,-0.70516929207517098,4,2,1,22,0.083299999999999999,1.7059789999999999,1.4547939999999999,3.6407080000000001,222.774563
-0.69250396208678711,-0.70891419662062305,4,2,1,22,0.25,1.7059789999999999,1.4547939999999999,3.6407080000000001,222.774563
-0.69250396208678711,-0.70891419662062305,4,2,1,22,0.25,1.7059789999999999,1.4547939999999999,3.6407080000000001,222.774563
-0.69250396208678711,-0.71780756782078403,4,2,1,23,0.16669999999999999,1.7059789999999999,1.4547939999999999,3.6407080000000001,222.774563
-0.69788562304379886,-0.90341736275658202,4,5,1,20,4,1.5849629999999999,2.1435900000000001,3.3551799999999998,234.891864
-0.69897000433601875,-0.37853887225879101,1,1,1,23,1,1.626166,1.395489,3.3213059999999999,84.295136999999997
-0.69897000433601875,-0.54198647276219603,1,6,1,23,1,1.2515350000000001,1.3367059999999999,2.6866500000000002,74.196158999999994
-0.69897000433601875,-0.57157428639531105,1,6,1,23,2,1.2515350000000001,1.3367059999999999,2.6866500000000002,74.196158999999994
-0.69897000433601875,-0.95709479225543903,4,5,3,20,3,1.5849629999999999,2.1435900000000001,3.3551799999999998,234.891864
-0.69897000433601875,-0.78094594408630402,4,6,1,20,4,1.5849629999999999,2.1435900000000001,3.3551799999999998,234.891864
-0.69897000433601875,-0.78094594408630402,4,6,1,20,4,1.5849629999999999,2.1435900000000001,3.3551799999999998,234.891864
-0.69897000433601875,-0.61261017045525901,4,6,1,20,1,1.5849629999999999,2.1435900000000001,3.3551799999999998,234.891864
-0.69897000433601875,-0.12077506513910399,4,5,1,20,4,1.7029749999999999,1.4485060000000001,3.324773,162.16508300000001
-0.69897000433601875,-0.84480460533213897,4,4,3,23,4,1.658188,1.388331,2.8986589999999999,75.611671000000001
-0.69897000433601875,-0.84480460533213897,4,4,3,23,4,1.658188,1.388331,2.8986589999999999,75.611671000000001
-0.69897000433601875,-0.84480460533213897,4,4,3,23,4,1.658188,1.388331,2.8986589999999999,75.611671000000001
-0.69897000433601875,0.21446500915078201,4,6,1,22,0.083299999999999999,1.4527939999999999,1.3822369999999999,2.776742,110.92294200000001
-0.69897000433601875,0.21446500915078201,4,6,1,22,0.083299999999999999,1.4527939999999999,1.3822369999999999,2.776742,110.92294200000001
-0.69897000433601875,-0.019943640452506201,4,6,1,23,0.083299999999999999,1.4527939999999999,1.3822369999999999,2.776742,110.92294200000001
-0.69897000433601875,-0.019943640452506201,4,6,1,23,0.083299999999999999,1.4527939999999999,1.3822369999999999,2.776742,110.92294200000001
-0.69897000433601875,-0.019943640452506201,4,6,1,23,0.083299999999999999,1.4527939999999999,1.3822369999999999,2.776742,110.92294200000001
-0.69897000433601875,-0.92253714491230299,2,6,1,22,4,1.776553,1.5190509999999999,3.3022420000000001,154.74236099999999
-0.69897000433601875,-0.92253714491230299,2,6,1,22,4,1.776553,1.5190509999999999,3.3022420000000001,154.74236099999999
-0.69897000433601875,-0.92253714491230299,2,6,1,22,4,1.776553,1.5190509999999999,3.3022420000000001,154.74236099999999
-0.69897000433601875,-0.85292174087103401,2,6,1,23,4,1.776553,1.5190509999999999,3.3022420000000001,154.74236099999999
-0.69897000433601875,-0.85292174087103401,2,6,1,23,4,1.776553,1.5190509999999999,3.3022420000000001,154.74236099999999
-0.69897000433601875,-0.85292174087103401,2,6,1,23,4,1.776553,1.5190509999999999,3.3022420000000001,154.74236099999999
-0.69897000433601875,-0.85292174087103401,2,6,1,23,4,1.776553,1.5190509999999999,3.3022420000000001,154.74236099999999
-0.69897000433601875,-0.85292174087103401,2,6,1,23,4,1.776553,1.5190509999999999,3.3022420000000001,154.74236099999999
-0.69897000433601875,-0.85292174087103401,2,6,1,23,4,1.776553,1.5190509999999999,3.3022420000000001,154.74236099999999
-0.69897000433601875,-0.85292174087103401,2,6,1,23,4,1.776553,1.5190509999999999,3.3022420000000001,154.74236099999999
-0.69897000433601875,-0.85292174087103401,2,6,1,23,4,1.776553,1.5190509999999999,3.3022420000000001,154.74236099999999
-0.69897000433601875,-0.85292174087103401,2,6,1,23,4,1.776553,1.5190509999999999,3.3022420000000001,154.74236099999999
-0.69897000433601875,-0.85292174087103401,2,6,1,23,4,1.776553,1.5190509999999999,3.3022420000000001,154.74236099999999
-0.69897000433601875,-0.85292174087103401,2,6,1,23,4,1.776553,1.5190509999999999,3.3022420000000001,154.74236099999999
-0.69897000433601875,-0.85292174087103401,2,6,1,23,4,1.776553,1.5190509999999999,3.3022420000000001,154.74236099999999
-0.69897000433601875,-0.85292174087103401,2,6,1,23,4,1.776553,1.5190509999999999,3.3022420000000001,154.74236099999999
-0.69897000433601875,-0.85292174087103401,2,6,1,23,4,1.776553,1.5190509999999999,3.3022420000000001,154.74236099999999
-0.69897000433601875,-0.85292174087103401,2,6,1,23,4,1.776553,1.5190509999999999,3.3022420000000001,154.74236099999999
-0.69897000433601875,-0.85292174087103401,2,6,1,23,4,1.776553,1.5190509999999999,3.3022420000000001,154.74236099999999
-0.69897000433601875,-0.85292174087103401,2,6,1,23,4,1.776553,1.5190509999999999,3.3022420000000001,154.74236099999999
-0.69897000433601875,-0.85292174087103401,2,6,1,23,4,1.776553,1.5190509999999999,3.3022420000000001,154.74236099999999
-0.69897000433601875,-0.85292174087103401,2,6,1,23,4,1.776553,1.5190509999999999,3.3022420000000001,154.74236099999999
-0.69897000433601875,-0.56878781085074404,4,5,1,22,3,1.892315,1.4431499999999999,2.852611,88.542133000000007
-0.69897000433601875,-0.56878781085074404,4,5,1,22,3,1.892315,1.4431499999999999,2.852611,88.542133000000007
-0.69897000433601875,-0.56878781085074404,4,5,1,22,3,1.892315,1.4431499999999999,2.852611,88.542133000000007
-0.69897000433601875,-0.56878781085074404,4,5,1,22,3,1.892315,1.4431499999999999,2.852611,88.542133000000007
-0.69897000433601875,-0.56878781085074404,4,5,1,22,3,1.892315,1.4431499999999999,2.852611,88.542133000000007
-0.69897000433601875,-0.56878781085074404,4,5,1,22,3,1.892315,1.4431499999999999,2.852611,88.542133000000007
-0.69897000433601875,-0.56878781085074404,4,5,1,22,3,1.892315,1.4431499999999999,2.852611,88.542133000000007
-0.69897000433601875,-0.56878781085074404,4,5,1,22,3,1.892315,1.4431499999999999,2.852611,88.542133000000007
-0.69897000433601875,-0.56878781085074404,4,5,1,22,3,1.892315,1.4431499999999999,2.852611,88.542133000000007
-0.69897000433601875,-0.44206936715689199,4,5,1,23,3,1.892315,1.4431499999999999,2.852611,88.542133000000007
-0.69897000433601875,-0.96651902819524804,5,1,1,21,1,1.5849629999999999,2.1435900000000001,3.3551799999999998,234.891864
-0.69897000433601875,-1.91264413175252,5,6,1,10,1,1.5849629999999999,2.1435900000000001,3.3551799999999998,234.891864
-0.69897000433601875,-1.2614849326239801,5,6,1,20,2,1.5849629999999999,2.1435900000000001,3.3551799999999998,234.891864
-0.69897000433601875,-2.3158965498524502,3,5,1,23,1,1.4527939999999999,1.3822369999999999,2.776742,110.92294200000001
-0.69897000433601875,-1.9784779906035499,3,5,1,23,2,1.4527939999999999,1.3822369999999999,2.776742,110.92294200000001
-0.69897000433601875,-2.3158965498524502,3,5,1,23,1,1.4527939999999999,1.3822369999999999,2.776742,110.92294200000001
-0.69897000433601875,-1.9784779906035499,3,5,1,23,2,1.4527939999999999,1.3822369999999999,2.776742,110.92294200000001
-0.70186770822039013,-0.870000502556176,4,6,1,22,3,1.4087339999999999,1.373945,3.160228,133.256316
-0.70186770822039013,-0.63590916832316702,4,6,1,23,3,1.4087339999999999,1.373945,3.160228,133.256316
-0.70333480973846885,-0.396362254409654,4,1,1,20,2,1.7029749999999999,1.4485060000000001,3.324773,162.16508300000001
-0.70530995161622212,-0.96564187042134297,1,6,1,10,1,1.7029749999999999,1.4485060000000001,3.324773,162.16508300000001
-0.71896663275227246,-0.54669409062496599,4,5,1,20,4,1.3993519999999999,1.4955149999999999,3.3305389999999999,174.65439900000001
-0.72124639904717103,-0.65742838899419798,1,6,1,10,2,1.3971899999999999,1.3250919999999999,3.667243,139.10991999999999
-0.72124639904717103,-0.97609171156138097,4,5,1,20,2,1.5849629999999999,2.1435900000000001,3.3551799999999998,234.891864
-0.72124639904717103,-1.27920517216804,4,1,3,10,2,1.5849629999999999,2.1435900000000001,3.3551799999999998,234.891864
-0.74472749489669399,-0.65614617815406195,4,1,1,20,1,1.5849629999999999,2.1435900000000001,3.3551799999999998,234.891864
-0.74472749489669399,-1.06722160287686,3,6,1,22,2,1.3993519999999999,1.4955149999999999,3.3305389999999999,174.65439900000001
-0.75696195131370558,-0.65614617815406195,4,1,1,20,1,1.5849629999999999,2.1435900000000001,3.3551799999999998,234.891864
-0.75807074449470968,-0.69286393722718698,3,6,1,20,2,1.3993519999999999,1.4955149999999999,3.3305389999999999,174.65439900000001
-0.76671839040284051,0.26520704895191399,1,6,1,10,1,1.776553,1.5190509999999999,3.3022420000000001,154.74236099999999
-0.769551078621726,-0.30228702311455002,4,6,1,20,2,1.5849629999999999,2.1435900000000001,3.3551799999999998,234.891864
-0.769551078621726,-0.62592186811187001,4,1,1,20,4,1.5849629999999999,2.1435900000000001,3.3551799999999998,234.891864
-0.769551078621726,-0.94293745644261995,3,6,1,20,1,1.5849629999999999,2.1435900000000001,3.3551799999999998,234.891864
-0.77469071827413716,-0.61261017045525901,4,6,1,20,1,1.5849629999999999,2.1435900000000001,3.3551799999999998,234.891864
-0.77469071827413716,-1.28144366008092,5,1,1,20,1,1.5849629999999999,2.1435900000000001,3.3551799999999998,234.891864
-0.77989191195994489,-0.482871158955749,1,6,1,23,3,1.5954619999999999,1.3889940000000001,2.2771409999999999,54.191592
-0.77989191195994489,0.026312426318019101,1,6,1,23,1,1.5954619999999999,1.3889940000000001,2.2771409999999999,54.191592
-0.78515615195230215,-0.12077506513910399,4,5,1,20,4,1.7029749999999999,1.4485060000000001,3.324773,162.16508300000001
-0.79588001734407521,-0.78094594408630402,4,6,1,20,4,1.5849629999999999,2.1435900000000001,3.3551799999999998,234.891864
-0.79588001734407521,-0.30228702311455002,4,6,1,20,2,1.5849629999999999,2.1435900000000001,3.3551799999999998,234.891864
-0.79588001734407521,-0.78094594408630402,4,6,1,20,4,1.5849629999999999,2.1435900000000001,3.3551799999999998,234.891864
-0.79588001734407521,-0.32730778480123901,4,6,1,20,3,1.5849629999999999,2.1435900000000001,3.3551799999999998,234.891864
-0.79588001734407521,-0.61261017045525901,4,6,1,20,1,1.5849629999999999,2.1435900000000001,3.3551799999999998,234.891864
-0.80410034759076621,-0.52427109689218199,3,6,3,20,1,1.5849629999999999,2.1435900000000001,3.3551799999999998,234.891864
-0.80687540164553839,-0.051955062561164403,1,1,1,22,3,1.484996,1.41821,3.3048950000000001,145.539736
-0.80687540164553839,-0.26511980356772602,1,1,1,23,3,1.484996,1.41821,3.3048950000000001,145.539736
-0.80687540164553839,-0.26511980356772602,1,1,1,23,3,1.484996,1.41821,3.3048950000000001,145.539736
-0.80687540164553839,-0.61261017045525901,4,6,1,20,1,1.5849629999999999,2.1435900000000001,3.3551799999999998,234.891864
-0.8096683018297085,-1.13329194460451,4,6,3,10,1.3332999999999999,1.7029749999999999,1.4485060000000001,3.324773,162.16508300000001
-0.81815641205522749,-0.78094594408630402,4,6,1,20,4,1.5849629999999999,2.1435900000000001,3.3551799999999998,234.891864
-0.82390874094431876,-0.65742838899419798,1,6,1,10,2,1.3971899999999999,1.3250919999999999,3.667243,139.10991999999999
-0.82390874094431876,-0.30228702311455002,4,6,1,20,2,1.5849629999999999,2.1435900000000001,3.3551799999999998,234.891864
-0.82390874094431876,-0.66480782364229696,4,6,1,20,1.5,1.5849629999999999,2.1435900000000001,3.3551799999999998,234.891864
-0.82390874094431876,-0.809429091242992,5,2,1,20,2,1.5849629999999999,2.1435900000000001,3.3551799999999998,234.891864
-0.82390874094431876,-1.12666834799324,5,1,1,21,2,1.5849629999999999,2.1435900000000001,3.3551799999999998,234.891864
-0.83863199776502517,-0.78094594408630402,4,6,1,20,4,1.5849629999999999,2.1435900000000001,3.3551799999999998,234.891864
-0.83863199776502517,-0.30228702311455002,4,6,1,20,2,1.5849629999999999,2.1435900000000001,3.3551799999999998,234.891864
-0.8507808873446201,-0.61261017045525901,4,6,1,20,1,1.5849629999999999,2.1435900000000001,3.3551799999999998,234.891864
-0.85232367575890122,-0.97609171156138097,4,5,1,20,2,1.5849629999999999,2.1435900000000001,3.3551799999999998,234.891864
-0.85387196432176193,-0.75946328536696905,1,6,1,10,3,1.3993519999999999,1.4955149999999999,3.3305389999999999,174.65439900000001
-0.85387196432176193,-0.61261017045525901,4,6,1,20,1,1.5849629999999999,2.1435900000000001,3.3551799999999998,234.891864
-0.85387196432176193,-0.32730778480123901,4,6,1,20,3,1.5849629999999999,2.1435900000000001,3.3551799999999998,234.891864
-0.85387196432176193,-0.30228702311455002,4,6,1,20,2,1.5849629999999999,2.1435900000000001,3.3551799999999998,234.891864
-0.85387196432176193,-0.80452134745264003,4,1,1,20,2,1.5849629999999999,2.1435900000000001,3.3551799999999998,234.891864
-0.85387196432176193,-1.1506094230038399,4,6,3,9,0.041700000000000001,1.7029749999999999,1.4485060000000001,3.324773,162.16508300000001
-0.86012091359876341,-0.78094594408630402,4,6,1,20,4,1.5849629999999999,2.1435900000000001,3.3551799999999998,234.891864
-0.86012091359876341,-0.78094594408630402,4,6,1,20,4,1.5849629999999999,2.1435900000000001,3.3551799999999998,234.891864
-0.86966623150499389,-0.151734330291212,4,6,1,20,0.25,1.5849629999999999,2.1435900000000001,3.3551799999999998,234.891864
-0.86966623150499389,-0.90341736275658202,4,5,1,20,4,1.5849629999999999,2.1435900000000001,3.3551799999999998,234.891864
-0.88272870434423567,-0.78094594408630402,4,6,1,20,4,1.5849629999999999,2.1435900000000001,3.3551799999999998,234.891864
-0.88605664769316317,-0.65742838899419798,1,6,1,10,2,1.3971899999999999,1.3250919999999999,3.667243,139.10991999999999
-0.88605664769316317,-0.94345523011584698,4,5,3,20,1,1.5849629999999999,2.1435900000000001,3.3551799999999998,234.891864
-0.88605664769316317,-0.346457958667934,4,6,1,20,0.5,1.5849629999999999,2.1435900000000001,3.3551799999999998,234.891864
-0.88605664769316317,-0.79067706681838201,4,6,1,10,4,1.5849629999999999,2.1435900000000001,3.3551799999999998,234.891864
-0.88605664769316317,-0.78094594408630402,4,6,1,20,4,1.5849629999999999,2.1435900000000001,3.3551799999999998,234.891864
-0.88605664769316317,-0.809429091242992,5,2,1,20,2,1.5849629999999999,2.1435900000000001,3.3551799999999998,234.891864
-0.89619627904404309,-0.30228702311455002,4,6,1,20,2,1.5849629999999999,2.1435900000000001,3.3551799999999998,234.891864
-0.90228404015626207,-1.63589138666391,2,6,1,22,2,1.910509,2.9188610000000001,3.8102480000000001,61.660398999999998
-0.90228404015626207,-1.6374243013625001,2,6,1,22,4,1.910509,2.9188610000000001,3.8102480000000001,61.660398999999998
-0.90228404015626207,-1.3908115308685101,2,6,1,23,1,1.910509,2.9188610000000001,3.8102480000000001,61.660398999999998
-0.90228404015626207,-1.3908115308685101,2,6,1,23,1,1.910509,2.9188610000000001,3.8102480000000001,61.660398999999998
-0.90228404015626207,-1.58118126740793,2,6,1,23,4,1.910509,2.9188610000000001,3.8102480000000001,61.660398999999998
-0.90228404015626207,-1.58118126740793,2,6,1,23,4,1.910509,2.9188610000000001,3.8102480000000001,61.660398999999998
-0.90308998699194354,-0.61261017045525901,4,6,1,20,1,1.5849629999999999,2.1435900000000001,3.3551799999999998,234.891864
-0.90308998699194354,-0.62592186811187001,4,1,1,20,4,1.5849629999999999,2.1435900000000001,3.3551799999999998,234.891864
-0.90308998699194354,-0.80452134745264003,4,1,1,20,2,1.5849629999999999,2.1435900000000001,3.3551799999999998,234.891864
-0.90308998699194354,-0.14601565730587701,4,6,1,24,4,1.5849629999999999,2.1435900000000001,3.3551799999999998,234.891864
-0.90308998699194354,0.76953844799073301,4,5,1,23,4,1.4527939999999999,1.3822369999999999,2.776742,110.92294200000001
-0.91009488856060206,-0.61261017045525901,4,6,1,20,1,1.5849629999999999,2.1435900000000001,3.3551799999999998,234.891864
-0.92081875395237522,-1.3319638321386,4,2,1,20,2,1.5849629999999999,2.1435900000000001,3.3551799999999998,234.891864
-0.92081875395237522,-0.61261017045525901,4,6,1,20,1,1.5849629999999999,2.1435900000000001,3.3551799999999998,234.891864
-0.92081875395237522,-0.78094594408630402,4,6,1,20,4,1.5849629999999999,2.1435900000000001,3.3551799999999998,234.891864
-0.92081875395237522,-0.41593202629146903,4,2,1,23,4,1.839491,1.515236,2.5682390000000002,9.1847700000000003
-0.92081875395237522,-0.69286393722718698,3,6,1,20,2,1.3993519999999999,1.4955149999999999,3.3305389999999999,174.65439900000001
-0.9244530386074693,-0.30228702311455002,4,6,1,20,2,1.5849629999999999,2.1435900000000001,3.3551799999999998,234.891864
-0.92692833175254175,0.081409192089465995,1,6,1,10,1,1.484996,1.41821,3.3048950000000001,145.539736
-0.9318141382538383,-0.61261017045525901,4,6,1,20,1,1.5849629999999999,2.1435900000000001,3.3551799999999998,234.891864
-0.935916564036404,-0.90341736275658202,4,5,1,20,4,1.5849629999999999,2.1435900000000001,3.3551799999999998,234.891864
-0.9393021596463883,-0.78094594408630402,4,6,1,20,4,1.5849629999999999,2.1435900000000001,3.3551799999999998,234.891864
-0.9393021596463883,-0.33102276176154999,5,6,1,20,0.25,1.5849629999999999,2.1435900000000001,3.3551799999999998,234.891864
-0.95467702121334252,-1.32136397237181,4,2,1,20,4,1.5849629999999999,2.1435900000000001,3.3551799999999998,234.891864
-0.95860731484177497,-0.14601565730587701,4,6,1,24,4,1.5849629999999999,2.1435900000000001,3.3551799999999998,234.891864
-0.95860731484177497,-1.0124419645482701,4,2,1,10,4,1.5849629999999999,2.1435900000000001,3.3551799999999998,234.891864
-0.95860731484177497,-0.80452134745264003,4,1,1,20,2,1.5849629999999999,2.1435900000000001,3.3551799999999998,234.891864
-0.95860731484177497,-0.62592186811187001,4,1,1,20,4,1.5849629999999999,2.1435900000000001,3.3551799999999998,234.891864
-0.96657624451305035,-0.61261017045525901,4,6,1,20,1,1.5849629999999999,2.1435900000000001,3.3551799999999998,234.891864
-0.97061622231479039,-0.61261017045525901,4,6,1,20,1,1.5849629999999999,2.1435900000000001,3.3551799999999998,234.891864
-0.97881070093006195,-0.78094594408630402,4,6,1,20,4,1.5849629999999999,2.1435900000000001,3.3551799999999998,234.891864
-0.98296666070121963,-0.96564187042134297,1,6,1,10,1,1.7029749999999999,1.4485060000000001,3.324773,162.16508300000001
-0.98296666070121963,-1.3245953522746401,4,6,3,9,2.3332999999999999,1.7029749999999999,1.4485060000000001,3.324773,162.16508300000001
-0.98338445244282258,-1.4226071421293101,4,2,3,20,4,1.5849629999999999,2.1435900000000001,3.3551799999999998,234.891864
-0.9840635525690512,-0.96564187042134297,1,6,1,10,1,1.7029749999999999,1.4485060000000001,3.324773,162.16508300000001
-0.99567862621735737,-0.30228702311455002,4,6,1,20,2,1.5849629999999999,2.1435900000000001,3.3551799999999998,234.891864
-1,-0.12708399749013499,1,6,1,5,0.0104,1.2072099999999999,1.324422,2.942002,58.832287000000001
-1,-0.17293300299440201,1,6,1,8,3,1.626166,1.395489,3.3213059999999999,84.295136999999997
-1,-1.323561152356,1,6,1,22,3,1.4527939999999999,1.3822369999999999,2.776742,110.92294200000001
-1,-1.323561152356,1,6,1,22,3,1.4527939999999999,1.3822369999999999,2.776742,110.92294200000001
-1,-0.68723177711365002,1,6,1,23,3,1.4527939999999999,1.3822369999999999,2.776742,110.92294200000001
-1,-0.68723177711365002,1,6,1,23,3,1.4527939999999999,1.3822369999999999,2.776742,110.92294200000001
-1,-1.1102488458220401,4,5,3,20,2,1.5849629999999999,2.1435900000000001,3.3551799999999998,234.891864
-1,-0.61261017045525901,4,6,1,20,1,1.5849629999999999,2.1435900000000001,3.3551799999999998,234.891864
-1,-0.61261017045525901,4,6,1,20,1,1.5849629999999999,2.1435900000000001,3.3551799999999998,234.891864
-1,-0.61261017045525901,4,6,1,20,1,1.5849629999999999,2.1435900000000001,3.3551799999999998,234.891864
-1,-1.32136397237181,4,2,1,20,4,1.5849629999999999,2.1435900000000001,3.3551799999999998,234.891864
-1,-0.61261017045525901,4,6,1,20,1,1.5849629999999999,2.1435900000000001,3.3551799999999998,234.891864
-1,-0.61261017045525901,4,6,1,20,1,1.5849629999999999,2.1435900000000001,3.3551799999999998,234.891864
-1,-0.62592186811187001,4,1,1,20,4,1.5849629999999999,2.1435900000000001,3.3551799999999998,234.891864
-1,-0.19014224725335899,4,6,1,24,1.0417000000000001,1.5849629999999999,2.1435900000000001,3.3551799999999998,234.891864
-1,-0.84480460533213897,4,4,3,23,4,1.658188,1.388331,2.8986589999999999,75.611671000000001
-1,-0.84480460533213897,4,4,3,23,4,1.658188,1.388331,2.8986589999999999,75.611671000000001
-1,-0.84480460533213897,4,4,3,23,4,1.658188,1.388331,2.8986589999999999,75.611671000000001
-1,-2.6142884481714299,4,1,1,8,4,1.2072099999999999,1.324422,2.942002,58.832287000000001
-1,-0.86322634780210195,4,6,1,22,3,1.5849629999999999,2.1435900000000001,3.3551799999999998,234.891864
-1,-2.4705625753912099,4,5,1,22,4,1.7283329999999999,1.5589489999999999,3.068981,163.77571
-1,-1.9542010886502801,4,5,1,23,4,1.7283329999999999,1.5589489999999999,3.068981,163.77571
-1,-1.9542010886502801,4,5,1,23,4,1.7283329999999999,1.5589489999999999,3.068981,163.77571
-1,-1.9542010886502801,4,5,1,23,4,1.7283329999999999,1.5589489999999999,3.068981,163.77571
-1,0.234530788394058,3,6,1,10,2,1.5849629999999999,2.1435900000000001,3.3551799999999998,234.891864
-1,-0.63435774596211802,3,6,1,20,2,1.5849629999999999,2.1435900000000001,3.3551799999999998,234.891864
-1,-0.98257702028379801,3,1,1,15,1.0006999999999999,1.5849629999999999,2.1435900000000001,3.3551799999999998,234.891864
-1,-1.6073529837546801,3,6,3,24,2,1.5849629999999999,2.1435900000000001,3.3551799999999998,234.891864
-1,-1.5728390008825399,5,6,1,20,1,1.5849629999999999,2.1435900000000001,3.3551799999999998,234.891864
-1,-1.2614849326239801,5,6,1,20,2,1.5849629999999999,2.1435900000000001,3.3551799999999998,234.891864
-1,-1.14468642370956,5,6,1,15,0.017600000000000001,1.5849629999999999,2.1435900000000001,3.3551799999999998,234.891864
-1,-1.5728390008825399,5,6,1,20,1,1.5849629999999999,2.1435900000000001,3.3551799999999998,234.891864
-1,-1.00649293290238,5,6,1,24,1,1.5849629999999999,2.1435900000000001,3.3551799999999998,234.891864
-1,-1.4306997362152001,3,5,1,23,1,1.2072099999999999,1.324422,2.942002,58.832287000000001
-1,-1.95370772609551,3,5,3,23,2,1.2072099999999999,1.324422,2.942002,58.832287000000001
-1,-1.4328726354830601,5,6,1,23,1,1.2088300000000001,1.340533,3.085988,99.184106999999997
-1,-1.4328726354830601,5,6,1,23,1,1.2088300000000001,1.340533,3.085988,99.184106999999997
-1,-0.60853836619381796,3,5,1,22,1,1.179678,1.311771,3.0597110000000001,55.721961999999998
-1,-0.87339752847097596,3,5,1,23,2,1.7132799999999999,1.3882749999999999,3.8754949999999999,1172.7378639999999
-1,-1.25454525169853,3,5,1,23,1,1.7132799999999999,1.3882749999999999,3.8754949999999999,1172.7378639999999
-1,-0.95815772025448698,3,1,1,22,1.0156000000000001,1.5866450000000001,1.4455169999999999,3.158649,145.55060700000001
-1.0082560711103556,0.49251670627531502,4,1,1,22,2,1.4364239999999999,1.360177,3.2685879999999998,78.495012000000003
-1.0087739243075051,-1.5728390008825399,5,6,1,20,1,1.5849629999999999,2.1435900000000001,3.3551799999999998,234.891864
-1.0268721464003014,-0.61261017045525901,4,6,1,20,1,1.5849629999999999,2.1435900000000001,3.3551799999999998,234.891864
-1.031517051446065,-0.96564187042134297,1,6,1,10,1,1.7029749999999999,1.4485060000000001,3.324773,162.16508300000001
-1.0362121726544447,-1.2614849326239801,5,6,1,20,2,1.5849629999999999,2.1435900000000001,3.3551799999999998,234.891864
-1.0366844886138888,-0.81377168495615304,4,2,1,22,4,1.632903,1.4576119999999999,3.2789060000000001,155.92872800000001
-1.0366844886138888,-0.81377168495615304,4,2,1,22,4,1.632903,1.4576119999999999,3.2789060000000001,155.92872800000001
-1.0366844886138888,-1.01254286695981,4,2,1,23,4,1.632903,1.4576119999999999,3.2789060000000001,155.92872800000001
-1.0366844886138888,-1.01254286695981,4,2,1,23,4,1.632903,1.4576119999999999,3.2789060000000001,155.92872800000001
-1.0438315695246367,-0.43683885853083299,4,5,1,20,0.5,1.5849629999999999,2.1435900000000001,3.3551799999999998,234.891864
-1.0457574905606752,-0.96564187042134297,1,6,1,10,1,1.7029749999999999,1.4485060000000001,3.324773,162.16508300000001
-1.0457574905606752,-0.95709479225543903,4,5,3,20,3,1.5849629999999999,2.1435900000000001,3.3551799999999998,234.891864
-1.0457574905606752,-0.78094594408630402,4,6,1,20,4,1.5849629999999999,2.1435900000000001,3.3551799999999998,234.891864
-1.0457574905606752,-1.3319638321386,4,2,1,20,2,1.5849629999999999,2.1435900000000001,3.3551799999999998,234.891864
-1.0457574905606752,-0.78094594408630402,4,6,1,20,4,1.5849629999999999,2.1435900000000001,3.3551799999999998,234.891864
-1.0457574905606752,-0.87411594119895297,4,6,1,22,4,1.5849629999999999,2.1435900000000001,3.3551799999999998,234.891864
-1.0457574905606752,-0.87411594119895297,4,6,1,22,4,1.5849629999999999,2.1435900000000001,3.3551799999999998,234.891864
-1.0457574905606752,-0.87411594119895297,4,6,1,22,4,1.5849629999999999,2.1435900000000001,3.3551799999999998,234.891864
-1.0457574905606752,-0.87411594119895297,4,6,1,22,4,1.5849629999999999,2.1435900000000001,3.3551799999999998,234.891864
-1.0457574905606752,-0.87411594119895297,4,6,1,22,4,1.5849629999999999,2.1435900000000001,3.3551799999999998,234.891864
-1.0457574905606752,-0.56310754595897905,4,6,1,23,4,1.5849629999999999,2.1435900000000001,3.3551799999999998,234.891864
-1.0457574905606752,-0.56310754595897905,4,6,1,23,4,1.5849629999999999,2.1435900000000001,3.3551799999999998,234.891864
-1.0457574905606752,-0.56310754595897905,4,6,1,23,4,1.5849629999999999,2.1435900000000001,3.3551799999999998,234.891864
-1.0468203989343658,-0.99363668012420203,4,2,1,23,3,1.7059789999999999,1.4547939999999999,3.6407080000000001,222.774563
-1.0555173278498313,-0.97609171156138097,4,5,1,20,2,1.5849629999999999,2.1435900000000001,3.3551799999999998,234.891864
-1.0555173278498313,-0.80452134745264003,4,1,1,20,2,1.5849629999999999,2.1435900000000001,3.3551799999999998,234.891864
-1.0555173278498313,-0.63435774596211802,3,6,1,20,2,1.5849629999999999,2.1435900000000001,3.3551799999999998,234.891864
-1.0604807473813815,-0.62592186811187001,4,1,1,20,4,1.5849629999999999,2.1435900000000001,3.3551799999999998,234.891864
-1.0604807473813815,-0.78094594408630402,4,6,1,20,4,1.5849629999999999,2.1435900000000001,3.3551799999999998,234.891864
-1.0655015487564323,-0.78094594408630402,4,6,1,20,4,1.5849629999999999,2.1435900000000001,3.3551799999999998,234.891864
-1.0705810742857071,-0.68424613124429401,5,6,1,20,0.083299999999999999,1.5849629999999999,2.1435900000000001,3.3551799999999998,234.891864
-1.080921907623926,-1.0852395490811899,1,6,1,22,1.0207999999999999,1.776553,1.5190509999999999,3.3022420000000001,154.74236099999999
-1.080921907623926,-1.0852395490811899,1,6,1,22,1.0207999999999999,1.776553,1.5190509999999999,3.3022420000000001,154.74236099999999
-1.080921907623926,-1.0776718181178,1,6,1,23,1.0207999999999999,1.776553,1.5190509999999999,3.3022420000000001,154.74236099999999
-1.080921907623926,-1.0776718181178,1,6,1,23,1.0207999999999999,1.776553,1.5190509999999999,3.3022420000000001,154.74236099999999
-1.080921907623926,-1.0776718181178,1,6,1,23,1.0207999999999999,1.776553,1.5190509999999999,3.3022420000000001,154.74236099999999
-1.080921907623926,-1.0776718181178,1,6,1,23,1.0207999999999999,1.776553,1.5190509999999999,3.3022420000000001,154.74236099999999
-1.080921907623926,-1.0776718181178,1,6,1,23,1.0207999999999999,1.776553,1.5190509999999999,3.3022420000000001,154.74236099999999
-1.080921907623926,-1.0776718181178,1,6,1,23,1.0207999999999999,1.776553,1.5190509999999999,3.3022420000000001,154.74236099999999
-1.080921907623926,-1.0852395490811899,1,6,1,22,1.0207999999999999,1.776553,1.5190509999999999,3.3022420000000001,154.74236099999999
-1.080921907623926,-1.0776718181178,1,6,1,23,1.0207999999999999,1.776553,1.5190509999999999,3.3022420000000001,154.74236099999999
-1.080921907623926,-1.0776718181178,1,6,1,23,1.0207999999999999,1.776553,1.5190509999999999,3.3022420000000001,154.74236099999999
-1.080921907623926,-1.0776718181178,1,6,1,23,1.0207999999999999,1.776553,1.5190509999999999,3.3022420000000001,154.74236099999999
-1.080921907623926,-1.0776718181178,1,6,1,23,1.0207999999999999,1.776553,1.5190509999999999,3.3022420000000001,154.74236099999999
-1.080921907623926,-1.0776718181178,1,6,1,23,1.0207999999999999,1.776553,1.5190509999999999,3.3022420000000001,154.74236099999999
-1.080921907623926,-0.78094594408630402,4,6,1,20,4,1.5849629999999999,2.1435900000000001,3.3551799999999998,234.891864
-1.080921907623926,-0.78094594408630402,4,6,1,20,4,1.5849629999999999,2.1435900000000001,3.3551799999999998,234.891864
-1.0861861476162833,-1.4461601448766299,1,6,1,8,3,1.3971899999999999,1.3250919999999999,3.667243,139.10991999999999
-1.0915149811213503,-0.61261017045525901,4,6,1,20,1,1.5849629999999999,2.1435900000000001,3.3551799999999998,234.891864
-1.1079053973095196,-0.78094594408630402,4,6,1,20,4,1.5849629999999999,2.1435900000000001,3.3551799999999998,234.891864
-1.1079053973095196,-0.30228702311455002,4,6,1,20,2,1.5849629999999999,2.1435900000000001,3.3551799999999998,234.891864
-1.1135092748275182,-1.32136397237181,4,2,1,20,4,1.5849629999999999,2.1435900000000001,3.3551799999999998,234.891864
-1.1135092748275182,-0.78094594408630402,4,6,1,20,4,1.5849629999999999,2.1435900000000001,3.3551799999999998,234.891864
-1.1135092748275182,-0.78094594408630402,4,6,1,20,4,1.5849629999999999,2.1435900000000001,3.3551799999999998,234.891864
-1.1135092748275182,-0.52897329862953202,3,5,3,22,1.9582999999999999,1.8894820000000001,1.576716,3.0689790000000001,169.580533
-1.1191864077192086,-0.61261017045525901,4,6,1,20,1,1.5849629999999999,2.1435900000000001,3.3551799999999998,234.891864
-1.1191864077192086,-0.80452134745264003,4,1,1,20,2,1.5849629999999999,2.1435900000000001,3.3551799999999998,234.891864
-1.1249387366082999,-0.91968304423268099,1,6,1,22,3,1.3993519999999999,1.4955149999999999,3.3305389999999999,174.65439900000001
-1.1249387366082999,-1.3663449623692501,4,6,3,20,1,1.5849629999999999,2.1435900000000001,3.3551799999999998,234.891864
-1.1249387366082999,-0.80452134745264003,4,1,1,20,2,1.5849629999999999,2.1435900000000001,3.3551799999999998,234.891864
-1.1289850007666917,-1.5221377228787301,2,5,1,22,4,1.217225,1.3244009999999999,3.3703750000000001,188.689346
-1.1290111862394248,-1.32136397237181,4,2,1,20,4,1.5849629999999999,2.1435900000000001,3.3551799999999998,234.891864
-1.1307682802690238,-0.80452134745264003,4,1,1,20,2,1.5849629999999999,2.1435900000000001,3.3551799999999998,234.891864
-1.1384655891409621,-1.32136397237181,4,2,1,20,4,1.5849629999999999,2.1435900000000001,3.3551799999999998,234.891864
-1.1426675035687315,-0.61261017045525901,4,6,1,20,1,1.5849629999999999,2.1435900000000001,3.3551799999999998,234.891864
-1.1487416512809248,-1.39195809673728,4,6,3,20,2,1.5849629999999999,2.1435900000000001,3.3551799999999998,234.891864
-1.1549019599857431,-1.39195809673728,4,6,3,20,2,1.5849629999999999,2.1435900000000001,3.3551799999999998,234.891864
-1.1549019599857431,-0.30228702311455002,4,6,1,20,2,1.5849629999999999,2.1435900000000001,3.3551799999999998,234.891864
-1.1549019599857431,-0.78094594408630402,4,6,1,20,4,1.5849629999999999,2.1435900000000001,3.3551799999999998,234.891864
-1.1549019599857431,-0.61261017045525901,4,6,1,20,1,1.5849629999999999,2.1435900000000001,3.3551799999999998,234.891864
-1.1601548116247324,-0.96564187042134297,1,6,1,10,1,1.7029749999999999,1.4485060000000001,3.324773,162.16508300000001
-1.1674910872937636,-0.78094594408630402,4,6,1,20,4,1.5849629999999999,2.1435900000000001,3.3551799999999998,234.891864
-1.1674910872937636,-0.62592186811187001,4,1,1,20,4,1.5849629999999999,2.1435900000000001,3.3551799999999998,234.891864
-1.1674910872937636,-0.78094594408630402,4,6,1,20,4,1.5849629999999999,2.1435900000000001,3.3551799999999998,234.891864
-1.1696038235165311,-1.2614849326239801,5,6,1,20,2,1.5849629999999999,2.1435900000000001,3.3551799999999998,234.891864
-1.1739251972991736,-1.8538898994020401,2,6,1,22,3,1.8613459999999999,2.5842420000000002,3.719201,69.477003999999994
-1.1739251972991736,-2.6698079621785098,2,6,1,22,2,1.8613459999999999,2.5842420000000002,3.719201,69.477003999999994
-1.1739251972991736,-2.6698079621785098,2,6,1,22,2,1.8613459999999999,2.5842420000000002,3.719201,69.477003999999994
-1.1739251972991736,-2.4689951062540501,2,6,1,23,2,1.8613459999999999,2.5842420000000002,3.719201,69.477003999999994
-1.1739251972991736,-2.4689951062540501,2,6,1,23,2,1.8613459999999999,2.5842420000000002,3.719201,69.477003999999994
-1.1739251972991736,-0.52427109689218199,3,6,3,20,1,1.5849629999999999,2.1435900000000001,3.3551799999999998,234.891864
-1.1804560644581312,-1.51103362789592,4,6,3,20,4,1.5849629999999999,2.1435900000000001,3.3551799999999998,234.891864
-1.1804560644581312,-1.3663449623692501,4,6,3,20,1,1.5849629999999999,2.1435900000000001,3.3551799999999998,234.891864
-1.1864336215840903,-2.85158028617963,2,6,1,22,1,1.8613459999999999,2.5842420000000002,3.719201,69.477003999999994
-1.1864336215840903,-2.6698079621785098,2,6,1,22,2,1.8613459999999999,2.5842420000000002,3.719201,69.477003999999994
-1.1864336215840903,-1.67503897544988,2,1,1,22,2,1.8613459999999999,2.5842420000000002,3.719201,69.477003999999994
-1.1864336215840903,-1.5804044144079601,2,1,1,22,1,1.8613459999999999,2.5842420000000002,3.719201,69.477003999999994
-1.1864336215840903,-2.3698400482516302,2,5,1,22,4,1.8613459999999999,2.5842420000000002,3.719201,69.477003999999994
-1.1864336215840903,-2.3698400482516302,2,5,1,22,4,1.8613459999999999,2.5842420000000002,3.719201,69.477003999999994
-1.1864336215840903,-2.3698400482516302,2,5,1,22,4,1.8613459999999999,2.5842420000000002,3.719201,69.477003999999994
-1.1864336215840903,-1.55952231004834,2,1,1,22,3,1.8613459999999999,2.5842420000000002,3.719201,69.477003999999994
-1.1864336215840903,-2.10024361002773,2,5,1,23,4,1.8613459999999999,2.5842420000000002,3.719201,69.477003999999994
-1.1864336215840903,-2.10024361002773,2,5,1,23,4,1.8613459999999999,2.5842420000000002,3.719201,69.477003999999994
-1.1864336215840903,-1.8002035228019799,2,6,1,23,0,1.8613459999999999,2.5842420000000002,3.719201,69.477003999999994
-1.1864336215840903,-1.8002035228019799,2,6,1,23,0,1.8613459999999999,2.5842420000000002,3.719201,69.477003999999994
-1.1864336215840903,-2.5853937165376699,2,6,1,23,1,1.8613459999999999,2.5842420000000002,3.719201,69.477003999999994
-1.1864336215840903,-2.4689951062540501,2,6,1,23,2,1.8613459999999999,2.5842420000000002,3.719201,69.477003999999994
-1.1864336215840903,-1.3130881678708699,4,6,1,22,3,1.8613459999999999,2.5842420000000002,3.719201,69.477003999999994
-1.1864336215840903,-1.3130881678708699,4,6,1,22,3,1.8613459999999999,2.5842420000000002,3.719201,69.477003999999994
-1.1864336215840903,-1.3130881678708699,4,6,1,22,3,1.8613459999999999,2.5842420000000002,3.719201,69.477003999999994
-1.1864336215840903,-1.4051482486361999,4,6,1,23,3,1.8613459999999999,2.5842420000000002,3.719201,69.477003999999994
-1.1864336215840903,-1.4051482486361999,4,6,1,23,3,1.8613459999999999,2.5842420000000002,3.719201,69.477003999999994
-1.1864336215840903,-1.4051482486361999,4,6,1,23,3,1.8613459999999999,2.5842420000000002,3.719201,69.477003999999994
-1.1864336215840903,-1.4051482486361999,4,6,1,23,3,1.8613459999999999,2.5842420000000002,3.719201,69.477003999999994
-1.1864336215840903,-1.4051482486361999,4,6,1,23,3,1.8613459999999999,2.5842420000000002,3.719201,69.477003999999994
-1.1864336215840903,-1.4051482486361999,4,6,1,23,3,1.8613459999999999,2.5842420000000002,3.719201,69.477003999999994
-1.1864336215840903,-1.4051482486361999,4,6,1,23,3,1.8613459999999999,2.5842420000000002,3.719201,69.477003999999994
-1.1864336215840903,-1.4051482486361999,4,6,1,23,3,1.8613459999999999,2.5842420000000002,3.719201,69.477003999999994
-1.1869347937860304,-1.1403649572513499,4,5,1,8,1,1.776553,1.5190509999999999,3.3022420000000001,154.74236099999999
-1.1870866433571443,-0.78094594408630402,4,6,1,20,4,1.5849629999999999,2.1435900000000001,3.3551799999999998,234.891864
-1.1938200260161129,-0.78094594408630402,4,6,1,20,4,1.5849629999999999,2.1435900000000001,3.3551799999999998,234.891864
-1.2006594505464183,-0.96243681333130604,5,6,1,24,2,1.5849629999999999,2.1435900000000001,3.3551799999999998,234.891864
-1.2033140358202432,-1.63589138666391,2,6,1,22,2,1.910509,2.9188610000000001,3.8102480000000001,61.660398999999998
-1.2033140358202432,-1.58118126740793,2,6,1,23,4,1.910509,2.9188610000000001,3.8102480000000001,61.660398999999998
-1.2033140358202432,-1.3082114807271401,2,6,1,23,2,1.910509,2.9188610000000001,3.8102480000000001,61.660398999999998
-1.2076083105017461,-0.61261017045525901,4,6,1,20,1,1.5849629999999999,2.1435900000000001,3.3551799999999998,234.891864
-1.2076083105017461,-0.52427109689218199,3,6,3,20,1,1.5849629999999999,2.1435900000000001,3.3551799999999998,234.891864
-1.2111248842245832,-0.35965768706915502,4,5,3,23,4,1.4527939999999999,1.3822369999999999,2.776742,110.92294200000001
-1.2146701649892331,-1.32663330012819,5,5,1,20,1,1.5849629999999999,2.1435900000000001,3.3551799999999998,234.891864
-1.2218487496163564,-1.39195809673728,4,6,3,20,2,1.5849629999999999,2.1435900000000001,3.3551799999999998,234.891864
-1.2218487496163564,-0.61261017045525901,4,6,1,20,1,1.5849629999999999,2.1435900000000001,3.3551799999999998,234.891864
-1.2218487496163564,-1.5728390008825399,5,6,1,20,1,1.5849629999999999,2.1435900000000001,3.3551799999999998,234.891864
-1.2270918050287283,-1.9731136725387499,4,1,1,20,2,1.401975,1.402067,3.1633,169.09261599999999
-1.2441251443275085,-0.90341736275658202,4,5,1,20,4,1.5849629999999999,2.1435900000000001,3.3551799999999998,234.891864
-1.2441251443275085,-0.78094594408630402,4,6,1,20,4,1.5849629999999999,2.1435900000000001,3.3551799999999998,234.891864
-1.2518119729937995,-1.51103362789592,4,6,3,20,4,1.5849629999999999,2.1435900000000001,3.3551799999999998,234.891864
-1.2518119729937995,-0.78094594408630402,4,6,1,20,4,1.5849629999999999,2.1435900000000001,3.3551799999999998,234.891864
-1.2518119729937995,-0.30228702311455002,4,6,1,20,2,1.5849629999999999,2.1435900000000001,3.3551799999999998,234.891864
-1.2518119729937995,-0.67767205711641498,4,5,1,20,1,1.5849629999999999,2.1435900000000001,3.3551799999999998,234.891864
-1.2518119729937995,-0.30228702311455002,4,6,1,20,2,1.5849629999999999,2.1435900000000001,3.3551799999999998,234.891864
-1.2518119729937995,-0.32730778480123901,4,6,1,20,3,1.5849629999999999,2.1435900000000001,3.3551799999999998,234.891864
-1.2518119729937995,-1.4129883667155501,4,2,1,20,1,1.5849629999999999,2.1435900000000001,3.3551799999999998,234.891864
-1.2518119729937995,-0.86322634780210195,4,6,1,22,3,1.5849629999999999,2.1435900000000001,3.3551799999999998,234.891864
-1.2518119729937995,-1.0857041817703199,4,6,1,23,3,1.5849629999999999,2.1435900000000001,3.3551799999999998,234.891864
-1.2596373105057561,-0.61261017045525901,4,6,1,20,1,1.5849629999999999,2.1435900000000001,3.3551799999999998,234.891864
-1.2676062401770316,-1.9608705994964799,1,1,1,5,3,1.2088300000000001,1.340533,3.085988,99.184106999999997
-1.2724587429714436,-1.70336120198632,3,5,1,22,1,1.457187,1.5648569999999999,3.3306979999999999,219.12254799999999
-1.2724587429714436,-1.81618506667882,3,5,1,23,1,1.457187,1.5648569999999999,3.3306979999999999,219.12254799999999
-1.2757241303992111,-1.09979648313414,4,1,1,10,2,1.5849629999999999,2.1435900000000001,3.3551799999999998,234.891864
-1.2757241303992111,-0.78094594408630402,4,6,1,20,4,1.5849629999999999,2.1435900000000001,3.3551799999999998,234.891864
-1.2839966563652008,-0.90341736275658202,4,5,1,20,4,1.5849629999999999,2.1435900000000001,3.3551799999999998,234.891864
-1.2892059000696727,-3.47245144212398,4,6,1,23,1,1.2088300000000001,1.340533,3.085988,99.184106999999997
-1.2892059000696727,-3.47245144212398,4,6,1,23,1,1.2088300000000001,1.340533,3.085988,99.184106999999997
-1.2892059000696727,-3.47245144212398,4,6,1,23,1,1.2088300000000001,1.340533,3.085988,99.184106999999997
-1.2924298239020637,-0.78094594408630402,4,6,1,20,4,1.5849629999999999,2.1435900000000001,3.3551799999999998,234.891864
-1.2924298239020637,-1.39195809673728,4,6,3,20,2,1.5849629999999999,2.1435900000000001,3.3551799999999998,234.891864
-1.2924298239020637,-0.78094594408630402,4,6,1,20,4,1.5849629999999999,2.1435900000000001,3.3551799999999998,234.891864
-1.2924298239020637,-0.67767205711641498,4,5,1,20,1,1.5849629999999999,2.1435900000000001,3.3551799999999998,234.891864
-1.2967086218813386,-1.3663449623692501,4,6,3,20,1,1.5849629999999999,2.1435900000000001,3.3551799999999998,234.891864
-1.3010299956639813,-0.78094594408630402,4,6,1,20,4,1.5849629999999999,2.1435900000000001,3.3551799999999998,234.891864
-1.3010299956639813,-0.30228702311455002,4,6,1,20,2,1.5849629999999999,2.1435900000000001,3.3551799999999998,234.891864
-1.3010299956639813,-1.51103362789592,4,6,3,20,4,1.5849629999999999,2.1435900000000001,3.3551799999999998,234.891864
-1.3010299956639813,-1.28398602454268,4,6,3,20,3,1.5849629999999999,2.1435900000000001,3.3551799999999998,234.891864
-1.3010299956639813,-1.5656307878469999,4,5,1,22,3.9167000000000001,1.2072099999999999,1.324422,2.942002,58.832287000000001
-1.3010299956639813,-1.04030765761264,4,5,1,23,3.9167000000000001,1.2072099999999999,1.324422,2.942002,58.832287000000001
-1.3010299956639813,-1.1583530893763501,4,6,1,22,4,1.776553,1.5190509999999999,3.3022420000000001,154.74236099999999
-1.3010299956639813,-1.1583530893763501,4,6,1,22,4,1.776553,1.5190509999999999,3.3022420000000001,154.74236099999999
-1.3010299956639813,-1.1583530893763501,4,6,1,22,4,1.776553,1.5190509999999999,3.3022420000000001,154.74236099999999
-1.3010299956639813,-1.1583530893763501,4,6,1,22,4,1.776553,1.5190509999999999,3.3022420000000001,154.74236099999999
-1.3010299956639813,-1.17161548086656,3,1,1,15,1.0014000000000001,1.5849629999999999,2.1435900000000001,3.3551799999999998,234.891864
-1.3080348972326397,-0.63435774596211802,3,6,1,20,2,1.5849629999999999,2.1435900000000001,3.3551799999999998,234.891864
-1.3084764778318456,-0.88473819657200503,3,6,1,23,1,1.5849629999999999,2.1435900000000001,3.3551799999999998,234.891864
-1.3084764778318456,-0.39629951757978898,3,6,1,23,2,1.5849629999999999,2.1435900000000001,3.3551799999999998,234.891864
-1.3098039199714864,-0.78094594408630402,4,6,1,20,4,1.5849629999999999,2.1435900000000001,3.3551799999999998,234.891864
-1.3098039199714864,-0.61261017045525901,4,6,1,20,1,1.5849629999999999,2.1435900000000001,3.3551799999999998,234.891864
-1.3142582613977363,-1.5633465786432199,3,5,1,20,1,1.5849629999999999,2.1435900000000001,3.3551799999999998,234.891864
-1.3181206739578342,-1.33619926413412,4,6,1,22,2.875,1.182966,1.329504,3.1749800000000001,122.239276
-1.3181206739578342,-1.33619926413412,4,6,1,22,2.875,1.182966,1.329504,3.1749800000000001,122.239276
-1.3181206739578342,-1.33619926413412,4,6,1,22,2.875,1.182966,1.329504,3.1749800000000001,122.239276
-1.3181206739578342,-1.33619926413412,4,6,1,22,2.875,1.182966,1.329504,3.1749800000000001,122.239276
-1.3181206739578342,-1.33619926413412,4,6,1,22,2.875,1.182966,1.329504,3.1749800000000001,122.239276
-1.3181206739578342,-1.33619926413412,4,6,1,22,2.875,1.182966,1.329504,3.1749800000000001,122.239276
-1.3181206739578342,-1.33619926413412,4,6,1,22,2.875,1.182966,1.329504,3.1749800000000001,122.239276
-1.3181206739578342,-1.33619926413412,4,6,1,22,2.875,1.182966,1.329504,3.1749800000000001,122.239276
-1.3181206739578342,-1.33619926413412,4,6,1,22,2.875,1.182966,1.329504,3.1749800000000001,122.239276
-1.3181206739578342,-1.33619926413412,4,6,1,22,2.875,1.182966,1.329504,3.1749800000000001,122.239276
-1.3181206739578342,-1.34563339236791,4,6,1,23,2.875,1.182966,1.329504,3.1749800000000001,122.239276
-1.3181206739578342,-1.34563339236791,4,6,1,23,2.875,1.182966,1.329504,3.1749800000000001,122.239276
-1.3181206739578342,-1.34563339236791,4,6,1,23,2.875,1.182966,1.329504,3.1749800000000001,122.239276
-1.3181206739578342,-1.34563339236791,4,6,1,23,2.875,1.182966,1.329504,3.1749800000000001,122.239276
-1.3181206739578342,-1.34563339236791,4,6,1,23,2.875,1.182966,1.329504,3.1749800000000001,122.239276
-1.3223930472795069,-1.5088922664207201,3,5,1,20,2,1.5849629999999999,2.1435900000000001,3.3551799999999998,234.891864
-1.3372421683184259,-1.4660691564583399,1,6,1,19,3,1.389812,1.3200289999999999,3.6694290000000001,149.992977
-1.3372421683184259,-0.0084969845474858093,4,6,1,20,1,1.369745,1.38405,2.9881549999999999,123.77092399999999
-1.3372421683184259,-1.28144366008092,5,1,1,20,1,1.5849629999999999,2.1435900000000001,3.3551799999999998,234.891864
-1.3467874862246563,-1.39195809673728,4,6,3,20,2,1.5849629999999999,2.1435900000000001,3.3551799999999998,234.891864
-1.3467874862246563,-1.39195809673728,4,6,3,20,2,1.5849629999999999,2.1435900000000001,3.3551799999999998,234.891864
-1.3467874862246563,-1.28398602454268,4,6,3,20,3,1.5849629999999999,2.1435900000000001,3.3551799999999998,234.891864
-1.3467874862246563,-0.94293745644261995,3,6,1,20,1,1.5849629999999999,2.1435900000000001,3.3551799999999998,234.891864
-1.3496924768680636,-0.30228702311455002,4,6,1,20,2,1.5849629999999999,2.1435900000000001,3.3551799999999998,234.891864
-1.3535962737769305,-1.32136397237181,4,2,1,20,4,1.5849629999999999,2.1435900000000001,3.3551799999999998,234.891864
-1.3565473235138126,-1.3663449623692501,4,6,3,20,1,1.5849629999999999,2.1435900000000001,3.3551799999999998,234.891864
-1.3565473235138126,-1.51103362789592,4,6,3,20,4,1.5849629999999999,2.1435900000000001,3.3551799999999998,234.891864
-1.3585258894959005,-1.32136397237181,4,2,1,20,4,1.5849629999999999,2.1435900000000001,3.3551799999999998,234.891864
-1.3665315444204136,-0.72532961779305205,1,6,1,10,2,1.457187,1.5648569999999999,3.3306979999999999,219.12254799999999
-1.3757179041643317,-0.61261017045525901,4,6,1,20,1,1.5849629999999999,2.1435900000000001,3.3551799999999998,234.891864
-1.3767507096020994,-0.30228702311455002,4,6,1,20,2,1.5849629999999999,2.1435900000000001,3.3551799999999998,234.891864
-1.3767507096020994,-0.32730778480123901,4,6,1,20,3,1.5849629999999999,2.1435900000000001,3.3551799999999998,234.891864
-1.3767507096020994,-1.2614849326239801,5,6,1,20,2,1.5849629999999999,2.1435900000000001,3.3551799999999998,234.891864
-1.3854191330025141,-1.4449631140158199,4,5,1,22,3,1.7029749999999999,1.4485060000000001,3.324773,162.16508300000001
-1.3854191330025141,-1.26642424172396,4,5,1,23,3,1.7029749999999999,1.4485060000000001,3.324773,162.16508300000001
-1.3872161432802645,-1.3663449623692501,4,6,3,20,1,1.5849629999999999,2.1435900000000001,3.3551799999999998,234.891864
-1.3872161432802645,-1.39195809673728,4,6,3,20,2,1.5849629999999999,2.1435900000000001,3.3551799999999998,234.891864
-1.3872161432802645,-0.78094594408630402,4,6,1,20,4,1.5849629999999999,2.1435900000000001,3.3551799999999998,234.891864
-1.3872161432802645,-0.78094594408630402,4,6,1,20,4,1.5849629999999999,2.1435900000000001,3.3551799999999998,234.891864
-1.3872161432802645,-3.0369965654614401,4,2,1,23,1,1.221695,1.337137,2.9817170000000002,67.151338999999993
-1.3872161432802645,-2.9351093915752302,4,2,1,23,4,1.221695,1.337137,2.9817170000000002,67.151338999999993
-1.3872161432802645,-2.4636906612625098,4,2,1,23,3,1.221695,1.337137,2.9817170000000002,67.151338999999993
-1.3872161432802645,-2.9529273286000102,4,2,1,23,2,1.221695,1.337137,2.9817170000000002,67.151338999999993
-1.3979400086720375,-0.92972640940246798,1,6,1,23,3,1.389812,1.3200289999999999,3.6694290000000001,149.992977
-1.3979400086720375,-0.61261017045525901,4,6,1,20,1,1.5849629999999999,2.1435900000000001,3.3551799999999998,234.891864
-1.3979400086720375,-0.78094594408630402,4,6,1,20,4,1.5849629999999999,2.1435900000000001,3.3551799999999998,234.891864
-1.3979400086720375,-0.61261017045525901,4,6,1,20,1,1.5849629999999999,2.1435900000000001,3.3551799999999998,234.891864
-1.3979400086720375,-1.5627150270877901,4,2,1,22,1,1.4930490000000001,1.413699,3.1771880000000001,139.585915
-1.3979400086720375,-1.4988311490414801,4,2,1,22,3,1.4930490000000001,1.413699,3.1771880000000001,139.585915
-1.3979400086720375,-1.4988311490414801,4,2,1,22,3,1.4930490000000001,1.413699,3.1771880000000001,139.585915
-1.3979400086720375,-1.44169587896698,4,2,1,23,1,1.4930490000000001,1.413699,3.1771880000000001,139.585915
-1.3979400086720375,-1.2614849326239801,5,6,1,20,2,1.5849629999999999,2.1435900000000001,3.3551799999999998,234.891864
-1.3979400086720375,-1.2614849326239801,5,6,1,20,2,1.5849629999999999,2.1435900000000001,3.3551799999999998,234.891864
-1.4035128662634559,-1.2614849326239801,5,6,1,20,2,1.5849629999999999,2.1435900000000001,3.3551799999999998,234.891864
-1.4089353929735009,-1.1102488458220401,4,5,3,20,2,1.5849629999999999,2.1435900000000001,3.3551799999999998,234.891864
-1.4089353929735009,0.11536686599179199,4,5,1,23,4,1.4364239999999999,1.360177,3.2685879999999998,78.495012000000003
-1.4089353929735009,-0.63435774596211802,3,6,1,20,2,1.5849629999999999,2.1435900000000001,3.3551799999999998,234.891864
-1.4089353929735009,-1.4757280424889101,3,1,1,22,1,1.5849629999999999,2.1435900000000001,3.3551799999999998,234.891864
-1.411056357259985,-1.5728390008825399,5,6,1,20,1,1.5849629999999999,2.1435900000000001,3.3551799999999998,234.891864
-1.4202164033831899,-0.78094594408630402,4,6,1,20,4,1.5849629999999999,2.1435900000000001,3.3551799999999998,234.891864
-1.4202164033831899,-0.78094594408630402,4,6,1,20,4,1.5849629999999999,2.1435900000000001,3.3551799999999998,234.891864
-1.4202164033831899,-0.52427109689218199,3,6,3,20,1,1.5849629999999999,2.1435900000000001,3.3551799999999998,234.891864
-1.4203307064452797,-1.5728390008825399,5,6,1,20,1,1.5849629999999999,2.1435900000000001,3.3551799999999998,234.891864
-1.4282911681913124,-0.94293745644261995,3,6,1,20,1,1.5849629999999999,2.1435900000000001,3.3551799999999998,234.891864
-1.430014996430673,-1.3562992374591201,2,5,1,22,3,1.217225,1.3244009999999999,3.3703750000000001,188.689346
-1.430014996430673,-1.4296842285325999,2,5,1,23,3,1.217225,1.3244009999999999,3.3703750000000001,188.689346
-1.430014996430673,-1.4296842285325999,2,5,1,23,3,1.217225,1.3244009999999999,3.3703750000000001,188.689346
-1.430014996430673,-1.4296842285325999,2,5,1,23,3,1.217225,1.3244009999999999,3.3703750000000001,188.689346
-1.430014996430673,-1.4296842285325999,2,5,1,23,3,1.217225,1.3244009999999999,3.3703750000000001,188.689346
-1.430014996430673,-1.4296842285325999,2,5,1,23,3,1.217225,1.3244009999999999,3.3703750000000001,188.689346
-1.430014996430673,-1.4296842285325999,2,5,1,23,3,1.217225,1.3244009999999999,3.3703750000000001,188.689346
-1.430014996430673,-1.4296842285325999,2,5,1,23,3,1.217225,1.3244009999999999,3.3703750000000001,188.689346
-1.430014996430673,-1.4296842285325999,2,5,1,23,3,1.217225,1.3244009999999999,3.3703750000000001,188.689346
-1.430014996430673,-1.4296842285325999,2,5,1,23,3,1.217225,1.3244009999999999,3.3703750000000001,188.689346
-1.430014996430673,-1.4296842285325999,2,5,1,23,3,1.217225,1.3244009999999999,3.3703750000000001,188.689346
-1.4300411819034058,-1.4296842285325999,2,5,1,23,3,1.217225,1.3244009999999999,3.3703750000000001,188.689346
-1.4300411819034058,-1.60879845487172,2,5,1,23,1,1.217225,1.3244009999999999,3.3703750000000001,188.689346
-1.4300411819034058,-1.5475913621303199,2,5,1,23,4,1.217225,1.3244009999999999,3.3703750000000001,188.689346
-1.431798275933005,-1.4129883667155501,4,2,1,20,1,1.5849629999999999,2.1435900000000001,3.3551799999999998,234.891864
-1.431798275933005,-1.4129883667155501,4,2,1,20,1,1.5849629999999999,2.1435900000000001,3.3551799999999998,234.891864
-1.431798275933005,-0.61261017045525901,4,6,1,20,1,1.5849629999999999,2.1435900000000001,3.3551799999999998,234.891864
-1.431798275933005,-1.7636442870692499,2,5,1,20,4,1.182966,1.329504,3.1749800000000001,122.239276
-1.4365189146055892,-0.73116538008777698,1,6,1,10,3,1.3971899999999999,1.3250919999999999,3.667243,139.10991999999999
-1.4436974992327127,-1.34480770230532,4,5,3,20,4,1.5849629999999999,2.1435900000000001,3.3551799999999998,234.891864
-1.4436974992327127,-1.7636442870692499,2,5,1,20,4,1.182966,1.329504,3.1749800000000001,122.239276
-1.4436974992327127,-0.56310754595897905,4,6,1,23,4,1.5849629999999999,2.1435900000000001,3.3551799999999998,234.891864
-1.447541690079382,-1.7080870425777801,4,6,3,22,0.083299999999999999,1.2072099999999999,1.324422,2.942002,58.832287000000001
-1.447541690079382,-1.6219040624218599,4,6,3,23,0.083299999999999999,1.2072099999999999,1.324422,2.942002,58.832287000000001
-1.447541690079382,-1.6219040624218599,4,6,3,23,0.083299999999999999,1.2072099999999999,1.324422,2.942002,58.832287000000001
-1.447541690079382,-2.4500694320487399,4,6,3,23,0.33329999999999999,1.2072099999999999,1.324422,2.942002,58.832287000000001
-1.447541690079382,-1.8341196426761599,4,6,3,23,1,1.2072099999999999,1.324422,2.942002,58.832287000000001
-1.447541690079382,-2.4500694320487399,4,6,3,23,0.33329999999999999,1.2072099999999999,1.324422,2.942002,58.832287000000001
-1.447541690079382,-2.4744078902784201,4,6,3,23,0.16669999999999999,1.2072099999999999,1.324422,2.942002,58.832287000000001
-1.447541690079382,-1.6219040624218599,4,6,3,23,0.083299999999999999,1.2072099999999999,1.324422,2.942002,58.832287000000001
-1.447541690079382,-2.4744078902784201,4,6,3,23,0.16669999999999999,1.2072099999999999,1.324422,2.942002,58.832287000000001
-1.447541690079382,-1.8341196426761599,4,6,3,23,1,1.2072099999999999,1.324422,2.942002,58.832287000000001
-1.447541690079382,-2.4744078902784201,4,6,3,23,0.16669999999999999,1.2072099999999999,1.324422,2.942002,58.832287000000001
-1.447541690079382,-1.8341196426761599,4,6,3,23,1,1.2072099999999999,1.324422,2.942002,58.832287000000001
-1.447541690079382,-1.8341196426761599,4,6,3,23,1,1.2072099999999999,1.324422,2.942002,58.832287000000001
-1.447541690079382,-2.4500694320487399,4,6,3,23,0.33329999999999999,1.2072099999999999,1.324422,2.942002,58.832287000000001
-1.447541690079382,-2.4744078902784201,4,6,3,23,0.16669999999999999,1.2072099999999999,1.324422,2.942002,58.832287000000001
-1.447541690079382,-1.6219040624218599,4,6,3,23,0.083299999999999999,1.2072099999999999,1.324422,2.942002,58.832287000000001
-1.447541690079382,-2.4500694320487399,4,6,3,23,0.33329999999999999,1.2072099999999999,1.324422,2.942002,58.832287000000001
-1.447541690079382,-1.8341196426761599,4,6,3,23,1,1.2072099999999999,1.324422,2.942002,58.832287000000001
-1.447541690079382,-2.4500694320487399,4,6,3,23,0.33329999999999999,1.2072099999999999,1.324422,2.942002,58.832287000000001
-1.447541690079382,-2.4744078902784201,4,6,3,23,0.16669999999999999,1.2072099999999999,1.324422,2.942002,58.832287000000001
-1.447541690079382,-2.4744078902784201,4,6,3,23,0.16669999999999999,1.2072099999999999,1.324422,2.942002,58.832287000000001
-1.447541690079382,-1.6219040624218599,4,6,3,23,0.083299999999999999,1.2072099999999999,1.324422,2.942002,58.832287000000001
-1.447541690079382,-2.4500694320487399,4,6,3,23,0.33329999999999999,1.2072099999999999,1.324422,2.942002,58.832287000000001
-1.447541690079382,-2.4500694320487399,4,6,3,23,0.33329999999999999,1.2072099999999999,1.324422,2.942002,58.832287000000001
-1.447541690079382,-1.6219040624218599,4,6,3,23,0.083299999999999999,1.2072099999999999,1.324422,2.942002,58.832287000000001
-1.4475751542959145,-0.870000502556176,4,6,1,22,3,1.4087339999999999,1.373945,3.160228,133.256316
-1.4475751542959145,-0.63590916832316702,4,6,1,23,3,1.4087339999999999,1.373945,3.160228,133.256316
-1.4559319556497243,-1.51103362789592,4,6,3,20,4,1.5849629999999999,2.1435900000000001,3.3551799999999998,234.891864
-1.4559319556497243,-0.61261017045525901,4,6,1,20,1,1.5849629999999999,2.1435900000000001,3.3551799999999998,234.891864
-1.4559319556497243,-0.52427109689218199,3,6,3,20,1,1.5849629999999999,2.1435900000000001,3.3551799999999998,234.891864
-1.4611848072887135,-0.96564187042134297,1,6,1,10,1,1.7029749999999999,1.4485060000000001,3.324773,162.16508300000001
-1.4611848072887135,-0.53536193730811898,1,6,1,14,1,1.7029749999999999,1.4485060000000001,3.324773,162.16508300000001
-1.4647058799572295,1.3734179674935201,4,6,1,20,4,1.369745,1.38405,2.9881549999999999,123.77092399999999
-1.4801720062242814,-0.61261017045525901,4,6,1,20,1,1.5849629999999999,2.1435900000000001,3.3551799999999998,234.891864
-1.4814860601221125,-0.61261017045525901,4,6,1,20,1,1.5849629999999999,2.1435900000000001,3.3551799999999998,234.891864
-1.4874636172480715,-2.5853937165376699,2,6,1,23,1,1.8613459999999999,2.5842420000000002,3.719201,69.477003999999994
-1.4874636172480715,-2.5730244085410998,2,6,2,22,2,1.8613459999999999,2.5842420000000002,3.719201,69.477003999999994
-1.4874636172480715,-1.7558516559995201,4,5,1,22,3,1.8613459999999999,2.5842420000000002,3.719201,69.477003999999994
-1.4874636172480715,-1.7558516559995201,4,5,1,22,3,1.8613459999999999,2.5842420000000002,3.719201,69.477003999999994
-1.4874636172480715,-1.7558516559995201,4,5,1,22,3,1.8613459999999999,2.5842420000000002,3.719201,69.477003999999994
-1.4874636172480715,-1.7558516559995201,4,5,1,22,3,1.8613459999999999,2.5842420000000002,3.719201,69.477003999999994
-1.4874636172480715,-1.7558516559995201,4,5,1,22,3,1.8613459999999999,2.5842420000000002,3.719201,69.477003999999994
-1.4934949675951279,-0.30228702311455002,4,6,1,20,2,1.5849629999999999,2.1435900000000001,3.3551799999999998,234.891864
-1.494850021680094,-0.72867508469168396,1,6,1,18,3,1.5954619999999999,1.3889940000000001,2.2771409999999999,54.191592
-1.494850021680094,0.106932624958243,1,6,1,18,3,1.2515350000000001,1.3367059999999999,2.6866500000000002,74.196158999999994
-1.494850021680094,-0.115370997090868,1,6,1,18,3,1.361912,1.3709640000000001,2.8800050000000001,91.050552999999994
-1.494850021680094,-0.31829575749551298,1,6,1,5,3,1.626166,1.395489,3.3213059999999999,84.295136999999997
-1.494850021680094,-0.78094594408630402,4,6,1,20,4,1.5849629999999999,2.1435900000000001,3.3551799999999998,234.891864
-1.494850021680094,-0.667987564914447,4,6,1,10,1,1.5849629999999999,2.1435900000000001,3.3551799999999998,234.891864
-1.494850021680094,-0.61261017045525901,4,6,1,20,1,1.5849629999999999,2.1435900000000001,3.3551799999999998,234.891864
-1.494850021680094,-0.90341736275658202,4,5,1,20,4,1.5849629999999999,2.1435900000000001,3.3551799999999998,234.891864
-1.494850021680094,-0.61261017045525901,4,6,1,20,1,1.5849629999999999,2.1435900000000001,3.3551799999999998,234.891864
-1.494850021680094,-1.0857041817703199,4,6,1,23,3,1.5849629999999999,2.1435900000000001,3.3551799999999998,234.891864
-1.494850021680094,-1.12815197675323,4,2,1,22,1,1.7059789999999999,1.4547939999999999,3.6407080000000001,222.774563
-1.494850021680094,-1.12815197675323,4,2,1,22,1,1.7059789999999999,1.4547939999999999,3.6407080000000001,222.774563
-1.494850021680094,-1.12815197675323,4,2,1,22,1,1.7059789999999999,1.4547939999999999,3.6407080000000001,222.774563
-1.494850021680094,-1.12815197675323,4,2,1,22,1,1.7059789999999999,1.4547939999999999,3.6407080000000001,222.774563
-1.494850021680094,-1.12815197675323,4,2,1,22,1,1.7059789999999999,1.4547939999999999,3.6407080000000001,222.774563
-1.494850021680094,-0.78465056017816204,4,2,1,23,4,1.7059789999999999,1.4547939999999999,3.6407080000000001,222.774563
-1.494850021680094,-0.89729938523980701,4,2,1,23,1,1.7059789999999999,1.4547939999999999,3.6407080000000001,222.774563
-1.494850021680094,-0.78465056017816204,4,2,1,23,4,1.7059789999999999,1.4547939999999999,3.6407080000000001,222.774563
-1.494850021680094,-0.78465056017816204,4,2,1,23,4,1.7059789999999999,1.4547939999999999,3.6407080000000001,222.774563
-1.494850021680094,-0.89729938523980701,4,2,1,23,1,1.7059789999999999,1.4547939999999999,3.6407080000000001,222.774563
-1.494850021680094,-0.94293745644261995,3,6,1,20,1,1.5849629999999999,2.1435900000000001,3.3551799999999998,234.891864
-1.494850021680094,0.078108246315041693,3,6,1,20,2,1.5954619999999999,1.3889940000000001,2.2771409999999999,54.191592
-1.494850021680094,0.61627910247762496,3,6,1,20,2,1.361912,1.3709640000000001,2.8800050000000001,91.050552999999994
-1.4999008080842773,-1.2614849326239801,5,6,1,20,2,1.5849629999999999,2.1435900000000001,3.3551799999999998,234.891864
-1.5043440314842245,-1.63589138666391,2,6,1,22,2,1.910509,2.9188610000000001,3.8102480000000001,61.660398999999998
-1.5043440314842245,-1.6374243013625001,2,6,1,22,4,1.910509,2.9188610000000001,3.8102480000000001,61.660398999999998
-1.5086383061657274,-0.78094594408630402,4,6,1,20,4,1.5849629999999999,2.1435900000000001,3.3551799999999998,234.891864
-1.5086383061657274,-1.7568974533636801,4,5,1,23,4,1.172347,1.317879,3.2155719999999999,69.680644000000001
-1.5114458852995345,-1.1403649572513499,4,5,1,8,1,1.776553,1.5190509999999999,3.3022420000000001,154.74236099999999
-1.5142785735184201,-1.4226071421293101,4,2,3,20,4,1.5849629999999999,2.1435900000000001,3.3551799999999998,234.891864
-1.5194900069484889,-1.7480399164685201,4,6,3,22,0.020799999999999999,1.2072099999999999,1.324422,2.942002,58.832287000000001
-1.522240656613759,-1.60642229685413,4,6,1,22,2.7917000000000001,1.182966,1.329504,3.1749800000000001,122.239276
-1.522240656613759,-1.60642229685413,4,6,1,22,2.7917000000000001,1.182966,1.329504,3.1749800000000001,122.239276
-1.522240656613759,-1.60642229685413,4,6,1,22,2.7917000000000001,1.182966,1.329504,3.1749800000000001,122.239276
-1.522240656613759,-1.70905397913151,4,6,1,23,2.7917000000000001,1.182966,1.329504,3.1749800000000001,122.239276
-1.5228787452803376,-1.2226924586607999,4,2,3,20,2,1.5849629999999999,2.1435900000000001,3.3551799999999998,234.891864
-1.5228787452803376,-1.20555969130801,4,2,3,20,1,1.5849629999999999,2.1435900000000001,3.3551799999999998,234.891864
-1.5228787452803376,-1.4129883667155501,4,2,1,20,1,1.5849629999999999,2.1435900000000001,3.3551799999999998,234.891864
-1.5228787452803376,-1.2226924586607999,4,2,3,20,2,1.5849629999999999,2.1435900000000001,3.3551799999999998,234.891864
-1.5228787452803376,-1.20555969130801,4,2,3,20,1,1.5849629999999999,2.1435900000000001,3.3551799999999998,234.891864
-1.5228787452803376,-1.4129883667155501,4,2,1,20,1,1.5849629999999999,2.1435900000000001,3.3551799999999998,234.891864
-1.5228787452803376,-1.32136397237181,4,2,1,20,4,1.5849629999999999,2.1435900000000001,3.3551799999999998,234.891864
-1.5228787452803376,-1.32136397237181,4,2,1,20,4,1.5849629999999999,2.1435900000000001,3.3551799999999998,234.891864
-1.5228787452803376,-1.24097171461211,4,6,3,23,1.3332999999999999,1.7029749999999999,1.4485060000000001,3.324773,162.16508300000001
-1.5228787452803376,-1.1885962651747299,4,6,3,23,0.041700000000000001,1.7029749999999999,1.4485060000000001,3.324773,162.16508300000001
-1.5228787452803376,-1.0624850555812799,4,6,3,23,2.0417000000000001,1.7029749999999999,1.4485060000000001,3.324773,162.16508300000001
-1.5228787452803376,-1.18225053068529,4,6,3,23,1.0417000000000001,1.7029749999999999,1.4485060000000001,3.324773,162.16508300000001
-1.5228787452803376,-0.63435774596211802,3,6,1,20,2,1.5849629999999999,2.1435900000000001,3.3551799999999998,234.891864
-1.5228787452803376,-1.06722160287686,3,6,1,22,2,1.3993519999999999,1.4955149999999999,3.3305389999999999,174.65439900000001
-1.5257837359237447,-1.4757280424889101,3,1,1,22,1,1.5849629999999999,2.1435900000000001,3.3551799999999998,234.891864
-1.530177984021837,-0.94293745644261995,3,6,1,20,1,1.5849629999999999,2.1435900000000001,3.3551799999999998,234.891864
-1.5331323796458904,-1.4792070249201399,4,2,1,22,4,1.9644379999999999,1.475597,3.2604410000000001,123.87051099999999
-1.5331323796458904,-1.3832648341285101,4,2,1,23,4,1.9644379999999999,1.475597,3.2604410000000001,123.87051099999999
-1.5331323796458904,-1.3832648341285101,4,2,1,23,4,1.9644379999999999,1.475597,3.2604410000000001,123.87051099999999
-1.5331323796458904,-1.3832648341285101,4,2,1,23,4,1.9644379999999999,1.475597,3.2604410000000001,123.87051099999999
-1.5376020021010439,-1.91264413175252,5,6,1,10,1,1.5849629999999999,2.1435900000000001,3.3551799999999998,234.891864
-1.5399594194665349,-1.5253603310534101,2,5,1,22,3,1.179678,1.311771,3.0597110000000001,55.721961999999998
-1.5399594194665349,-1.5253603310534101,2,5,1,22,3,1.179678,1.311771,3.0597110000000001,55.721961999999998
-1.5399594194665349,-1.5253603310534101,2,5,1,22,3,1.179678,1.311771,3.0597110000000001,55.721961999999998
-1.5399594194665349,-1.5253603310534101,2,5,1,22,3,1.179678,1.311771,3.0597110000000001,55.721961999999998
-1.5399594194665349,-1.5253603310534101,2,5,1,22,3,1.179678,1.311771,3.0597110000000001,55.721961999999998
-1.5399594194665349,-1.5253603310534101,2,5,1,22,3,1.179678,1.311771,3.0597110000000001,55.721961999999998
-1.5399594194665349,-1.5269324287030399,2,5,1,23,3,1.179678,1.311771,3.0597110000000001,55.721961999999998
-1.5399594194665349,-1.5269324287030399,2,5,1,23,3,1.179678,1.311771,3.0597110000000001,55.721961999999998
-1.5399594194665349,-1.5269324287030399,2,5,1,23,3,1.179678,1.311771,3.0597110000000001,55.721961999999998
-1.5399594194665349,-1.5269324287030399,2,5,1,23,3,1.179678,1.311771,3.0597110000000001,55.721961999999998
-1.5421181032660076,-1.5728390008825399,5,6,1,20,1,1.5849629999999999,2.1435900000000001,3.3551799999999998,234.891864
-1.5451551399914898,-1.44169587896698,4,2,1,23,1,1.4930490000000001,1.413699,3.1771880000000001,139.585915
-1.5451551399914898,-1.51328091796717,4,2,1,23,3,1.4930490000000001,1.413699,3.1771880000000001,139.585915
-1.5451551399914898,-1.44169587896698,4,2,1,23,1,1.4930490000000001,1.413699,3.1771880000000001,139.585915
-1.5451551399914898,-1.51328091796717,4,2,1,23,3,1.4930490000000001,1.413699,3.1771880000000001,139.585915
-1.5451551399914898,-1.44169587896698,4,2,1,23,1,1.4930490000000001,1.413699,3.1771880000000001,139.585915
-1.5528419686577808,-1.51103362789592,4,6,3,20,4,1.5849629999999999,2.1435900000000001,3.3551799999999998,234.891864
-1.5528419686577808,-1.3663449623692501,4,6,3,20,1,1.5849629999999999,2.1435900000000001,3.3551799999999998,234.891864
-1.5528419686577808,-0.94293745644261995,3,6,1,20,1,1.5849629999999999,2.1435900000000001,3.3551799999999998,234.891864
-1.5528419686577808,-1.91264413175252,5,6,1,10,1,1.5849629999999999,2.1435900000000001,3.3551799999999998,234.891864
-1.5619325495465062,-1.26642424172396,4,5,1,23,3,1.7029749999999999,1.4485060000000001,3.324773,162.16508300000001
-1.5648129857351463,-1.7480399164685201,4,6,3,22,0.020799999999999999,1.2072099999999999,1.324422,2.942002,58.832287000000001
-1.5648129857351463,-2.3737243919777198,4,6,3,22,0.16669999999999999,1.2072099999999999,1.324422,2.942002,58.832287000000001
-1.5648129857351463,-2.1282584504600002,4,6,3,22,2,1.2072099999999999,1.324422,2.942002,58.832287000000001
-1.5648129857351463,-2.41769851836129,4,6,3,22,1,1.2072099999999999,1.324422,2.942002,58.832287000000001
-1.5648129857351463,-1.5712582672750399,2,5,1,22,3,1.2072099999999999,1.324422,2.942002,58.832287000000001
-1.5648129857351463,-1.5810010934825001,2,5,1,23,3,1.2072099999999999,1.324422,2.942002,58.832287000000001
-1.5648129857351463,-1.5810010934825001,2,5,1,23,3,1.2072099999999999,1.324422,2.942002,58.832287000000001
-1.5648129857351463,-1.5810010934825001,2,5,1,23,3,1.2072099999999999,1.324422,2.942002,58.832287000000001
-1.5648129857351463,-1.5810010934825001,2,5,1,23,3,1.2072099999999999,1.324422,2.942002,58.832287000000001
-1.5648129857351463,-1.5810010934825001,2,5,1,23,3,1.2072099999999999,1.324422,2.942002,58.832287000000001
-1.5648129857351463,-1.5810010934825001,2,5,1,23,3,1.2072099999999999,1.324422,2.942002,58.832287000000001
-1.5648129857351463,-1.5810010934825001,2,5,1,23,3,1.2072099999999999,1.324422,2.942002,58.832287000000001
-1.5648129857351463,-1.5810010934825001,2,5,1,23,3,1.2072099999999999,1.324422,2.942002,58.832287000000001
-1.5648129857351463,-1.5810010934825001,2,5,1,23,3,1.2072099999999999,1.324422,2.942002,58.832287000000001
-1.5648129857351463,-1.5810010934825001,2,5,1,23,3,1.2072099999999999,1.324422,2.942002,58.832287000000001
-1.5648129857351463,-2.0949054273093402,4,5,1,22,1.9167000000000001,1.2072099999999999,1.324422,2.942002,58.832287000000001
-1.5648129857351463,-2.0949054273093402,4,5,1,22,1.9167000000000001,1.2072099999999999,1.324422,2.942002,58.832287000000001
-1.5686362358410126,-0.80452134745264003,4,1,1,20,2,1.5849629999999999,2.1435900000000001,3.3551799999999998,234.891864
-1.5686362358410126,-0.78094594408630402,4,6,1,20,4,1.5849629999999999,2.1435900000000001,3.3551799999999998,234.891864
-1.5686362358410126,-0.62592186811187001,4,1,1,20,4,1.5849629999999999,2.1435900000000001,3.3551799999999998,234.891864
-1.5686362358410126,-4.1564236134519197,4,5,1,23,4,1.2072099999999999,1.324422,2.942002,58.832287000000001
-1.6020599913279623,-0.78094594408630402,4,6,1,20,4,1.5849629999999999,2.1435900000000001,3.3551799999999998,234.891864
-1.6020599913279623,-0.78094594408630402,4,6,1,20,4,1.5849629999999999,2.1435900000000001,3.3551799999999998,234.891864
-1.6020599913279623,-0.88712750929490702,4,2,1,22,0.045100000000000001,1.5849629999999999,2.1435900000000001,3.3551799999999998,234.891864
-1.6020599913279623,-1.2941416920330999,4,6,1,22,2,1.2515350000000001,1.3367059999999999,2.6866500000000002,74.196158999999994
-1.6020599913279623,-1.6372543581179499,4,2,1,22,1,1.4653609999999999,1.4271160000000001,3.3460960000000002,177.699433
-1.6020599913279623,-1.6220225317179899,4,2,1,22,3,1.4653609999999999,1.4271160000000001,3.3460960000000002,177.699433
-1.6020599913279623,-1.6372543581179499,4,2,1,22,1,1.4653609999999999,1.4271160000000001,3.3460960000000002,177.699433
-1.6020599913279623,-1.6098558703067201,4,2,1,23,1,1.4653609999999999,1.4271160000000001,3.3460960000000002,177.699433
-1.6020599913279623,-1.5396196455120901,4,2,1,23,3,1.4653609999999999,1.4271160000000001,3.3460960000000002,177.699433
-1.6020599913279623,-1.6098558703067201,4,2,1,23,1,1.4653609999999999,1.4271160000000001,3.3460960000000002,177.699433
-1.6020599913279623,-1.2273572144078799,4,1,1,22,4,1.7029749999999999,1.4485060000000001,3.324773,162.16508300000001
-1.6020599913279623,-1.71601557201927,4,1,1,22,4,1.457187,1.5648569999999999,3.3306979999999999,219.12254799999999
-1.6160867672744568,-0.96564187042134297,1,6,1,10,1,1.7029749999999999,1.4485060000000001,3.324773,162.16508300000001
-1.6197887582883939,-0.78094594408630402,4,6,1,20,4,1.5849629999999999,2.1435900000000001,3.3551799999999998,234.891864
-1.6197887582883939,-1.32136397237181,4,2,1,20,4,1.5849629999999999,2.1435900000000001,3.3551799999999998,234.891864
-1.6197887582883939,-1.4129883667155501,4,2,1,20,1,1.5849629999999999,2.1435900000000001,3.3551799999999998,234.891864
-1.6197887582883939,-1.91264413175252,5,6,1,10,1,1.5849629999999999,2.1435900000000001,3.3551799999999998,234.891864
-1.6252937331165278,-1.74984471181975,4,6,3,22,0.041700000000000001,1.2072099999999999,1.324422,2.942002,58.832287000000001
-1.6270879970298935,-1.5633465786432199,3,5,1,20,1,1.5849629999999999,2.1435900000000001,3.3551799999999998,234.891864
-1.6270879970298935,-1.5633465786432199,3,5,1,20,1,1.5849629999999999,2.1435900000000001,3.3551799999999998,234.891864
-1.6345120151091004,-1.4449631140158199,4,5,1,22,3,1.7029749999999999,1.4485060000000001,3.324773,162.16508300000001
-1.6345120151091004,-1.4449631140158199,4,5,1,22,3,1.7029749999999999,1.4485060000000001,3.324773,162.16508300000001
-1.6345120151091004,-1.4449631140158199,4,5,1,22,3,1.7029749999999999,1.4485060000000001,3.324773,162.16508300000001
-1.6382721639824072,-1.44098614970398,4,1,3,10,1,1.5849629999999999,2.1435900000000001,3.3551799999999998,234.891864
-1.6382721639824072,-1.32136397237181,4,2,1,20,4,1.5849629999999999,2.1435900000000001,3.3551799999999998,234.891864
-1.6382721639824072,-1.27920517216804,4,1,3,10,2,1.5849629999999999,2.1435900000000001,3.3551799999999998,234.891864
-1.6382721639824072,-1.44098614970398,4,1,3,10,1,1.5849629999999999,2.1435900000000001,3.3551799999999998,234.891864
-1.6382721639824072,-1.3663449623692501,4,6,3,20,1,1.5849629999999999,2.1435900000000001,3.3551799999999998,234.891864
-1.6382721639824072,-1.3319638321386,4,2,1,20,2,1.5849629999999999,2.1435900000000001,3.3551799999999998,234.891864
-1.6382721639824072,-1.3319638321386,4,2,1,20,2,1.5849629999999999,2.1435900000000001,3.3551799999999998,234.891864
-1.6470460882899123,-1.2185821331154501,4,2,1,22,3,1.7059789999999999,1.4547939999999999,3.6407080000000001,222.774563
-1.6575773191777938,-0.73116538008777698,1,6,1,10,3,1.3971899999999999,1.3250919999999999,3.667243,139.10991999999999
-1.6575773191777938,-1.32136397237181,4,2,1,20,4,1.5849629999999999,2.1435900000000001,3.3551799999999998,234.891864
-1.6575773191777938,-1.09979648313414,4,1,1,10,2,1.5849629999999999,2.1435900000000001,3.3551799999999998,234.891864
-1.6575773191777938,-0.80452134745264003,4,1,1,20,2,1.5849629999999999,2.1435900000000001,3.3551799999999998,234.891864
-1.6575773191777938,-1.32136397237181,4,2,1,20,4,1.5849629999999999,2.1435900000000001,3.3551799999999998,234.891864
-1.6575773191777938,-1.91264413175252,5,6,1,10,1,1.5849629999999999,2.1435900000000001,3.3551799999999998,234.891864
-1.6615435063953952,-0.87019142094611901,4,5,3,22,4,1.285285,1.336076,2.9040379999999999,85.915459999999996
-1.6615435063953952,-0.87019142094611901,4,5,3,22,4,1.285285,1.336076,2.9040379999999999,85.915459999999996
-1.6615435063953952,-0.87019142094611901,4,5,3,22,4,1.285285,1.336076,2.9040379999999999,85.915459999999996
-1.6615435063953952,0.46602574398847202,4,5,3,23,4,1.285285,1.336076,2.9040379999999999,85.915459999999996
-1.6615435063953952,0.46602574398847202,4,5,3,23,4,1.285285,1.336076,2.9040379999999999,85.915459999999996
-1.6615435063953952,-0.94293745644261995,3,6,1,20,1,1.5849629999999999,2.1435900000000001,3.3551799999999998,234.891864
-1.6839993934543551,-2.3737243919777198,4,6,3,22,0.16669999999999999,1.2072099999999999,1.324422,2.942002,58.832287000000001
-1.6989700043360187,-0.73116538008777698,1,6,1,10,3,1.3971899999999999,1.3250919999999999,3.667243,139.10991999999999
-1.6989700043360187,-1.3276150891193701,1,6,1,23,1,1.8894820000000001,1.576716,3.0689790000000001,169.580533
-1.6989700043360187,-1.42679161205968,1,6,1,23,3,1.8894820000000001,1.576716,3.0689790000000001,169.580533
-1.6989700043360187,-1.3409473495770301,1,6,1,23,2,1.8894820000000001,1.576716,3.0689790000000001,169.580533
-1.6989700043360187,-1.51103362789592,4,6,3,20,4,1.5849629999999999,2.1435900000000001,3.3551799999999998,234.891864
-1.6989700043360187,-2.4466709361845802,2,6,1,22,3,1.7029749999999999,1.4485060000000001,3.324773,162.16508300000001
-1.6989700043360187,-2.3117926094653098,2,6,1,22,1,1.7029749999999999,1.4485060000000001,3.324773,162.16508300000001
-1.6989700043360187,-2.4779007209275301,2,6,1,22,0.29170000000000001,1.7029749999999999,1.4485060000000001,3.324773,162.16508300000001
-1.6989700043360187,-4.2610959650598303,4,1,1,22,4,1.2088300000000001,1.340533,3.085988,99.184106999999997
-1.6989700043360187,-0.92253714491230299,2,6,1,22,4,1.776553,1.5190509999999999,3.3022420000000001,154.74236099999999
-1.6989700043360187,-0.85292174087103401,2,6,1,23,4,1.776553,1.5190509999999999,3.3022420000000001,154.74236099999999
-1.6989700043360187,-0.85292174087103401,2,6,1,23,4,1.776553,1.5190509999999999,3.3022420000000001,154.74236099999999
-1.6989700043360187,-1.3441611454575899,5,6,1,21,1,1.5849629999999999,2.1435900000000001,3.3551799999999998,234.891864
-1.6989700043360187,-0.68641046894962598,3,5,3,22,2,1.2072099999999999,1.324422,2.942002,58.832287000000001
-1.7099653886374819,-0.78094594408630402,4,6,1,20,4,1.5849629999999999,2.1435900000000001,3.3551799999999998,234.891864
-1.7099653886374819,-1.5088922664207201,3,5,1,20,2,1.5849629999999999,2.1435900000000001,3.3551799999999998,234.891864
-1.7258421507363202,-1.5728390008825399,5,6,1,20,1,1.5849629999999999,2.1435900000000001,3.3551799999999998,234.891864
-1.7348282768090681,-1.2941416920330999,4,6,1,22,2,1.2515350000000001,1.3367059999999999,2.6866500000000002,74.196158999999994
-1.744727494896694,-0.65614617815406195,4,1,1,20,1,1.5849629999999999,2.1435900000000001,3.3551799999999998,234.891864
-1.744727494896694,-0.61261017045525901,4,6,1,20,1,1.5849629999999999,2.1435900000000001,3.3551799999999998,234.891864
-1.744727494896694,-1.7636442870692499,2,5,1,20,4,1.182966,1.329504,3.1749800000000001,122.239276
-1.744727494896694,-1.5728390008825399,5,6,1,20,1,1.5849629999999999,2.1435900000000001,3.3551799999999998,234.891864
-1.7619538968712045,-1.5088922664207201,3,5,1,20,2,1.5849629999999999,2.1435900000000001,3.3551799999999998,234.891864
-1.7619538968712045,-1.5088922664207201,3,5,1,20,2,1.5849629999999999,2.1435900000000001,3.3551799999999998,234.891864
-1.7695510786217261,-1.91264413175252,5,6,1,10,1,1.5849629999999999,2.1435900000000001,3.3551799999999998,234.891864
-1.7856861025756003,-2.7597040227908098,4,5,1,22,3,1.221695,1.337137,2.9817170000000002,67.151338999999993
-1.7856861025756003,-3.0900372599697699,4,5,1,23,3,1.221695,1.337137,2.9817170000000002,67.151338999999993
-1.7958800173440752,-0.90341736275658202,4,5,1,20,4,1.5849629999999999,2.1435900000000001,3.3551799999999998,234.891864
-1.806453020204845,-1.6374243013625001,2,6,1,22,4,1.910509,2.9188610000000001,3.8102480000000001,61.660398999999998
-1.806453020204845,-1.6374243013625001,2,6,1,22,4,1.910509,2.9188610000000001,3.8102480000000001,61.660398999999998
-1.806453020204845,-1.8640845957144401,2,6,1,22,1,1.910509,2.9188610000000001,3.8102480000000001,61.660398999999998
-1.806453020204845,-1.6374243013625001,2,6,1,22,4,1.910509,2.9188610000000001,3.8102480000000001,61.660398999999998
-1.806453020204845,-1.58118126740793,2,6,1,23,4,1.910509,2.9188610000000001,3.8102480000000001,61.660398999999998
-1.8146704805158227,-1.4145666435093001,4,5,1,20,2,1.182966,1.329504,3.1749800000000001,122.239276
-1.8232706522777402,-1.60642229685413,4,6,1,22,2.7917000000000001,1.182966,1.329504,3.1749800000000001,122.239276
-1.8232706522777402,-1.70905397913151,4,6,1,23,2.7917000000000001,1.182966,1.329504,3.1749800000000001,122.239276
-1.8239087409443189,-1.9034010638193399,1,6,1,22,2,1.764276,1.4288730000000001,3.311938,110.75593600000001
-1.8239087409443189,-1.9034010638193399,1,6,1,22,2,1.764276,1.4288730000000001,3.311938,110.75593600000001
-1.8239087409443189,-1.9034010638193399,1,6,1,22,2,1.764276,1.4288730000000001,3.311938,110.75593600000001
-1.8239087409443189,-1.9034010638193399,1,6,1,22,2,1.764276,1.4288730000000001,3.311938,110.75593600000001
-1.8239087409443189,-1.8743679381254701,1,6,1,23,2,1.764276,1.4288730000000001,3.311938,110.75593600000001
-1.8239087409443189,-1.8743679381254701,1,6,1,23,2,1.764276,1.4288730000000001,3.311938,110.75593600000001
-1.8239087409443189,-1.8743679381254701,1,6,1,23,2,1.764276,1.4288730000000001,3.311938,110.75593600000001
-1.8239087409443189,-1.8743679381254701,1,6,1,23,2,1.764276,1.4288730000000001,3.311938,110.75593600000001
-1.8239087409443189,-1.8743679381254701,1,6,1,23,2,1.764276,1.4288730000000001,3.311938,110.75593600000001
-1.8239087409443189,-1.8743679381254701,1,6,1,23,2,1.764276,1.4288730000000001,3.311938,110.75593600000001
-1.8239087409443189,-1.8743679381254701,1,6,1,23,2,1.764276,1.4288730000000001,3.311938,110.75593600000001
-1.8239087409443189,-1.8743679381254701,1,6,1,23,2,1.764276,1.4288730000000001,3.311938,110.75593600000001
-1.8239087409443189,-1.8743679381254701,1,6,1,23,2,1.764276,1.4288730000000001,3.311938,110.75593600000001
-1.8239087409443189,-1.8743679381254701,1,6,1,23,2,1.764276,1.4288730000000001,3.311938,110.75593600000001
-1.8239087409443189,-1.8743679381254701,1,6,1,23,2,1.764276,1.4288730000000001,3.311938,110.75593600000001
-1.8239087409443189,-0.61261017045525901,4,6,1,20,1,1.5849629999999999,2.1435900000000001,3.3551799999999998,234.891864
-1.8297382846050425,-1.5088922664207201,3,5,1,20,2,1.5849629999999999,2.1435900000000001,3.3551799999999998,234.891864
-1.8401321529074333,-1.5728390008825399,5,6,1,20,1,1.5849629999999999,2.1435900000000001,3.3551799999999998,234.891864
-1.8405371161343573,-2.41769851836129,4,6,3,22,1,1.2072099999999999,1.324422,2.942002,58.832287000000001
-1.8507808873446201,-1.6980369271248701,3,1,1,23,1,1.5849629999999999,2.1435900000000001,3.3551799999999998,234.891864
-1.853871964321762,-1.39195809673728,4,6,3,20,2,1.5849629999999999,2.1435900000000001,3.3551799999999998,234.891864
-1.853871964321762,-1.51103362789592,4,6,3,20,4,1.5849629999999999,2.1435900000000001,3.3551799999999998,234.891864
-1.853871964321762,-1.3663449623692501,4,6,3,20,1,1.5849629999999999,2.1435900000000001,3.3551799999999998,234.891864
-1.853871964321762,-1.31938229748479,4,2,1,22,2,1.285285,1.336076,2.9040379999999999,85.915459999999996
-1.853871964321762,-1.31938229748479,4,2,1,22,2,1.285285,1.336076,2.9040379999999999,85.915459999999996
-1.853871964321762,-0.302754157143659,4,2,1,23,2,1.285285,1.336076,2.9040379999999999,85.915459999999996
-1.853871964321762,-0.94293745644261995,3,6,1,20,1,1.5849629999999999,2.1435900000000001,3.3551799999999998,234.891864
-1.853871964321762,-0.52427109689218199,3,6,3,20,1,1.5849629999999999,2.1435900000000001,3.3551799999999998,234.891864
-1.8664610916297826,-1.4226071421293101,4,2,3,20,4,1.5849629999999999,2.1435900000000001,3.3551799999999998,234.891864
-1.8719239873312847,-1.5728390008825399,5,6,1,20,1,1.5849629999999999,2.1435900000000001,3.3551799999999998,234.891864
-1.885403625920109,-1.4051482486361999,4,6,1,23,3,1.8613459999999999,2.5842420000000002,3.719201,69.477003999999994
-1.885403625920109,-1.4051482486361999,4,6,1,23,3,1.8613459999999999,2.5842420000000002,3.719201,69.477003999999994
-1.885403625920109,-1.4051482486361999,4,6,1,23,3,1.8613459999999999,2.5842420000000002,3.719201,69.477003999999994
-1.892715127799429,-2.1282584504600002,4,6,3,22,2,1.2072099999999999,1.324422,2.942002,58.832287000000001
-1.9030899869919435,-1.8010564566296099,4,5,1,22,3,1.2072099999999999,1.324422,2.942002,58.832287000000001
-1.9030899869919435,-1.8010564566296099,4,5,1,22,3,1.2072099999999999,1.324422,2.942002,58.832287000000001
-1.9030899869919435,-1.8010564566296099,4,5,1,22,3,1.2072099999999999,1.324422,2.942002,58.832287000000001
-1.9030899869919435,-1.8010564566296099,4,5,1,22,3,1.2072099999999999,1.324422,2.942002,58.832287000000001
-1.9030899869919435,-1.88863268400618,4,5,1,23,3,1.2072099999999999,1.324422,2.942002,58.832287000000001
-1.9030899869919435,-1.88863268400618,4,5,1,23,3,1.2072099999999999,1.324422,2.942002,58.832287000000001
-1.9030899869919435,-1.88863268400618,4,5,1,23,3,1.2072099999999999,1.324422,2.942002,58.832287000000001
-1.9208187539523751,-1.5728390008825399,5,6,1,20,1,1.5849629999999999,2.1435900000000001,3.3551799999999998,234.891864
-1.9507819773298183,-1.91264413175252,5,6,1,10,1,1.5849629999999999,2.1435900000000001,3.3551799999999998,234.891864
-1.9586073148417751,-2.1332073643117999,3,6,3,20,2,1.5849629999999999,2.1435900000000001,3.3551799999999998,234.891864
-1.9767475403662884,-2.1525127327338902,4,6,3,22,1.5,1.2072099999999999,1.324422,2.942002,58.832287000000001
-1.9767475403662884,-2.1525127327338902,4,6,3,22,1.5,1.2072099999999999,1.324422,2.942002,58.832287000000001
-1.9767475403662884,-2.1282584504600002,4,6,3,22,2,1.2072099999999999,1.324422,2.942002,58.832287000000001
-1.9767475403662884,-2.1282584504600002,4,6,3,22,2,1.2072099999999999,1.324422,2.942002,58.832287000000001
-1.9767475403662884,-2.8520155340788702,4,6,3,23,0.5,1.2072099999999999,1.324422,2.942002,58.832287000000001
-1.9767475403662884,-2.8520155340788702,4,6,3,23,0.5,1.2072099999999999,1.324422,2.942002,58.832287000000001
-1.9767475403662884,-1.96979362183291,4,6,3,23,1.5,1.2072099999999999,1.324422,2.942002,58.832287000000001
-1.9767475403662884,-2.1037490640139498,4,6,3,23,2,1.2072099999999999,1.324422,2.942002,58.832287000000001
-1.9829666607012197,-1.5728390008825399,5,6,1,20,1,1.5849629999999999,2.1435900000000001,3.3551799999999998,234.891864
-1.9871627752948278,-0.26119338980745299,1,6,1,23,3,1.3971899999999999,1.3250919999999999,3.667243,139.10991999999999
-1.9956786262173574,-1.9411280804106501,4,5,3,23,4,1.7283329999999999,1.5589489999999999,3.068981,163.77571
-1.9956786262173574,-0.88473819657200503,3,6,1,23,1,1.5849629999999999,2.1435900000000001,3.3551799999999998,234.891864
-2,-1.9034010638193399,1,6,1,22,2,1.764276,1.4288730000000001,3.311938,110.75593600000001
-2,-1.9034010638193399,1,6,1,22,2,1.764276,1.4288730000000001,3.311938,110.75593600000001
-2,-1.9034010638193399,1,6,1,22,2,1.764276,1.4288730000000001,3.311938,110.75593600000001
-2,-1.9034010638193399,1,6,1,22,2,1.764276,1.4288730000000001,3.311938,110.75593600000001
-2,-1.8743679381254701,1,6,1,23,2,1.764276,1.4288730000000001,3.311938,110.75593600000001
-2,-1.8743679381254701,1,6,1,23,2,1.764276,1.4288730000000001,3.311938,110.75593600000001
-2,-1.8743679381254701,1,6,1,23,2,1.764276,1.4288730000000001,3.311938,110.75593600000001
-2,-1.8743679381254701,1,6,1,23,2,1.764276,1.4288730000000001,3.311938,110.75593600000001
-2,-1.323561152356,1,6,1,22,3,1.4527939999999999,1.3822369999999999,2.776742,110.92294200000001
-2,-1.323561152356,1,6,1,22,3,1.4527939999999999,1.3822369999999999,2.776742,110.92294200000001
-2,-1.323561152356,1,6,1,22,3,1.4527939999999999,1.3822369999999999,2.776742,110.92294200000001
-2,-1.323561152356,1,6,1,22,3,1.4527939999999999,1.3822369999999999,2.776742,110.92294200000001
-2,-0.68723177711365002,1,6,1,23,3,1.4527939999999999,1.3822369999999999,2.776742,110.92294200000001
-2,-0.68723177711365002,1,6,1,23,3,1.4527939999999999,1.3822369999999999,2.776742,110.92294200000001
-2,-1.67125826323353,4,5,1,24,4,1.5954619999999999,1.3889940000000001,2.2771409999999999,54.191592
-2,-2.8602383397817599,4,1,1,23,0.16669999999999999,1.2072099999999999,1.324422,2.942002,58.832287000000001
-2,-3.0267261072244498,4,1,1,23,0.5,1.2072099999999999,1.324422,2.942002,58.832287000000001
-2,-3.4146230700796099,4,1,1,23,0.33329999999999999,1.2072099999999999,1.324422,2.942002,58.832287000000001
-2,-4.0084575610092399,2,5,1,22,4,1.182966,1.329504,3.1749800000000001,122.239276
-2,-2.0090385492420202,4,5,1,22,4,1.217225,1.3244009999999999,3.3703750000000001,188.689346
-2,-2,4,5,3,22,4,1.217225,1.3244009999999999,3.3703750000000001,188.689346
-2,-2.0090385492420202,4,5,1,22,4,1.217225,1.3244009999999999,3.3703750000000001,188.689346
-2,-2,4,5,3,22,4,1.217225,1.3244009999999999,3.3703750000000001,188.689346
-2,-2,4,5,3,22,4,1.217225,1.3244009999999999,3.3703750000000001,188.689346
-2,-2,4,5,3,22,4,1.217225,1.3244009999999999,3.3703750000000001,188.689346
-2,-2,4,5,3,23,4,1.217225,1.3244009999999999,3.3703750000000001,188.689346
-2,-2,4,5,3,23,4,1.217225,1.3244009999999999,3.3703750000000001,188.689346
-2,-2,4,5,1,23,4,1.217225,1.3244009999999999,3.3703750000000001,188.689346
-2,-2,4,5,3,23,4,1.217225,1.3244009999999999,3.3703750000000001,188.689346
-2,-2,4,5,3,23,4,1.217225,1.3244009999999999,3.3703750000000001,188.689346
-2,-2,4,5,3,23,4,1.217225,1.3244009999999999,3.3703750000000001,188.689346
-2,-2,4,5,3,23,4,1.217225,1.3244009999999999,3.3703750000000001,188.689346
-2,-2,4,5,1,23,4,1.217225,1.3244009999999999,3.3703750000000001,188.689346
-2,-2,4,5,3,23,4,1.217225,1.3244009999999999,3.3703750000000001,188.689346
-2,-2,4,5,3,23,4,1.217225,1.3244009999999999,3.3703750000000001,188.689346
-2,-2,4,5,3,23,4,1.217225,1.3244009999999999,3.3703750000000001,188.689346
-2,-2,4,5,3,23,4,1.217225,1.3244009999999999,3.3703750000000001,188.689346
-2,-2,4,5,3,23,4,1.217225,1.3244009999999999,3.3703750000000001,188.689346
-2,-2,4,5,1,23,4,1.217225,1.3244009999999999,3.3703750000000001,188.689346
-2,-2,4,5,3,23,4,1.217225,1.3244009999999999,3.3703750000000001,188.689346
-2,-2.4705625753912099,4,5,1,22,4,1.7283329999999999,1.5589489999999999,3.068981,163.77571
-2,-2.4705625753912099,4,5,1,22,4,1.7283329999999999,1.5589489999999999,3.068981,163.77571
-2,-2.4705625753912099,4,5,1,22,4,1.7283329999999999,1.5589489999999999,3.068981,163.77571
-2,-1.9542010886502801,4,5,1,23,4,1.7283329999999999,1.5589489999999999,3.068981,163.77571
-2,-2.1282584504600002,4,6,3,22,2,1.2072099999999999,1.324422,2.942002,58.832287000000001
-2,-2.1282584504600002,4,6,3,22,2,1.2072099999999999,1.324422,2.942002,58.832287000000001
-2,-2.1282584504600002,4,6,3,22,2,1.2072099999999999,1.324422,2.942002,58.832287000000001
-2,-2.1282584504600002,4,6,3,22,2,1.2072099999999999,1.324422,2.942002,58.832287000000001
-2,-2.1282584504600002,4,6,3,22,2,1.2072099999999999,1.324422,2.942002,58.832287000000001
-2,-2.1282584504600002,4,6,3,22,2,1.2072099999999999,1.324422,2.942002,58.832287000000001
-2,-2.1282584504600002,4,6,3,22,2,1.2072099999999999,1.324422,2.942002,58.832287000000001
-2,-2.1282584504600002,4,6,3,22,2,1.2072099999999999,1.324422,2.942002,58.832287000000001
-2,-2.1037490640139498,4,6,3,23,2,1.2072099999999999,1.324422,2.942002,58.832287000000001
-2,-1.1803260693472599,4,6,1,22,0.031300000000000001,1.5849629999999999,2.1435900000000001,3.3551799999999998,234.891864
-2,-1.1731180345487,4,5,1,23,2,1.5954619999999999,1.3889940000000001,2.2771409999999999,54.191592
-2,-0.99233198230261599,4,5,1,23,1.5,1.5954619999999999,1.3889940000000001,2.2771409999999999,54.191592
-2,-1.40195258273625,2,5,1,22,2,1.5113449999999999,1.9345399999999999,3.595145,134.77152799999999
-2,-1.40195258273625,2,5,1,22,2,1.5113449999999999,1.9345399999999999,3.595145,134.77152799999999
-2,-1.97701442720517,4,5,1,22,4,1.8613459999999999,2.5842420000000002,3.719201,69.477003999999994
-2,-1.97701442720517,4,5,1,22,4,1.8613459999999999,2.5842420000000002,3.719201,69.477003999999994
-2,-1.97701442720517,4,5,1,22,4,1.8613459999999999,2.5842420000000002,3.719201,69.477003999999994
-2,-1.97701442720517,4,5,1,22,4,1.8613459999999999,2.5842420000000002,3.719201,69.477003999999994
-2,-1.97701442720517,4,5,1,22,4,1.8613459999999999,2.5842420000000002,3.719201,69.477003999999994
-2,-2.1242784506132901,4,5,1,23,4,1.8613459999999999,2.5842420000000002,3.719201,69.477003999999994
-2,-2.1332073643117999,3,6,3,20,2,1.5849629999999999,2.1435900000000001,3.3551799999999998,234.891864
-2,-1.2577972754015001,5,6,1,15,0.1263,1.5849629999999999,2.1435900000000001,3.3551799999999998,234.891864
-2,-1.5728390008825399,5,6,1,20,1,1.5849629999999999,2.1435900000000001,3.3551799999999998,234.891864
-2,-1.4616799407530301,3,5,1,22,1,1.2072099999999999,1.324422,2.942002,58.832287000000001
-2,-1.95370772609551,3,5,3,23,2,1.2072099999999999,1.324422,2.942002,58.832287000000001
-2,-1.99810954313194,3,5,3,23,1,1.2072099999999999,1.324422,2.942002,58.832287000000001
-2,-1.99810954313194,3,5,3,23,1,1.2072099999999999,1.324422,2.942002,58.832287000000001
-2,-0.81076566417622498,3,5,1,23,1,1.179678,1.311771,3.0597110000000001,55.721961999999998
-2,-1.09621220925164,3,1,1,23,1.0156000000000001,1.5866450000000001,1.4455169999999999,3.158649,145.55060700000001
-2.0103423625284091,-1.7558516559995201,4,5,1,22,3,1.8613459999999999,2.5842420000000002,3.719201,69.477003999999994
-2.0177287669604316,-1.91264413175252,5,6,1,10,1,1.5849629999999999,2.1435900000000001,3.3551799999999998,234.891864
-2.0315170514460648,-1.91264413175252,5,6,1,10,1,1.5849629999999999,2.1435900000000001,3.3551799999999998,234.891864
-2.0457574905606752,-1.4461601448766299,1,6,1,8,3,1.3971899999999999,1.3250919999999999,3.667243,139.10991999999999
-2.0457574905606752,-1.51103362789592,4,6,3,20,4,1.5849629999999999,2.1435900000000001,3.3551799999999998,234.891864
-2.0705810742857071,-1.8335158609662101,4,6,1,23,4,1.776553,1.5190509999999999,3.3022420000000001,154.74236099999999
-2.0705810742857071,-1.8335158609662101,4,6,1,23,4,1.776553,1.5190509999999999,3.3022420000000001,154.74236099999999
-2.0705810742857071,-1.8335158609662101,4,6,1,23,4,1.776553,1.5190509999999999,3.3022420000000001,154.74236099999999
-2.0705810742857071,-1.8335158609662101,4,6,1,23,4,1.776553,1.5190509999999999,3.3022420000000001,154.74236099999999
-2.0822319975522436,-1.9670864714076,4,1,1,23,2.25,1.484996,1.41821,3.3048950000000001,145.539736
-2.0822319975522436,-1.3979771012273601,4,5,1,23,2.75,1.484996,1.41821,3.3048950000000001,145.539736
-2.0822319975522436,-1.9512992046227,4,1,1,23,2.6667000000000001,1.484996,1.41821,3.3048950000000001,145.539736
-2.0822319975522436,-1.9512992046227,4,1,1,23,2.8332999999999999,1.484996,1.41821,3.3048950000000001,145.539736
-2.0915149811213505,-0.97609171156138097,4,5,1,20,2,1.5849629999999999,2.1435900000000001,3.3551799999999998,234.891864
-2.0915149811213505,-0.97609171156138097,4,5,1,20,2,1.5849629999999999,2.1435900000000001,3.3551799999999998,234.891864
-2.0969100130080562,-1.84865304835654,5,6,1,22,1,1.2088300000000001,1.340533,3.085988,99.184106999999997
-2.0969100130080562,-1.84865304835654,5,6,1,22,1,1.2088300000000001,1.340533,3.085988,99.184106999999997
-2.1079053973095196,-1.2614849326239801,5,6,1,20,2,1.5849629999999999,2.1435900000000001,3.3551799999999998,234.891864
-2.1096490776253338,-2.7144490870064,2,5,1,22,3,1.910509,2.9188610000000001,3.8102480000000001,61.660398999999998
-2.1096490776253338,-1.8640845957144401,2,6,1,22,1,1.910509,2.9188610000000001,3.8102480000000001,61.660398999999998
-2.1096490776253338,-1.8640845957144401,2,6,1,22,1,1.910509,2.9188610000000001,3.8102480000000001,61.660398999999998
-2.1096490776253338,-1.63589138666391,2,6,1,22,2,1.910509,2.9188610000000001,3.8102480000000001,61.660398999999998
-2.1096490776253338,-1.8640845957144401,2,6,1,22,1,1.910509,2.9188610000000001,3.8102480000000001,61.660398999999998
-2.1096490776253338,-1.6374243013625001,2,6,1,22,4,1.910509,2.9188610000000001,3.8102480000000001,61.660398999999998
-2.1096490776253338,-1.63589138666391,2,6,1,22,2,1.910509,2.9188610000000001,3.8102480000000001,61.660398999999998
-2.1096490776253338,-1.58118126740793,2,6,1,23,4,1.910509,2.9188610000000001,3.8102480000000001,61.660398999999998
-2.1096490776253338,-1.3908115308685101,2,6,1,23,1,1.910509,2.9188610000000001,3.8102480000000001,61.660398999999998
-2.1096490776253338,-1.58118126740793,2,6,1,23,4,1.910509,2.9188610000000001,3.8102480000000001,61.660398999999998
-2.1096490776253338,-1.58118126740793,2,6,1,23,4,1.910509,2.9188610000000001,3.8102480000000001,61.660398999999998
-2.1191864077192086,-1.91264413175252,5,6,1,10,1,1.5849629999999999,2.1435900000000001,3.3551799999999998,234.891864
-2.1243006479417215,-1.70905397913151,4,6,1,23,2.7917000000000001,1.182966,1.329504,3.1749800000000001,122.239276
-2.1249387366082999,-1.29791358482702,4,2,1,22,4,1.5849629999999999,2.1435900000000001,3.3551799999999998,234.891864
-2.1249387366082999,-1.6980369271248701,3,1,1,23,1,1.5849629999999999,2.1435900000000001,3.3551799999999998,234.891864
-2.1334492215761589,-2.1282584504600002,4,6,3,22,2,1.2072099999999999,1.324422,2.942002,58.832287000000001
-2.1366771398795441,-0.30228702311455002,4,6,1,20,2,1.5849629999999999,2.1435900000000001,3.3551799999999998,234.891864
-2.1366771398795441,-1.91264413175252,5,6,1,10,1,1.5849629999999999,2.1435900000000001,3.3551799999999998,234.891864
-2.1366771398795441,-1.0659893496817601,3,6,1,23,0.16669999999999999,1.5849629999999999,2.1435900000000001,3.3551799999999998,234.891864
-2.1426675035687315,-1.6073529837546801,3,6,3,24,2,1.5849629999999999,2.1435900000000001,3.3551799999999998,234.891864
-2.1549019599857431,-0.26756900610534201,4,2,1,20,1,1.839491,1.515236,2.5682390000000002,9.1847700000000003
-2.1674910872937638,-0.84199829033624796,1,1,1,16,3,1.776553,1.5190509999999999,3.3022420000000001,154.74236099999999
-2.1694113313148558,-1.5728390008825399,5,6,1,20,1,1.5849629999999999,2.1435900000000001,3.3551799999999998,234.891864
-2.1739251972991736,-2.2898580591173001,2,5,1,10,4,1.182966,1.329504,3.1749800000000001,122.239276
-2.1739251972991736,-2.1332073643117999,3,6,3,20,2,1.5849629999999999,2.1435900000000001,3.3551799999999998,234.891864
-2.1784864715952268,-1.5728390008825399,5,6,1,20,1,1.5849629999999999,2.1435900000000001,3.3551799999999998,234.891864
-2.1804560644581312,-1.91264413175252,5,6,1,10,1,1.5849629999999999,2.1435900000000001,3.3551799999999998,234.891864
-2.1864336215840905,-2.3698400482516302,2,5,1,22,4,1.8613459999999999,2.5842420000000002,3.719201,69.477003999999994
-2.1864336215840905,-3.6842470280081701,2,5,1,22,2,1.8613459999999999,2.5842420000000002,3.719201,69.477003999999994
-2.1864336215840905,-3.6842470280081701,2,5,1,22,2,1.8613459999999999,2.5842420000000002,3.719201,69.477003999999994
-2.1864336215840905,-3.6842470280081701,2,5,1,22,2,1.8613459999999999,2.5842420000000002,3.719201,69.477003999999994
-2.1864336215840905,-2.3698400482516302,2,5,1,22,4,1.8613459999999999,2.5842420000000002,3.719201,69.477003999999994
-2.1864336215840905,-3.6842470280081701,2,5,1,22,2,1.8613459999999999,2.5842420000000002,3.719201,69.477003999999994
-2.1864336215840905,-2.4949252330418501,2,5,1,22,3,1.8613459999999999,2.5842420000000002,3.719201,69.477003999999994
-2.1864336215840905,-2.4949252330418501,2,5,1,22,3,1.8613459999999999,2.5842420000000002,3.719201,69.477003999999994
-2.1864336215840905,-2.4949252330418501,2,5,1,22,3,1.8613459999999999,2.5842420000000002,3.719201,69.477003999999994
-2.1864336215840905,-2.4949252330418501,2,5,1,22,3,1.8613459999999999,2.5842420000000002,3.719201,69.477003999999994
-2.1864336215840905,-2.9334903365004599,2,5,1,22,1,1.8613459999999999,2.5842420000000002,3.719201,69.477003999999994
-2.1864336215840905,-2.4949252330418501,2,5,1,22,3,1.8613459999999999,2.5842420000000002,3.719201,69.477003999999994
-2.1864336215840905,-2.3698400482516302,2,5,1,22,4,1.8613459999999999,2.5842420000000002,3.719201,69.477003999999994
-2.1864336215840905,-2.9334903365004599,2,5,1,22,1,1.8613459999999999,2.5842420000000002,3.719201,69.477003999999994
-2.1864336215840905,-3.6842470280081701,2,5,1,22,2,1.8613459999999999,2.5842420000000002,3.719201,69.477003999999994
-2.1864336215840905,-2.3698400482516302,2,5,1,22,4,1.8613459999999999,2.5842420000000002,3.719201,69.477003999999994
-2.1864336215840905,-3.6479571489104501,2,5,1,23,2,1.8613459999999999,2.5842420000000002,3.719201,69.477003999999994
-2.1864336215840905,-3.6479571489104501,2,5,1,23,2,1.8613459999999999,2.5842420000000002,3.719201,69.477003999999994
-2.1864336215840905,-3.6479571489104501,2,5,1,23,2,1.8613459999999999,2.5842420000000002,3.719201,69.477003999999994
-2.1864336215840905,-2.10024361002773,2,5,1,23,4,1.8613459999999999,2.5842420000000002,3.719201,69.477003999999994
-2.1864336215840905,-2.10024361002773,2,5,1,23,4,1.8613459999999999,2.5842420000000002,3.719201,69.477003999999994
-2.1864336215840905,-2.10024361002773,2,5,1,23,4,1.8613459999999999,2.5842420000000002,3.719201,69.477003999999994
-2.1864336215840905,-3.6479571489104501,2,5,1,23,2,1.8613459999999999,2.5842420000000002,3.719201,69.477003999999994
-2.1864336215840905,-2.4299840725251101,2,5,1,23,1,1.8613459999999999,2.5842420000000002,3.719201,69.477003999999994
-2.1864336215840905,-2.10024361002773,2,5,1,23,4,1.8613459999999999,2.5842420000000002,3.719201,69.477003999999994
-2.1864336215840905,-2.4299840725251101,2,5,1,23,1,1.8613459999999999,2.5842420000000002,3.719201,69.477003999999994
-2.1864336215840905,-2.4299840725251101,2,5,1,23,1,1.8613459999999999,2.5842420000000002,3.719201,69.477003999999994
-2.1864336215840905,-2.4299840725251101,2,5,1,23,1,1.8613459999999999,2.5842420000000002,3.719201,69.477003999999994
-2.1864336215840905,-2.5668390782528299,2,5,1,23,3,1.8613459999999999,2.5842420000000002,3.719201,69.477003999999994
-2.1864336215840905,-2.5668390782528299,2,5,1,23,3,1.8613459999999999,2.5842420000000002,3.719201,69.477003999999994
-2.1864336215840905,-2.4299840725251101,2,5,1,23,1,1.8613459999999999,2.5842420000000002,3.719201,69.477003999999994
-2.1864336215840905,-2.10024361002773,2,5,1,23,4,1.8613459999999999,2.5842420000000002,3.719201,69.477003999999994
-2.1864336215840905,-2.5730244085410998,2,6,2,22,2,1.8613459999999999,2.5842420000000002,3.719201,69.477003999999994
-2.1864336215840905,-2.5930427425499101,2,6,2,23,2,1.8613459999999999,2.5842420000000002,3.719201,69.477003999999994
-2.1864336215840905,-2.1850253406571798,4,5,1,22,1,1.8613459999999999,2.5842420000000002,3.719201,69.477003999999994
-2.1864336215840905,-2.1850253406571798,4,5,1,22,1,1.8613459999999999,2.5842420000000002,3.719201,69.477003999999994
-2.1864336215840905,-2.1850253406571798,4,5,1,22,1,1.8613459999999999,2.5842420000000002,3.719201,69.477003999999994
-2.1864336215840905,-2.1850253406571798,4,5,1,22,1,1.8613459999999999,2.5842420000000002,3.719201,69.477003999999994
-2.1864336215840905,-2.18058089621274,4,5,1,22,2,1.8613459999999999,2.5842420000000002,3.719201,69.477003999999994
-2.1864336215840905,-2.18058089621274,4,5,1,22,2,1.8613459999999999,2.5842420000000002,3.719201,69.477003999999994
-2.1864336215840905,-2.18058089621274,4,5,1,22,2,1.8613459999999999,2.5842420000000002,3.719201,69.477003999999994
-2.1864336215840905,-2.18058089621274,4,5,1,22,2,1.8613459999999999,2.5842420000000002,3.719201,69.477003999999994
-2.1864336215840905,-2.1810558777398801,4,5,1,23,2,1.8613459999999999,2.5842420000000002,3.719201,69.477003999999994
-2.1864336215840905,-2.1810558777398801,4,5,1,23,1,1.8613459999999999,2.5842420000000002,3.719201,69.477003999999994
-2.1864336215840905,-2.1810558777398801,4,5,1,23,2,1.8613459999999999,2.5842420000000002,3.719201,69.477003999999994
-2.1864336215840905,-2.1810558777398801,4,5,1,23,2,1.8613459999999999,2.5842420000000002,3.719201,69.477003999999994
-2.1864336215840905,-2.1810558777398801,4,5,1,23,2,1.8613459999999999,2.5842420000000002,3.719201,69.477003999999994
-2.1864336215840905,-2.1810558777398801,4,5,1,23,1,1.8613459999999999,2.5842420000000002,3.719201,69.477003999999994
-2.1864336215840905,-2.18820275174923,4,5,1,23,1.6667000000000001,1.8613459999999999,2.5842420000000002,3.719201,69.477003999999994
-2.1864336215840905,-2.1810558777398801,4,5,1,23,0.66669999999999996,1.8613459999999999,2.5842420000000002,3.719201,69.477003999999994
-2.1864336215840905,-2.1810558777398801,4,5,1,23,2,1.8613459999999999,2.5842420000000002,3.719201,69.477003999999994
-2.1864336215840905,-2.1810558777398801,4,5,1,23,2,1.8613459999999999,2.5842420000000002,3.719201,69.477003999999994
-2.1864336215840905,-2.18058089621274,4,5,1,22,2,1.8613459999999999,2.5842420000000002,3.719201,69.477003999999994
-2.1864336215840905,-2.18058089621274,4,5,1,22,2,1.8613459999999999,2.5842420000000002,3.719201,69.477003999999994
-2.1864336215840905,-2.1810558777398801,4,5,1,23,2,1.8613459999999999,2.5842420000000002,3.719201,69.477003999999994
-2.1864336215840905,-2.1810558777398801,4,5,1,23,2,1.8613459999999999,2.5842420000000002,3.719201,69.477003999999994
-2.1864336215840905,-2.1810558777398801,4,5,1,23,2,1.8613459999999999,2.5842420000000002,3.719201,69.477003999999994
-2.1864336215840905,-2.1810558777398801,4,5,1,23,2,1.8613459999999999,2.5842420000000002,3.719201,69.477003999999994
-2.1864336215840905,-2.1810558777398801,4,5,1,23,2,1.8613459999999999,2.5842420000000002,3.719201,69.477003999999994
-2.1864336215840905,-2.1810558777398801,4,5,1,23,2,1.8613459999999999,2.5842420000000002,3.719201,69.477003999999994
-2.1864336215840905,-2.1810558777398801,4,5,1,23,2,1.8613459999999999,2.5842420000000002,3.719201,69.477003999999994
-2.1864336215840905,-2.1810558777398801,4,5,1,23,2,1.8613459999999999,2.5842420000000002,3.719201,69.477003999999994
-2.1864336215840905,-2.1810558777398801,4,5,1,23,2,1.8613459999999999,2.5842420000000002,3.719201,69.477003999999994
-2.1864336215840905,-2.1810558777398801,4,5,1,23,2,1.8613459999999999,2.5842420000000002,3.719201,69.477003999999994
-2.1864336215840905,-2.1810558777398801,4,5,1,23,2,1.8613459999999999,2.5842420000000002,3.719201,69.477003999999994
-2.1870866433571443,-0.62592186811187001,4,1,1,20,4,1.5849629999999999,2.1435900000000001,3.3551799999999998,234.891864
-2.2016947179780235,0.76953844799073301,4,5,1,23,4,1.4527939999999999,1.3822369999999999,2.776742,110.92294200000001
-2.2146701649892329,-2.2898580591173001,2,5,1,10,4,1.182966,1.329504,3.1749800000000001,122.239276
-2.224025668870631,-0.90341736275658202,4,5,1,20,4,1.5849629999999999,2.1435900000000001,3.3551799999999998,234.891864
-2.2291479883578558,-2.2898580591173001,2,5,1,10,4,1.182966,1.329504,3.1749800000000001,122.239276
-2.2441251443275085,0.43073579521657201,4,5,1,23,4,1.285285,1.336076,2.9040379999999999,85.915459999999996
-2.2518119729937998,-2.2898580591173001,2,5,1,10,4,1.182966,1.329504,3.1749800000000001,122.239276
-2.2518119729937998,-0.94293745644261995,3,6,1,20,1,1.5849629999999999,2.1435900000000001,3.3551799999999998,234.891864
-2.2596373105057563,-0.73470327280344805,3,1,1,20,1,1.776553,1.5190509999999999,3.3022420000000001,154.74236099999999
-2.2958494831602008,-1.5728390008825399,5,6,1,20,1,1.5849629999999999,2.1435900000000001,3.3551799999999998,234.891864
-2.3010299956639813,-1.6041154391498,1,6,1,5,3,1.3971899999999999,1.3250919999999999,3.667243,139.10991999999999
-2.3010299956639813,-2.2921852909917502,4,5,1,22,4,1.2088300000000001,1.340533,3.085988,99.184106999999997
-2.3010299956639813,-2.2921852909917502,4,5,1,22,4,1.2088300000000001,1.340533,3.085988,99.184106999999997
-2.3010299956639813,-2.29557499849978,4,5,1,23,4,1.2088300000000001,1.340533,3.085988,99.184106999999997
-2.3010299956639813,-2.6255280814016499,4,5,1,23,1,1.221695,1.337137,2.9817170000000002,67.151338999999993
-2.3010299956639813,-3.8734263725292402,4,5,1,23,2,1.221695,1.337137,2.9817170000000002,67.151338999999993
-2.3010299956639813,-1.8560549457868301,4,6,1,23,2,1.2515350000000001,1.3367059999999999,2.6866500000000002,74.196158999999994
-2.3010299956639813,-1.8010564566296099,4,5,1,22,3,1.2072099999999999,1.324422,2.942002,58.832287000000001
-2.3010299956639813,-2.2924708127398499,4,5,1,22,0.5,1.2072099999999999,1.324422,2.942002,58.832287000000001
-2.3010299956639813,-1.8010564566296099,4,5,1,22,3,1.2072099999999999,1.324422,2.942002,58.832287000000001
-2.3010299956639813,-1.8010564566296099,4,5,1,22,3,1.2072099999999999,1.324422,2.942002,58.832287000000001
-2.3010299956639813,-1.8010564566296099,4,5,1,22,3,1.2072099999999999,1.324422,2.942002,58.832287000000001
-2.3010299956639813,-2.2924708127398499,4,5,1,22,0.5,1.2072099999999999,1.324422,2.942002,58.832287000000001
-2.3010299956639813,-2.7103774793595701,4,5,1,23,0.5,1.2072099999999999,1.324422,2.942002,58.832287000000001
-2.3010299956639813,-0.46377475281998098,4,5,1,22,1,1.5954619999999999,1.3889940000000001,2.2771409999999999,54.191592
-2.3010299956639813,-1.98844580204382,4,5,1,22,3,1.5954619999999999,1.3889940000000001,2.2771409999999999,54.191592
-2.3010299956639813,-2.6483335967058901,2,6,1,22,2,1.182966,1.329504,3.1749800000000001,122.239276
-2.3010299956639813,-2.29083375857472,3,6,3,10,1,1.5849629999999999,2.1435900000000001,3.3551799999999998,234.891864
-2.3010299956639813,-2.1484308653061301,3,1,1,15,1.0056,1.5849629999999999,2.1435900000000001,3.3551799999999998,234.891864
-2.3010299956639813,-1.5728390008825399,5,6,1,20,1,1.5849629999999999,2.1435900000000001,3.3551799999999998,234.891864
-2.3010724015525783,-2.57011825506016,2,6,1,22,4,1.8613459999999999,2.5842420000000002,3.719201,69.477003999999994
-2.3010724015525783,-2.4689951062540501,2,6,1,23,2,1.8613459999999999,2.5842420000000002,3.719201,69.477003999999994
-2.3010724015525783,-2.4689951062540501,2,6,1,23,2,1.8613459999999999,2.5842420000000002,3.719201,69.477003999999994
-2.3010724015525783,-2.5550504096704501,2,6,1,23,4,1.8613459999999999,2.5842420000000002,3.719201,69.477003999999994
-2.3010724015525783,-2.5853937165376699,2,6,1,23,1,1.8613459999999999,2.5842420000000002,3.719201,69.477003999999994
-2.3010724015525783,-2.5550504096704501,2,6,1,23,4,1.8613459999999999,2.5842420000000002,3.719201,69.477003999999994
-2.3010724015525783,-2.5550504096704501,2,6,1,23,4,1.8613459999999999,2.5842420000000002,3.719201,69.477003999999994
-2.3010724015525783,-2.4689951062540501,2,6,1,23,2,1.8613459999999999,2.5842420000000002,3.719201,69.477003999999994
-2.3010724015525783,-2.5550504096704501,2,6,1,23,4,1.8613459999999999,2.5842420000000002,3.719201,69.477003999999994
-2.3115835345506195,-2.42272254098182,4,6,1,22,1.75,1.8613459999999999,2.5842420000000002,3.719201,69.477003999999994
-2.3115835345506195,-2.42272254098182,4,6,1,22,1.75,1.8613459999999999,2.5842420000000002,3.719201,69.477003999999994
-2.3150567716104753,-0.54000707432774797,4,6,1,22,1,1.7029749999999999,1.4485060000000001,3.324773,162.16508300000001
-2.3187587626244128,-1.81618506667882,3,5,1,23,1,1.457187,1.5648569999999999,3.3306979999999999,219.12254799999999
-2.3279021420642825,-1.5728390008825399,5,6,1,20,1,1.5849629999999999,2.1435900000000001,3.3551799999999998,234.891864
-2.3279021420642825,-1.5728390008825399,5,6,1,20,1,1.5849629999999999,2.1435900000000001,3.3551799999999998,234.891864
-2.3372421683184261,-0.97609171156138097,4,5,1,20,2,1.5849629999999999,2.1435900000000001,3.3551799999999998,234.891864
-2.3565473235138126,-2.9529273286000102,4,2,1,23,2,1.221695,1.337137,2.9817170000000002,67.151338999999993
-2.3565473235138126,-2.9529273286000102,4,2,1,23,2,1.221695,1.337137,2.9817170000000002,67.151338999999993
-2.3565473235138126,-2.9529273286000102,4,2,1,23,2,1.221695,1.337137,2.9817170000000002,67.151338999999993
-2.3565473235138126,-2.9529273286000102,4,2,1,23,2,1.221695,1.337137,2.9817170000000002,67.151338999999993
-2.3979400086720375,-2.2898580591173001,2,5,1,10,4,1.182966,1.329504,3.1749800000000001,122.239276
-2.4078232426041333,-1.5728390008825399,5,6,1,20,1,1.5849629999999999,2.1435900000000001,3.3551799999999998,234.891864
-2.4089353929735009,-2.1332073643117999,3,6,3,20,2,1.5849629999999999,2.1435900000000001,3.3551799999999998,234.891864
-2.430014996430673,-2.40366408540131,4,6,1,22,3,1.217225,1.3244009999999999,3.3703750000000001,188.689346
-2.430014996430673,-2.40366408540131,4,6,1,22,3,1.217225,1.3244009999999999,3.3703750000000001,188.689346
-2.430014996430673,-2.44798473632396,4,6,1,23,3,1.217225,1.3244009999999999,3.3703750000000001,188.689346
-2.430014996430673,-2.44798473632396,4,6,1,23,3,1.217225,1.3244009999999999,3.3703750000000001,188.689346
-2.4436974992327127,-2.5319804958410201,3,6,3,10,2,1.5849629999999999,2.1435900000000001,3.3551799999999998,234.891864
-2.4436974992327127,-1.91264413175252,5,6,1,10,1,1.5849629999999999,2.1435900000000001,3.3551799999999998,234.891864
-2.4466936952212284,-1.91762280438148,4,6,1,10,1.8332999999999999,1.182966,1.329504,3.1749800000000001,122.239276
-2.465345764283263,-1.07283353504944,4,5,1,22,2,1.7381489999999999,1.5608439999999999,1.400379,71.967768000000007
-2.465345764283263,-2.40829743996821,4,5,1,23,2,1.7381489999999999,1.5608439999999999,1.400379,71.967768000000007
-2.465345764283263,-2.40829743996821,4,5,1,23,2,1.7381489999999999,1.5608439999999999,1.400379,71.967768000000007
-2.465345764283263,-2.40829743996821,4,5,1,23,2,1.7381489999999999,1.5608439999999999,1.400379,71.967768000000007
-2.465345764283263,-2.40829743996821,4,5,1,23,2,1.7381489999999999,1.5608439999999999,1.400379,71.967768000000007
-2.465345764283263,-2.40829743996821,4,5,1,23,2,1.7381489999999999,1.5608439999999999,1.400379,71.967768000000007
-2.465345764283263,-2.40829743996821,4,5,1,23,2,1.7381489999999999,1.5608439999999999,1.400379,71.967768000000007
-2.465345764283263,-2.40829743996821,4,5,1,23,2,1.7381489999999999,1.5608439999999999,1.400379,71.967768000000007
-2.465345764283263,-2.40829743996821,4,5,1,23,2,1.7381489999999999,1.5608439999999999,1.400379,71.967768000000007
-2.465345764283263,-2.40829743996821,4,5,1,23,2,1.7381489999999999,1.5608439999999999,1.400379,71.967768000000007
-2.465345764283263,-2.40829743996821,4,5,1,23,2,1.7381489999999999,1.5608439999999999,1.400379,71.967768000000007
-2.465345764283263,-2.40829743996821,4,5,1,23,2,1.7381489999999999,1.5608439999999999,1.400379,71.967768000000007
-2.465345764283263,-2.40829743996821,4,5,1,23,2,1.7381489999999999,1.5608439999999999,1.400379,71.967768000000007
-2.4874636172480713,-2.4949252330418501,2,5,1,22,3,1.8613459999999999,2.5842420000000002,3.719201,69.477003999999994
-2.4874636172480713,-2.5730244085410998,2,6,2,22,2,1.8613459999999999,2.5842420000000002,3.719201,69.477003999999994
-2.4874636172480713,-3.6842470280081701,2,5,1,22,2,1.8613459999999999,2.5842420000000002,3.719201,69.477003999999994
-2.4874636172480713,-2.5617177216178599,2,6,2,22,1,1.8613459999999999,2.5842420000000002,3.719201,69.477003999999994
-2.4874636172480713,-2.4949252330418501,2,5,1,22,3,1.8613459999999999,2.5842420000000002,3.719201,69.477003999999994
-2.4874636172480713,-2.4949252330418501,2,5,1,22,3,1.8613459999999999,2.5842420000000002,3.719201,69.477003999999994
-2.4874636172480713,-2.5617177216178599,2,6,2,22,1,1.8613459999999999,2.5842420000000002,3.719201,69.477003999999994
-2.4874636172480713,-2.5617177216178599,2,6,2,22,1,1.8613459999999999,2.5842420000000002,3.719201,69.477003999999994
-2.4874636172480713,-2.5617177216178599,2,6,2,22,1,1.8613459999999999,2.5842420000000002,3.719201,69.477003999999994
-2.4874636172480713,-2.5617177216178599,2,6,2,22,1,1.8613459999999999,2.5842420000000002,3.719201,69.477003999999994
-2.4874636172480713,-2.5617177216178599,2,6,2,22,1,1.8613459999999999,2.5842420000000002,3.719201,69.477003999999994
-2.4874636172480713,-2.5617177216178599,2,6,2,22,1,1.8613459999999999,2.5842420000000002,3.719201,69.477003999999994
-2.4874636172480713,-2.4949252330418501,2,5,1,22,3,1.8613459999999999,2.5842420000000002,3.719201,69.477003999999994
-2.4874636172480713,-2.4949252330418501,2,5,1,22,3,1.8613459999999999,2.5842420000000002,3.719201,69.477003999999994
-2.4874636172480713,-2.5668390782528299,2,5,1,23,3,1.8613459999999999,2.5842420000000002,3.719201,69.477003999999994
-2.4874636172480713,-2.5037759730370399,2,6,2,23,1,1.8613459999999999,2.5842420000000002,3.719201,69.477003999999994
-2.4874636172480713,-2.5037759730370399,2,6,2,23,1,1.8613459999999999,2.5842420000000002,3.719201,69.477003999999994
-2.4874636172480713,-2.5037759730370399,2,6,2,23,1,1.8613459999999999,2.5842420000000002,3.719201,69.477003999999994
-2.4874636172480713,-2.5037759730370399,2,6,2,23,1,1.8613459999999999,2.5842420000000002,3.719201,69.477003999999994
-2.4874636172480713,-2.5037759730370399,2,6,2,23,1,1.8613459999999999,2.5842420000000002,3.719201,69.477003999999994
-2.4874636172480713,-2.5037759730370399,2,6,2,23,1,1.8613459999999999,2.5842420000000002,3.719201,69.477003999999994
-2.4874636172480713,-2.5037759730370399,2,6,2,23,1,1.8613459999999999,2.5842420000000002,3.719201,69.477003999999994
-2.4874636172480713,-2.5037759730370399,2,6,2,23,1,1.8613459999999999,2.5842420000000002,3.719201,69.477003999999994
-2.4874636172480713,-2.5037759730370399,2,6,2,23,1,1.8613459999999999,2.5842420000000002,3.719201,69.477003999999994
-2.4874636172480713,-2.5037759730370399,2,6,2,23,1,1.8613459999999999,2.5842420000000002,3.719201,69.477003999999994
-2.4874636172480713,-2.5037759730370399,2,6,2,23,1,1.8613459999999999,2.5842420000000002,3.719201,69.477003999999994
-2.4874636172480713,-2.5668390782528299,2,5,1,23,3,1.8613459999999999,2.5842420000000002,3.719201,69.477003999999994
-2.4874636172480713,-2.5037759730370399,2,6,2,23,1,1.8613459999999999,2.5842420000000002,3.719201,69.477003999999994
-2.4874636172480713,-1.7558516559995201,4,5,1,22,3,1.8613459999999999,2.5842420000000002,3.719201,69.477003999999994
-2.4874636172480713,-2.1210423359258401,4,5,1,23,3,1.8613459999999999,2.5842420000000002,3.719201,69.477003999999994
-2.4948500216800942,-0.63435774596211802,3,6,1,20,2,1.5849629999999999,2.1435900000000001,3.3551799999999998,234.891864
-2.5003129173815961,-2.8953967461652499,3,5,3,22,1.9582999999999999,1.3543559999999999,1.437182,3.29264,211.586873
-2.5003129173815961,-2.6652089350521302,3,5,3,22,1.0417000000000001,1.3543559999999999,1.437182,3.29264,211.586873
-2.5003129173815961,-2.6652089350521302,3,5,3,22,1.0417000000000001,1.3543559999999999,1.437182,3.29264,211.586873
-2.5003129173815961,-2.8953967461652499,3,5,3,22,1.9582999999999999,1.3543559999999999,1.437182,3.29264,211.586873
-2.5003129173815961,-2.8953967461652499,3,5,3,22,1.9582999999999999,1.3543559999999999,1.437182,3.29264,211.586873
-2.5003129173815961,-3.3500906137586299,3,5,3,23,1.0417000000000001,1.3543559999999999,1.437182,3.29264,211.586873
-2.5003129173815961,-3.3500906137586299,3,5,3,23,1.0417000000000001,1.3543559999999999,1.437182,3.29264,211.586873
-2.5093393466438632,-1.8560549457868301,4,6,1,23,2,1.2515350000000001,1.3367059999999999,2.6866500000000002,74.196158999999994
-2.522240656613759,-3.1389706572600198,4,5,1,23,2,1.182966,1.329504,3.1749800000000001,122.239276
-2.5228787452803374,-2.2898580591173001,2,5,1,10,4,1.182966,1.329504,3.1749800000000001,122.239276
-2.5228787452803374,-1.64601467501084,4,6,3,9,2.0417000000000001,1.7029749999999999,1.4485060000000001,3.324773,162.16508300000001
-2.5281080277392771,-4.2990976667563201,4,5,1,23,3,1.2088300000000001,1.340533,3.085988,99.184106999999997
-2.5437773220517474,-2.42272254098182,4,6,1,22,1.75,1.8613459999999999,2.5842420000000002,3.719201,69.477003999999994
-2.5437773220517474,-2.42272254098182,4,6,1,22,1.75,1.8613459999999999,2.5842420000000002,3.719201,69.477003999999994
-2.5437773220517474,-2.42272254098182,4,6,1,22,1.75,1.8613459999999999,2.5842420000000002,3.719201,69.477003999999994
-2.5437773220517474,-2.42272254098182,4,6,1,22,1.75,1.8613459999999999,2.5842420000000002,3.719201,69.477003999999994
-2.5437773220517474,-2.4125343807321298,4,6,1,23,1.75,1.8613459999999999,2.5842420000000002,3.719201,69.477003999999994
-2.5437773220517474,-2.4125343807321298,4,6,1,23,1.75,1.8613459999999999,2.5842420000000002,3.719201,69.477003999999994
-2.5648129857351463,-3.73340939190969,4,5,1,22,4,1.2072099999999999,1.324422,2.942002,58.832287000000001
-2.5648129857351463,-1.8991843993283899,2,5,1,22,1,1.2072099999999999,1.324422,2.942002,58.832287000000001
-2.5648129857351463,-2.54990513499629,4,6,3,22,3,1.2072099999999999,1.324422,2.942002,58.832287000000001
-2.5648129857351463,-2.54990513499629,4,6,3,22,3,1.2072099999999999,1.324422,2.942002,58.832287000000001
-2.5648129857351463,-2.54990513499629,4,6,3,22,3,1.2072099999999999,1.324422,2.942002,58.832287000000001
-2.5648129857351463,-2.54990513499629,4,6,3,22,3,1.2072099999999999,1.324422,2.942002,58.832287000000001
-2.5648129857351463,-2.8246568525416298,4,6,3,23,3,1.2072099999999999,1.324422,2.942002,58.832287000000001
-2.5648129857351463,-2.5928989150767201,4,6,1,22,3,1.2072099999999999,1.324422,2.942002,58.832287000000001
-2.5648129857351463,-2.5928989150767201,4,6,1,22,3,1.2072099999999999,1.324422,2.942002,58.832287000000001
-2.5648129857351463,-2.5928989150767201,4,6,1,22,3,1.2072099999999999,1.324422,2.942002,58.832287000000001
-2.5648129857351463,-2.5928989150767201,4,6,1,22,3,1.2072099999999999,1.324422,2.942002,58.832287000000001
-2.5686362358410126,-2.50047361494325,4,1,1,20,2,1.457187,1.5648569999999999,3.3306979999999999,219.12254799999999
-2.5686362358410126,-1.91264413175252,5,6,1,10,1,1.5849629999999999,2.1435900000000001,3.3551799999999998,234.891864
-2.5742416474928778,-1.53997889959538,4,5,1,8,1,1.7283329999999999,1.5589489999999999,3.068981,163.77571
-2.6020599913279625,-1.88863268400618,4,5,1,23,3,1.2072099999999999,1.324422,2.942002,58.832287000000001
-2.6020599913279625,-1.88863268400618,4,5,1,23,3,1.2072099999999999,1.324422,2.942002,58.832287000000001
-2.6020599913279625,-1.88863268400618,4,5,1,23,3,1.2072099999999999,1.324422,2.942002,58.832287000000001
-2.6020599913279625,-1.88863268400618,4,5,1,23,3,1.2072099999999999,1.324422,2.942002,58.832287000000001
-2.6021023972165596,-2.57011825506016,2,6,1,22,4,1.8613459999999999,2.5842420000000002,3.719201,69.477003999999994
-2.6021023972165596,-2.5550504096704501,2,6,1,23,4,1.8613459999999999,2.5842420000000002,3.719201,69.477003999999994
-2.6197887582883941,-1.28144366008092,5,1,1,20,1,1.5849629999999999,2.1435900000000001,3.3551799999999998,234.891864
-2.6382721639824069,-2.50047361494325,4,1,1,20,2,1.457187,1.5648569999999999,3.3306979999999999,219.12254799999999
-2.6675615400843946,-2.1332073643117999,3,6,3,20,2,1.5849629999999999,2.1435900000000001,3.3551799999999998,234.891864
-2.6798537138889462,-1.9731136725387499,4,1,1,20,2,1.401975,1.402067,3.1633,169.09261599999999
-2.6827626092395604,-2.1169870829032602,4,6,1,10,2.8332999999999999,1.182966,1.329504,3.1749800000000001,122.239276
-2.6989700043360187,-1.51714822173062,1,6,1,10,3,1.389812,1.3200289999999999,3.6694290000000001,149.992977
-2.6989700043360187,-2.2898580591173001,2,5,1,10,4,1.182966,1.329504,3.1749800000000001,122.239276
-2.6989700043360187,-2.7826544599575298,4,5,1,22,0.33329999999999999,1.221695,1.337137,2.9817170000000002,67.151338999999993
-2.6989700043360187,-2.7821779453017998,4,5,1,22,1.3332999999999999,1.221695,1.337137,2.9817170000000002,67.151338999999993
-2.6989700043360187,-2.7821779453017998,4,5,1,22,1.3332999999999999,1.221695,1.337137,2.9817170000000002,67.151338999999993
-2.6989700043360187,-2.7821779453017998,4,5,1,22,1.3332999999999999,1.221695,1.337137,2.9817170000000002,67.151338999999993
-2.6989700043360187,-2.7826544599575298,4,5,1,22,0.33329999999999999,1.221695,1.337137,2.9817170000000002,67.151338999999993
-2.6989700043360187,-2.6756690846985398,4,5,1,23,1.3332999999999999,1.221695,1.337137,2.9817170000000002,67.151338999999993
-2.6989700043360187,-2.6756690846985398,4,5,1,23,1.3332999999999999,1.221695,1.337137,2.9817170000000002,67.151338999999993
-2.6989700043360187,-2.6756690846985398,4,5,1,23,1.3332999999999999,1.221695,1.337137,2.9817170000000002,67.151338999999993
-2.6989700043360187,-2.8503770688331,4,5,1,23,0.33329999999999999,1.221695,1.337137,2.9817170000000002,67.151338999999993
-2.6989700043360187,-2.8503770688331,4,5,1,23,0.33329999999999999,1.221695,1.337137,2.9817170000000002,67.151338999999993
-2.6989700043360187,-1.6387058832238,4,6,3,9,1.3332999999999999,1.7029749999999999,1.4485060000000001,3.324773,162.16508300000001
-2.6989700043360187,-0.85292174087103401,2,6,1,23,4,1.776553,1.5190509999999999,3.3022420000000001,154.74236099999999
-2.6989700043360187,-2.1308323139700098,5,1,1,10,2,1.5849629999999999,2.1435900000000001,3.3551799999999998,234.891864
-2.6989700043360187,-1.91264413175252,5,6,1,10,1,1.5849629999999999,2.1435900000000001,3.3551799999999998,234.891864
-2.7212463990471711,-2.50047361494325,4,1,1,20,2,1.457187,1.5648569999999999,3.3306979999999999,219.12254799999999
-2.7503329065485591,-1.53997889959538,4,5,1,8,1,1.7283329999999999,1.5589489999999999,3.068981,163.77571
-2.7695510786217259,-2.50047361494325,4,1,1,20,2,1.457187,1.5648569999999999,3.3306979999999999,219.12254799999999
-2.7695510786217259,-1.1583530893763501,4,6,1,22,4,1.776553,1.5190509999999999,3.3022420000000001,154.74236099999999
-2.7695510786217259,-1.5558742768287901,5,1,1,20,2,1.5849629999999999,2.1435900000000001,3.3551799999999998,234.891864
-2.8232706522777402,-3.1462576343767301,4,5,1,22,2,1.182966,1.329504,3.1749800000000001,122.239276
-2.8239087409443187,-0.78094594408630402,4,6,1,20,4,1.5849629999999999,2.1435900000000001,3.3551799999999998,234.891864
-2.8239087409443187,-0.87019142094611901,4,5,3,22,4,1.285285,1.336076,2.9040379999999999,85.915459999999996
-2.8239087409443187,-0.87019142094611901,4,5,3,22,4,1.285285,1.336076,2.9040379999999999,85.915459999999996
-2.832682665251824,-3.41062694469435,4,2,1,22,4,1.221695,1.337137,2.9817170000000002,67.151338999999993
-2.832682665251824,-3.41062694469435,4,2,1,22,4,1.221695,1.337137,2.9817170000000002,67.151338999999993
-2.832682665251824,-2.9351093915752302,4,2,1,23,4,1.221695,1.337137,2.9817170000000002,67.151338999999993
-2.832682665251824,-2.9351093915752302,4,2,1,23,4,1.221695,1.337137,2.9817170000000002,67.151338999999993
-2.8632794328435933,-3.39415179789611,4,2,1,22,4,1.2072099999999999,1.324422,2.942002,58.832287000000001
-2.8632794328435933,-3.39415179789611,4,2,1,22,4,1.2072099999999999,1.324422,2.942002,58.832287000000001
-2.8632794328435933,-3.39415179789611,4,2,1,22,4,1.2072099999999999,1.324422,2.942002,58.832287000000001
-2.8632794328435933,-3.39415179789611,4,2,1,22,4,1.2072099999999999,1.324422,2.942002,58.832287000000001
-2.8632794328435933,-3.4036907433738199,4,2,1,23,4,1.2072099999999999,1.324422,2.942002,58.832287000000001
-2.8632794328435933,-3.4036907433738199,4,2,1,23,4,1.2072099999999999,1.324422,2.942002,58.832287000000001
-2.8658429813991275,-2.5225004967529099,2,5,1,23,4,1.2072099999999999,1.324422,2.942002,58.832287000000001
-2.8658429813991275,-2.1282584504600002,4,6,3,22,2,1.2072099999999999,1.324422,2.942002,58.832287000000001
-2.8658429813991275,-2.0949054273093402,4,5,1,22,1.9167000000000001,1.2072099999999999,1.324422,2.942002,58.832287000000001
-2.8658429813991275,-2.0949054273093402,4,5,1,22,1.9167000000000001,1.2072099999999999,1.324422,2.942002,58.832287000000001
-2.8658429813991275,-2.0949054273093402,4,5,1,22,1.9167000000000001,1.2072099999999999,1.324422,2.942002,58.832287000000001
-2.8658429813991275,-1.5656307878469999,4,5,1,22,3.9167000000000001,1.2072099999999999,1.324422,2.942002,58.832287000000001
-2.8658429813991275,-1.5656307878469999,4,5,1,22,3.9167000000000001,1.2072099999999999,1.324422,2.942002,58.832287000000001
-2.8854036259201092,-3.6479571489104501,2,5,1,23,2,1.8613459999999999,2.5842420000000002,3.719201,69.477003999999994
-2.8854036259201092,-2.5668390782528299,2,5,1,23,3,1.8613459999999999,2.5842420000000002,3.719201,69.477003999999994
-2.8854036259201092,-2.10024361002773,2,5,1,23,4,1.8613459999999999,2.5842420000000002,3.719201,69.477003999999994
-2.8854036259201092,-2.4299840725251101,2,5,1,23,1,1.8613459999999999,2.5842420000000002,3.719201,69.477003999999994
-2.9031323928805408,-2.85158028617963,2,6,1,22,1,1.8613459999999999,2.5842420000000002,3.719201,69.477003999999994
-2.9031323928805408,-2.5550504096704501,2,6,1,23,4,1.8613459999999999,2.5842420000000002,3.719201,69.477003999999994
-2.9208187539523753,-3.39415179789611,4,2,1,22,4,1.2072099999999999,1.324422,2.942002,58.832287000000001
-2.9208187539523753,-3.39415179789611,4,2,1,22,4,1.2072099999999999,1.324422,2.942002,58.832287000000001
-2.9208187539523753,-3.39415179789611,4,2,1,22,4,1.2072099999999999,1.324422,2.942002,58.832287000000001
-2.9208187539523753,-3.39415179789611,4,2,1,22,4,1.2072099999999999,1.324422,2.942002,58.832287000000001
-2.9208187539523753,-3.4036907433738199,4,2,1,23,4,1.2072099999999999,1.324422,2.942002,58.832287000000001
-2.9208187539523753,-3.4036907433738199,4,2,1,23,4,1.2072099999999999,1.324422,2.942002,58.832287000000001
-2.9318141382538383,-3.0900372599697699,4,5,1,23,3,1.221695,1.337137,2.9817170000000002,67.151338999999993
-2.9586073148417751,-0.78094594408630402,4,6,1,20,4,1.5849629999999999,2.1435900000000001,3.3551799999999998,234.891864
-2.9586073148417751,-0.87019142094611901,4,5,3,22,4,1.285285,1.336076,2.9040379999999999,85.915459999999996
-2.9586073148417751,-0.87019142094611901,4,5,3,22,4,1.285285,1.336076,2.9040379999999999,85.915459999999996
-2.9625735020593762,-3.39415179789611,4,2,1,22,4,1.2072099999999999,1.324422,2.942002,58.832287000000001
-2.9625735020593762,-3.39415179789611,4,2,1,22,4,1.2072099999999999,1.324422,2.942002,58.832287000000001
-2.9625735020593762,-3.39415179789611,4,2,1,22,4,1.2072099999999999,1.324422,2.942002,58.832287000000001
-2.9625735020593762,-3.39415179789611,4,2,1,22,4,1.2072099999999999,1.324422,2.942002,58.832287000000001
-2.9625735020593762,-3.4036907433738199,4,2,1,23,4,1.2072099999999999,1.324422,2.942002,58.832287000000001
-2.9625735020593762,-3.4036907433738199,4,2,1,23,4,1.2072099999999999,1.324422,2.942002,58.832287000000001
-2.9625735020593762,-3.4036907433738199,4,2,1,23,4,1.2072099999999999,1.324422,2.942002,58.832287000000001
-2.9627329054312899,-3.39415179789611,4,2,1,22,4,1.2072099999999999,1.324422,2.942002,58.832287000000001
-2.9627329054312899,-3.4036907433738199,4,2,1,23,4,1.2072099999999999,1.324422,2.942002,58.832287000000001
-2.9627329054312899,-3.4036907433738199,4,2,1,23,4,1.2072099999999999,1.324422,2.942002,58.832287000000001
-2.9627329054312899,-3.4036907433738199,4,2,1,23,4,1.2072099999999999,1.324422,2.942002,58.832287000000001
-2.9627329054312899,-3.4036907433738199,4,2,1,23,4,1.2072099999999999,1.324422,2.942002,58.832287000000001
-2.9627529944071842,-3.39415179789611,4,2,1,22,4,1.2072099999999999,1.324422,2.942002,58.832287000000001
-2.9627529944071842,-3.39415179789611,4,2,1,22,4,1.2072099999999999,1.324422,2.942002,58.832287000000001
-2.9627529944071842,-3.4036907433738199,4,2,1,23,4,1.2072099999999999,1.324422,2.942002,58.832287000000001
-2.9627529944071842,-3.4036907433738199,4,2,1,23,4,1.2072099999999999,1.324422,2.942002,58.832287000000001
-2.9627529944071842,-3.4036907433738199,4,2,1,23,4,1.2072099999999999,1.324422,2.942002,58.832287000000001
-2.9627529944071842,-3.4036907433738199,4,2,1,23,4,1.2072099999999999,1.324422,2.942002,58.832287000000001
-2.9627529944071842,-3.4036907433738199,4,2,1,23,4,1.2072099999999999,1.324422,2.942002,58.832287000000001
-2.9627529944071842,-3.4036907433738199,4,2,1,23,4,1.2072099999999999,1.324422,2.942002,58.832287000000001
-2.9627529944071842,-3.4036907433738199,4,2,1,23,4,1.2072099999999999,1.324422,2.942002,58.832287000000001
-2.9627529944071842,-3.4036907433738199,4,2,1,23,4,1.2072099999999999,1.324422,2.942002,58.832287000000001
-2.9627529944071842,-3.4036907433738199,4,2,1,23,4,1.2072099999999999,1.324422,2.942002,58.832287000000001
-2.9746941347352296,-3.39415179789611,4,2,1,22,4,1.2072099999999999,1.324422,2.942002,58.832287000000001
-2.9746941347352296,-3.39415179789611,4,2,1,22,4,1.2072099999999999,1.324422,2.942002,58.832287000000001
-2.9746941347352296,-3.39415179789611,4,2,1,22,4,1.2072099999999999,1.324422,2.942002,58.832287000000001
-2.9746941347352296,-3.4036907433738199,4,2,1,23,4,1.2072099999999999,1.324422,2.942002,58.832287000000001
-2.9746941347352296,-3.4036907433738199,4,2,1,23,4,1.2072099999999999,1.324422,2.942002,58.832287000000001
-2.9966112616681513,-3.3674956768147299,4,6,1,22,0.33329999999999999,1.2072099999999999,1.324422,2.942002,58.832287000000001
-2.9966112616681513,-3.3674956768147299,4,6,1,22,0.33329999999999999,1.2072099999999999,1.324422,2.942002,58.832287000000001
-2.9966112616681513,-3.3674956768147299,4,6,1,22,0.33329999999999999,1.2072099999999999,1.324422,2.942002,58.832287000000001
-2.9966112616681513,-3.3674956768147299,4,6,1,22,0.33329999999999999,1.2072099999999999,1.324422,2.942002,58.832287000000001
-3,-3.7601039849153399,4,6,1,22,2,1.2072099999999999,1.324422,2.942002,58.832287000000001
-3,-2.7597040227908098,4,5,1,22,3,1.221695,1.337137,2.9817170000000002,67.151338999999993
-3,-2.4705625753912099,4,5,1,22,4,1.7283329999999999,1.5589489999999999,3.068981,163.77571
-3,-2.4705625753912099,4,5,1,22,4,1.7283329999999999,1.5589489999999999,3.068981,163.77571
-3,-2.4705625753912099,4,5,1,22,4,1.7283329999999999,1.5589489999999999,3.068981,163.77571
-3,-2.4705625753912099,4,5,1,22,4,1.7283329999999999,1.5589489999999999,3.068981,163.77571
-3,-2.4705625753912099,4,5,1,22,4,1.7283329999999999,1.5589489999999999,3.068981,163.77571
-3,-2.4705625753912099,4,5,1,22,4,1.7283329999999999,1.5589489999999999,3.068981,163.77571
-3,-1.9542010886502801,4,5,1,23,4,1.7283329999999999,1.5589489999999999,3.068981,163.77571
-3,-1.9542010886502801,4,5,1,23,4,1.7283329999999999,1.5589489999999999,3.068981,163.77571
-3,-1.05139615803055,4,5,1,22,4,1.2515350000000001,1.3367059999999999,2.6866500000000002,74.196158999999994
-3,-1.19143159204946,4,5,1,22,3,1.2515350000000001,1.3367059999999999,2.6866500000000002,74.196158999999994
-3,-3.73340939190969,4,5,1,22,4,1.2072099999999999,1.324422,2.942002,58.832287000000001
-3,-2.8175845476475301,4,5,1,22,2,1.2072099999999999,1.324422,2.942002,58.832287000000001
-3,-2.8175845476475301,4,5,1,22,2,1.2072099999999999,1.324422,2.942002,58.832287000000001
-3,-3.73340939190969,4,5,1,22,4,1.2072099999999999,1.324422,2.942002,58.832287000000001
-3,-3.73340939190969,4,5,1,22,4,1.2072099999999999,1.324422,2.942002,58.832287000000001
-3,-3.73340939190969,4,5,1,22,4,1.2072099999999999,1.324422,2.942002,58.832287000000001
-3,-3.73340939190969,4,5,1,22,4,1.2072099999999999,1.324422,2.942002,58.832287000000001
-3,-4.1564236134519197,4,5,1,23,4,1.2072099999999999,1.324422,2.942002,58.832287000000001
-3,-1.3099384478431599,4,5,1,23,1,1.5954619999999999,1.3889940000000001,2.2771409999999999,54.191592
-3,-1.9025083517443599,4,5,1,23,3,1.5954619999999999,1.3889940000000001,2.2771409999999999,54.191592
-3,-2.6483335967058901,2,6,1,22,2,1.182966,1.329504,3.1749800000000001,122.239276
-3,-2.73798901601727,2,6,1,23,2,1.182966,1.329504,3.1749800000000001,122.239276
-3,-2.2190456215785899,4,5,1,22,4,1.8894820000000001,1.576716,3.0689790000000001,169.580533
-3,-2.2190456215785899,4,5,1,22,4,1.8894820000000001,1.576716,3.0689790000000001,169.580533
-3,-2.2190456215785899,4,5,1,22,4,1.8894820000000001,1.576716,3.0689790000000001,169.580533
-3,-2.2190456215785899,4,5,1,22,4,1.8894820000000001,1.576716,3.0689790000000001,169.580533
-3,-2.2190456215785899,4,5,1,22,4,1.8894820000000001,1.576716,3.0689790000000001,169.580533
-3,-2.2190456215785899,4,5,1,22,4,1.8894820000000001,1.576716,3.0689790000000001,169.580533
-3,-2.2190456215785899,4,5,1,22,4,1.8894820000000001,1.576716,3.0689790000000001,169.580533
-3,-2.2190456215785899,4,5,1,22,4,1.8894820000000001,1.576716,3.0689790000000001,169.580533
-3,-2.0777760323929502,2,5,1,22,2,1.3543559999999999,1.437182,3.29264,211.586873
-3,-1.7515557608560799,3,5,1,10,2,1.5849629999999999,2.1435900000000001,3.3551799999999998,234.891864
-3,-2.17638966547957,3,1,1,15,1.0083,1.5849629999999999,2.1435900000000001,3.3551799999999998,234.891864
-3,-2.9914575182668899,3,5,1,23,1,1.5849629999999999,2.1435900000000001,3.3551799999999998,234.891864
-3,-2.0359835636371399,3,5,1,23,1,1.287506,1.3277080000000001,3.279455,96.504986000000002
-3,-1.9360522077892801,3,5,1,23,2,1.287506,1.3277080000000001,3.279455,96.504986000000002
-3,-2.4134133848995898,3,5,1,23,1,1.3993519999999999,1.4955149999999999,3.3305389999999999,174.65439900000001
-3,-2.1011193169485902,3,5,1,23,2,1.3993519999999999,1.4955149999999999,3.3305389999999999,174.65439900000001
-3,-1.90548814348472,3,5,1,23,1,1.516354,1.3744959999999999,3.6578080000000002,195.77525800000001
-3,-1.4328726354830601,5,6,1,23,1,1.2088300000000001,1.340533,3.085988,99.184106999999997
-3,-3.2965657577310101,3,5,3,23,0.041700000000000001,1.7029749999999999,1.4485060000000001,3.324773,162.16508300000001
-3,-3.0111841420582999,3,1,1,22,1.0156000000000001,1.7029749999999999,1.4485060000000001,3.324773,162.16508300000001
-3.0655015487564321,-3.39415179789611,4,2,1,22,4,1.2072099999999999,1.324422,2.942002,58.832287000000001
-3.0655015487564321,-3.39415179789611,4,2,1,22,4,1.2072099999999999,1.324422,2.942002,58.832287000000001
-3.0655015487564321,-3.39415179789611,4,2,1,22,4,1.2072099999999999,1.324422,2.942002,58.832287000000001
-3.0655015487564321,-3.39415179789611,4,2,1,22,4,1.2072099999999999,1.324422,2.942002,58.832287000000001
-3.0655015487564321,-3.4036907433738199,4,2,1,23,4,1.2072099999999999,1.324422,2.942002,58.832287000000001
-3.0655015487564321,-3.4036907433738199,4,2,1,23,4,1.2072099999999999,1.324422,2.942002,58.832287000000001
-3.0655015487564321,-3.4036907433738199,4,2,1,23,4,1.2072099999999999,1.324422,2.942002,58.832287000000001
-3.0705810742857071,-1.8335158609662101,4,6,1,23,4,1.776553,1.5190509999999999,3.3022420000000001,154.74236099999999
-3.0728244705110623,-3.7219369398626898,2,5,1,10,2,1.8613459999999999,2.5842420000000002,3.719201,69.477003999999994
-3.0783135245163979,-2.2329445448477601,4,5,1,22,4,1.5954619999999999,1.3889940000000001,2.2771409999999999,54.191592
-3.0783135245163979,-2.2329445448477601,4,5,1,22,4,1.5954619999999999,1.3889940000000001,2.2771409999999999,54.191592
-3.0908768924547716,-2.60786598451172,4,5,1,5,2,1.182966,1.329504,3.1749800000000001,122.239276
-3.1079053973095196,-3.39415179789611,4,2,1,22,4,1.2072099999999999,1.324422,2.942002,58.832287000000001
-3.1079053973095196,-3.39415179789611,4,2,1,22,4,1.2072099999999999,1.324422,2.942002,58.832287000000001
-3.1079053973095196,-3.39415179789611,4,2,1,22,4,1.2072099999999999,1.324422,2.942002,58.832287000000001
-3.1079053973095196,-3.39415179789611,4,2,1,22,4,1.2072099999999999,1.324422,2.942002,58.832287000000001
-3.1079053973095196,-3.4036907433738199,4,2,1,23,4,1.2072099999999999,1.324422,2.942002,58.832287000000001
-3.1079053973095196,-3.4036907433738199,4,2,1,23,4,1.2072099999999999,1.324422,2.942002,58.832287000000001
-3.1079053973095196,-3.4036907433738199,4,2,1,23,4,1.2072099999999999,1.324422,2.942002,58.832287000000001
-3.1549019599857431,-2.45693835562746,3,2,3,10,1,1.5849629999999999,2.1435900000000001,3.3551799999999998,234.891864
-3.171984935776023,-2.4689951062540501,2,6,1,23,2,1.8613459999999999,2.5842420000000002,3.719201,69.477003999999994
-3.171984935776023,-2.4689951062540501,2,6,1,23,2,1.8613459999999999,2.5842420000000002,3.719201,69.477003999999994
-3.171984935776023,-2.4689951062540501,2,6,1,23,2,1.8613459999999999,2.5842420000000002,3.719201,69.477003999999994
-3.1864336215840905,-3.6842470280081701,2,5,1,22,2,1.8613459999999999,2.5842420000000002,3.719201,69.477003999999994
-3.1864336215840905,-2.4949252330418501,2,5,1,22,3,1.8613459999999999,2.5842420000000002,3.719201,69.477003999999994
-3.1864336215840905,-2.9334903365004599,2,5,1,22,1,1.8613459999999999,2.5842420000000002,3.719201,69.477003999999994
-3.1864336215840905,-2.9334903365004599,2,5,1,22,1,1.8613459999999999,2.5842420000000002,3.719201,69.477003999999994
-3.1864336215840905,-2.5668390782528299,2,5,1,23,3,1.8613459999999999,2.5842420000000002,3.719201,69.477003999999994
-3.1864336215840905,-2.3698400482516302,2,5,1,22,4,1.8613459999999999,2.5842420000000002,3.719201,69.477003999999994
-3.1864336215840905,-2.9334903365004599,2,5,1,22,1,1.8613459999999999,2.5842420000000002,3.719201,69.477003999999994
-3.1864336215840905,-2.9334903365004599,2,5,1,22,1,1.8613459999999999,2.5842420000000002,3.719201,69.477003999999994
-3.1864336215840905,-2.9334903365004599,2,5,1,22,1,1.8613459999999999,2.5842420000000002,3.719201,69.477003999999994
-3.1864336215840905,-2.3698400482516302,2,5,1,22,4,1.8613459999999999,2.5842420000000002,3.719201,69.477003999999994
-3.1864336215840905,-2.3698400482516302,2,5,1,22,4,1.8613459999999999,2.5842420000000002,3.719201,69.477003999999994
-3.1864336215840905,-2.3698400482516302,2,5,1,22,4,1.8613459999999999,2.5842420000000002,3.719201,69.477003999999994
-3.1864336215840905,-2.9334903365004599,2,5,1,22,1,1.8613459999999999,2.5842420000000002,3.719201,69.477003999999994
-3.1996618873178453,-2.57011825506016,2,6,1,22,4,1.8613459999999999,2.5842420000000002,3.719201,69.477003999999994
-3.1996618873178453,-2.85158028617963,2,6,1,22,1,1.8613459999999999,2.5842420000000002,3.719201,69.477003999999994
-3.1996618873178453,-2.85158028617963,2,6,1,22,1,1.8613459999999999,2.5842420000000002,3.719201,69.477003999999994
-3.1996618873178453,-2.85158028617963,2,6,1,22,1,1.8613459999999999,2.5842420000000002,3.719201,69.477003999999994
-3.1996618873178453,-2.85158028617963,2,6,1,22,1,1.8613459999999999,2.5842420000000002,3.719201,69.477003999999994
-3.1996618873178453,-2.85158028617963,2,6,1,22,1,1.8613459999999999,2.5842420000000002,3.719201,69.477003999999994
-3.1996618873178453,-2.6698079621785098,2,6,1,22,2,1.8613459999999999,2.5842420000000002,3.719201,69.477003999999994
-3.1996618873178453,-2.6698079621785098,2,6,1,22,2,1.8613459999999999,2.5842420000000002,3.719201,69.477003999999994
-3.2212106609497777,-3.1389706572600198,4,5,1,23,2,1.182966,1.329504,3.1749800000000001,122.239276
-3.2218487496163566,-1.54875514239352,4,5,1,22,1,1.484996,1.41821,3.3048950000000001,145.539736
-3.2338537606329947,-1.6063641510844899,4,6,1,22,1,1.401975,1.402067,3.1633,169.09261599999999
-3.2434870556609301,-2.6644177167178902,4,5,1,10,2,1.182966,1.329504,3.1749800000000001,122.239276
-3.3010299956639813,-3.33402644926006,4,2,3,22,4,1.2072099999999999,1.324422,2.942002,58.832287000000001
-3.3010299956639813,-3.4640406097851102,4,2,3,22,2,1.2072099999999999,1.324422,2.942002,58.832287000000001
-3.3010299956639813,-3.73340939190969,4,5,1,22,4,1.2072099999999999,1.324422,2.942002,58.832287000000001
-3.3010299956639813,-3.33402644926006,4,2,3,22,4,1.2072099999999999,1.324422,2.942002,58.832287000000001
-3.3010299956639813,-3.4640406097851102,4,2,3,22,2,1.2072099999999999,1.324422,2.942002,58.832287000000001
-3.3010299956639813,-3.73340939190969,4,5,1,22,4,1.2072099999999999,1.324422,2.942002,58.832287000000001
-3.3010299956639813,-3.73340939190969,4,5,1,22,4,1.2072099999999999,1.324422,2.942002,58.832287000000001
-3.3010299956639813,-2.0545987921516602,4,5,1,22,1,1.2072099999999999,1.324422,2.942002,58.832287000000001
-3.3010299956639813,-2.8751028451426599,4,5,1,23,1,1.2072099999999999,1.324422,2.942002,58.832287000000001
-3.3010299956639813,-2.8751028451426599,4,5,1,23,1,1.2072099999999999,1.324422,2.942002,58.832287000000001
-3.3010299956639813,-4.1564236134519197,4,5,1,23,4,1.2072099999999999,1.324422,2.942002,58.832287000000001
-3.3010299956639813,-4.1564236134519197,4,5,1,23,4,1.2072099999999999,1.324422,2.942002,58.832287000000001
-3.3010299956639813,-3.2851787847426701,4,2,3,23,0.5,1.2072099999999999,1.324422,2.942002,58.832287000000001
-3.3010299956639813,-3.2851787847426701,4,2,3,23,0.5,1.2072099999999999,1.324422,2.942002,58.832287000000001
-3.3010299956639813,-3.2851787847426701,4,2,3,23,0.5,1.2072099999999999,1.324422,2.942002,58.832287000000001
-3.3010299956639813,-3.4191614754255699,4,2,3,23,2,1.2072099999999999,1.324422,2.942002,58.832287000000001
-3.3010299956639813,-2.29557499849978,4,5,1,23,4,1.2088300000000001,1.340533,3.085988,99.184106999999997
-3.3010299956639813,-4.2990976667563201,4,5,1,23,3,1.2088300000000001,1.340533,3.085988,99.184106999999997
-3.3010299956639813,-3.7067589966666099,4,5,1,23,1,1.2088300000000001,1.340533,3.085988,99.184106999999997
-3.3010299956639813,-2.7597040227908098,4,5,1,22,3,1.221695,1.337137,2.9817170000000002,67.151338999999993
-3.3010299956639813,-4.1536751070212397,4,2,1,22,1,1.221695,1.337137,2.9817170000000002,67.151338999999993
-3.3010299956639813,-4.1382053314440297,4,5,1,22,4,1.626166,1.395489,3.3213059999999999,84.295136999999997
-3.3010299956639813,-3.7364937916718999,4,5,1,23,4,1.626166,1.395489,3.3213059999999999,84.295136999999997
-3.3010299956639813,-3.7364937916718999,4,5,1,23,4,1.626166,1.395489,3.3213059999999999,84.295136999999997
-3.3010299956639813,-3.7364937916718999,4,5,1,23,4,1.626166,1.395489,3.3213059999999999,84.295136999999997
-3.3010299956639813,-3.7364937916718999,4,5,1,23,4,1.626166,1.395489,3.3213059999999999,84.295136999999997
-3.3010299956639813,-3.7364937916718999,4,5,1,23,4,1.626166,1.395489,3.3213059999999999,84.295136999999997
-3.3010299956639813,-3.7364937916718999,4,5,1,23,4,1.626166,1.395489,3.3213059999999999,84.295136999999997
-3.3010299956639813,-1.9357894830517901,4,6,3,22,4,1.484996,1.41821,3.3048950000000001,145.539736
-3.3010299956639813,-2.3158965498524502,3,5,1,23,1,1.4527939999999999,1.3822369999999999,2.776742,110.92294200000001
-3.3010299956639813,-2.3158965498524502,3,5,1,23,1,1.4527939999999999,1.3822369999999999,2.776742,110.92294200000001
-3.3010299956639813,-1.9784779906035499,3,5,1,23,2,1.4527939999999999,1.3822369999999999,2.776742,110.92294200000001
-3.3010299956639813,-2.3158965498524502,3,5,1,23,1,1.4527939999999999,1.3822369999999999,2.776742,110.92294200000001
-3.3010299956639813,-1.9784779906035499,3,5,1,23,2,1.4527939999999999,1.3822369999999999,2.776742,110.92294200000001
-3.3260580013659125,-3.41062694469435,4,2,1,22,4,1.221695,1.337137,2.9817170000000002,67.151338999999993
-3.3260580013659125,-3.41062694469435,4,2,1,22,4,1.221695,1.337137,2.9817170000000002,67.151338999999993
-3.3260580013659125,-3.0369965654614401,4,2,1,23,1,1.221695,1.337137,2.9817170000000002,67.151338999999993
-3.3260580013659125,-2.9351093915752302,4,2,1,23,4,1.221695,1.337137,2.9817170000000002,67.151338999999993
-3.3260580013659125,-2.9351093915752302,4,2,1,23,4,1.221695,1.337137,2.9817170000000002,67.151338999999993
-3.3260580013659125,-2.9529273286000102,4,2,1,23,2,1.221695,1.337137,2.9817170000000002,67.151338999999993
-3.3260580013659125,-2.9529273286000102,4,2,1,23,2,1.221695,1.337137,2.9817170000000002,67.151338999999993
-3.3260580013659125,-2.9351093915752302,4,2,1,23,4,1.221695,1.337137,2.9817170000000002,67.151338999999993
-3.3260580013659125,-3.0369965654614401,4,2,1,23,1,1.221695,1.337137,2.9817170000000002,67.151338999999993
-3.3260580013659125,-3.0369965654614401,4,2,1,23,1,1.221695,1.337137,2.9817170000000002,67.151338999999993
-3.3260580013659125,-2.9529273286000102,4,2,1,23,2,1.221695,1.337137,2.9817170000000002,67.151338999999993
-3.3260580013659125,-2.9351093915752302,4,2,1,23,4,1.221695,1.337137,2.9817170000000002,67.151338999999993
-3.3260580013659125,-3.0369965654614401,4,2,1,23,1,1.221695,1.337137,2.9817170000000002,67.151338999999993
-3.3260580013659125,-3.0369965654614401,4,2,1,23,1,1.221695,1.337137,2.9817170000000002,67.151338999999993
-3.3260580013659125,-2.9529273286000102,4,2,1,23,2,1.221695,1.337137,2.9817170000000002,67.151338999999993
-3.3260580013659125,-2.9529273286000102,4,2,1,23,2,1.221695,1.337137,2.9817170000000002,67.151338999999993
-3.3665315444204134,-3.9382777430301998,4,2,1,22,2,1.221695,1.337137,2.9817170000000002,67.151338999999993
-3.3979400086720375,-2.7006923755474599,3,2,3,10,2,1.5849629999999999,2.1435900000000001,3.3551799999999998,234.891864
-3.431798275933005,-3.39415179789611,4,2,1,22,4,1.2072099999999999,1.324422,2.942002,58.832287000000001
-3.431798275933005,-3.7310994614142898,4,2,1,22,1,1.2072099999999999,1.324422,2.942002,58.832287000000001
-3.431798275933005,-3.7310994614142898,4,2,1,22,1,1.2072099999999999,1.324422,2.942002,58.832287000000001
-3.431798275933005,-3.43895254648243,4,2,1,23,1,1.2072099999999999,1.324422,2.942002,58.832287000000001
-3.431798275933005,-1.9345658336035401,3,6,1,20,2,1.401975,1.402067,3.1633,169.09261599999999
-3.4436974992327127,-2.5270327453322201,3,5,1,22,2,1.7283329999999999,1.5589489999999999,3.068981,163.77571
-3.4436974992327127,-3.2668604983970102,3,5,1,23,1,1.7283329999999999,1.5589489999999999,3.068981,163.77571
-3.4436974992327127,-3.0719419345050998,3,5,1,23,2,1.7283329999999999,1.5589489999999999,3.068981,163.77571
-3.4436974992327127,-3.2668604983970102,3,5,1,23,1,1.7283329999999999,1.5589489999999999,3.068981,163.77571
-3.4436974992327127,-3.0719419345050998,3,5,1,23,2,1.7283329999999999,1.5589489999999999,3.068981,163.77571
-3.4709612518561359,-2.8150499850363002,4,6,3,22,0.33329999999999999,1.2072099999999999,1.324422,2.942002,58.832287000000001
-3.4709612518561359,-2.8150499850363002,4,6,3,22,0.33329999999999999,1.2072099999999999,1.324422,2.942002,58.832287000000001
-3.4709612518561359,-2.3737243919777198,4,6,3,22,0.16669999999999999,1.2072099999999999,1.324422,2.942002,58.832287000000001
-3.4709612518561359,-3.0167954500218301,4,6,3,22,0.66669999999999996,1.2072099999999999,1.324422,2.942002,58.832287000000001
-3.4709612518561359,-3.0167954500218301,4,6,3,22,0.66669999999999996,1.2072099999999999,1.324422,2.942002,58.832287000000001
-3.4709612518561359,-2.9996137366492501,4,6,3,22,0.5,1.2072099999999999,1.324422,2.942002,58.832287000000001
-3.4709612518561359,-2.4744078902784201,4,6,3,23,0.16669999999999999,1.2072099999999999,1.324422,2.942002,58.832287000000001
-3.4709612518561359,-2.8520155340788702,4,6,3,23,0.5,1.2072099999999999,1.324422,2.942002,58.832287000000001
-3.4709612518561359,-2.8520155340788702,4,6,3,23,0.5,1.2072099999999999,1.324422,2.942002,58.832287000000001
-3.4709612518561359,-2.4500694320487399,4,6,3,23,0.33329999999999999,1.2072099999999999,1.324422,2.942002,58.832287000000001
-3.4709612518561359,-2.4500694320487399,4,6,3,23,0.33329999999999999,1.2072099999999999,1.324422,2.942002,58.832287000000001
-3.4709612518561359,-2.4744078902784201,4,6,3,23,0.16669999999999999,1.2072099999999999,1.324422,2.942002,58.832287000000001
-3.4709612518561359,-2.8520155340788702,4,6,3,23,0.5,1.2072099999999999,1.324422,2.942002,58.832287000000001
-3.4709612518561359,-2.4500694320487399,4,6,3,23,0.33329999999999999,1.2072099999999999,1.324422,2.942002,58.832287000000001
-3.4709612518561359,-3.0439163846692701,4,6,3,23,0.66669999999999996,1.2072099999999999,1.324422,2.942002,58.832287000000001
-3.4709612518561359,-2.4500694320487399,4,6,3,23,0.33329999999999999,1.2072099999999999,1.324422,2.942002,58.832287000000001
-3.4709612518561359,-2.4744078902784201,4,6,3,23,0.16669999999999999,1.2072099999999999,1.324422,2.942002,58.832287000000001
-3.4709612518561359,-2.4744078902784201,4,6,3,23,0.16669999999999999,1.2072099999999999,1.324422,2.942002,58.832287000000001
-3.4709612518561359,-3.0439163846692701,4,6,3,23,0.66669999999999996,1.2072099999999999,1.324422,2.942002,58.832287000000001
-3.4709612518561359,-2.4744078902784201,4,6,3,23,0.16669999999999999,1.2072099999999999,1.324422,2.942002,58.832287000000001
-3.4709612518561359,-2.4744078902784201,4,6,3,23,0.16669999999999999,1.2072099999999999,1.324422,2.942002,58.832287000000001
-3.4709612518561359,-2.4500694320487399,4,6,3,23,0.33329999999999999,1.2072099999999999,1.324422,2.942002,58.832287000000001
-3.4709612518561359,-3.0439163846692701,4,6,3,23,0.66669999999999996,1.2072099999999999,1.324422,2.942002,58.832287000000001
-3.4709612518561359,-2.4500694320487399,4,6,3,23,0.33329999999999999,1.2072099999999999,1.324422,2.942002,58.832287000000001
-3.4709612518561359,-2.8520155340788702,4,6,3,23,0.5,1.2072099999999999,1.324422,2.942002,58.832287000000001
-3.4709612518561359,-3.0439163846692701,4,6,3,23,0.66669999999999996,1.2072099999999999,1.324422,2.942002,58.832287000000001
-3.4709612518561359,-2.4744078902784201,4,6,3,23,0.16669999999999999,1.2072099999999999,1.324422,2.942002,58.832287000000001
-3.4709612518561359,-2.4500694320487399,4,6,3,23,0.33329999999999999,1.2072099999999999,1.324422,2.942002,58.832287000000001
-3.4874636172480713,-2.3698400482516302,2,5,1,22,4,1.8613459999999999,2.5842420000000002,3.719201,69.477003999999994
-3.4874636172480713,-2.4949252330418501,2,5,1,22,3,1.8613459999999999,2.5842420000000002,3.719201,69.477003999999994
-3.4874636172480713,-2.5930427425499101,2,6,2,23,2,1.8613459999999999,2.5842420000000002,3.719201,69.477003999999994
-3.4874636172480713,-3.6479571489104501,2,5,1,23,2,1.8613459999999999,2.5842420000000002,3.719201,69.477003999999994
-3.5051923842085029,-2.6698079621785098,2,6,1,22,2,1.8613459999999999,2.5842420000000002,3.719201,69.477003999999994
-3.5051923842085029,-2.6698079621785098,2,6,1,22,2,1.8613459999999999,2.5842420000000002,3.719201,69.477003999999994
-3.5051923842085029,-2.4689951062540501,2,6,1,23,2,1.8613459999999999,2.5842420000000002,3.719201,69.477003999999994
-3.5051923842085029,-2.5853937165376699,2,6,1,23,1,1.8613459999999999,2.5842420000000002,3.719201,69.477003999999994
-3.5051923842085029,-2.5853937165376699,2,6,1,23,1,1.8613459999999999,2.5842420000000002,3.719201,69.477003999999994
-3.5051923842085029,-2.5853937165376699,2,6,1,23,1,1.8613459999999999,2.5842420000000002,3.719201,69.477003999999994
-3.5051923842085029,-2.4689951062540501,2,6,1,23,2,1.8613459999999999,2.5842420000000002,3.719201,69.477003999999994
-3.5051923842085029,-2.5550504096704501,2,6,1,23,4,1.8613459999999999,2.5842420000000002,3.719201,69.477003999999994
-3.5051923842085029,-2.5853937165376699,2,6,1,23,1,1.8613459999999999,2.5842420000000002,3.719201,69.477003999999994
-3.522240656613759,-3.1462576343767301,4,5,1,22,2,1.182966,1.329504,3.1749800000000001,122.239276
-3.5281080277392771,-4.7458713922189899,4,5,1,22,3,1.2088300000000001,1.340533,3.085988,99.184106999999997
-3.5281080277392771,-4.7458713922189899,4,5,1,22,3,1.2088300000000001,1.340533,3.085988,99.184106999999997
-3.5281080277392771,-3.8497667519340402,4,5,1,22,1,1.2088300000000001,1.340533,3.085988,99.184106999999997
-3.5281080277392771,-4.7458713922189899,4,5,1,22,3,1.2088300000000001,1.340533,3.085988,99.184106999999997
-3.5281080277392771,-2.2921852909917502,4,5,1,22,4,1.2088300000000001,1.340533,3.085988,99.184106999999997
-3.5281080277392771,-4.2990976667563201,4,5,1,23,3,1.2088300000000001,1.340533,3.085988,99.184106999999997
-3.5281080277392771,-4.2990976667563201,4,5,1,23,3,1.2088300000000001,1.340533,3.085988,99.184106999999997
-3.5281080277392771,-4.2990976667563201,4,5,1,23,3,1.2088300000000001,1.340533,3.085988,99.184106999999997
-3.5281080277392771,-4.2990976667563201,4,5,1,23,3,1.2088300000000001,1.340533,3.085988,99.184106999999997
-3.563837352959244,-3.0333810882219701,4,5,1,22,3,1.5866450000000001,1.4455169999999999,3.158649,145.55060700000001
-3.563837352959244,-3.0333810882219701,4,5,1,22,3,1.5866450000000001,1.4455169999999999,3.158649,145.55060700000001
-3.563837352959244,-3.0333810882219701,4,5,1,22,3,1.5866450000000001,1.4455169999999999,3.158649,145.55060700000001
-3.563837352959244,-1.88829683410742,4,2,1,23,3,1.5866450000000001,1.4455169999999999,3.158649,145.55060700000001
-3.5648129857351463,-2.0545987921516602,4,5,1,22,1,1.2072099999999999,1.324422,2.942002,58.832287000000001
-3.5648129857351463,-1.8010564566296099,4,5,1,22,3,1.2072099999999999,1.324422,2.942002,58.832287000000001
-3.5648129857351463,-2.8175845476475301,4,5,1,22,2,1.2072099999999999,1.324422,2.942002,58.832287000000001
-3.5648129857351463,-2.8175845476475301,4,5,1,22,2,1.2072099999999999,1.324422,2.942002,58.832287000000001
-3.5648129857351463,-3.73340939190969,4,5,1,22,4,1.2072099999999999,1.324422,2.942002,58.832287000000001
-3.5648129857351463,-1.8010564566296099,4,5,1,22,3,1.2072099999999999,1.324422,2.942002,58.832287000000001
-3.5648129857351463,-1.8010564566296099,4,5,1,22,3,1.2072099999999999,1.324422,2.942002,58.832287000000001
-3.5648129857351463,-1.8010564566296099,4,5,1,22,3,1.2072099999999999,1.324422,2.942002,58.832287000000001
-3.5648129857351463,-1.8010564566296099,4,5,1,22,3,1.2072099999999999,1.324422,2.942002,58.832287000000001
-3.5648129857351463,-3.4057124849542899,4,6,1,22,1,1.2072099999999999,1.324422,2.942002,58.832287000000001
-3.5648129857351463,-3.4808409880753599,4,6,1,22,0.25,1.2072099999999999,1.324422,2.942002,58.832287000000001
-3.5648129857351463,-3.51124667737834,4,6,1,22,0.125,1.2072099999999999,1.324422,2.942002,58.832287000000001
-3.5648129857351463,-3.4053513489837099,4,6,1,22,0.5,1.2072099999999999,1.324422,2.942002,58.832287000000001
-3.5648129857351463,-3.4057124849542899,4,6,1,22,1,1.2072099999999999,1.324422,2.942002,58.832287000000001
-3.5648129857351463,-3.4053513489837099,4,6,1,22,0.5,1.2072099999999999,1.324422,2.942002,58.832287000000001
-3.5648129857351463,-1.8010564566296099,4,5,1,22,3,1.2072099999999999,1.324422,2.942002,58.832287000000001
-3.5648129857351463,-3.4808409880753599,4,6,1,22,0.25,1.2072099999999999,1.324422,2.942002,58.832287000000001
-3.5648129857351463,-3.4053513489837099,4,6,1,22,0.5,1.2072099999999999,1.324422,2.942002,58.832287000000001
-3.5648129857351463,-3.4057124849542899,4,6,1,22,1,1.2072099999999999,1.324422,2.942002,58.832287000000001
-3.5648129857351463,-3.51124667737834,4,6,1,22,0.125,1.2072099999999999,1.324422,2.942002,58.832287000000001
-3.5648129857351463,-3.4057124849542899,4,6,1,22,1,1.2072099999999999,1.324422,2.942002,58.832287000000001
-3.5648129857351463,-3.73340939190969,4,5,1,22,4,1.2072099999999999,1.324422,2.942002,58.832287000000001
-3.5648129857351463,-3.73340939190969,4,5,1,22,4,1.2072099999999999,1.324422,2.942002,58.832287000000001
-3.5648129857351463,-2.0545987921516602,4,5,1,22,1,1.2072099999999999,1.324422,2.942002,58.832287000000001
-3.5648129857351463,-2.0545987921516602,4,5,1,22,1,1.2072099999999999,1.324422,2.942002,58.832287000000001
-3.5648129857351463,-2.0545987921516602,4,5,1,22,1,1.2072099999999999,1.324422,2.942002,58.832287000000001
-3.5648129857351463,-3.73340939190969,4,5,1,22,4,1.2072099999999999,1.324422,2.942002,58.832287000000001
-3.5648129857351463,-1.8010564566296099,4,5,1,22,3,1.2072099999999999,1.324422,2.942002,58.832287000000001
-3.5648129857351463,-2.0545987921516602,4,5,1,22,1,1.2072099999999999,1.324422,2.942002,58.832287000000001
-3.5648129857351463,-2.8751028451426599,4,5,1,23,1,1.2072099999999999,1.324422,2.942002,58.832287000000001
-3.5648129857351463,-2.8751028451426599,4,5,1,23,1,1.2072099999999999,1.324422,2.942002,58.832287000000001
-3.5648129857351463,-1.88863268400618,4,5,1,23,3,1.2072099999999999,1.324422,2.942002,58.832287000000001
-3.5648129857351463,-2.8751028451426599,4,5,1,23,1,1.2072099999999999,1.324422,2.942002,58.832287000000001
-3.5648129857351463,-2.8751028451426599,4,5,1,23,1,1.2072099999999999,1.324422,2.942002,58.832287000000001
-3.5648129857351463,-1.88863268400618,4,5,1,23,3,1.2072099999999999,1.324422,2.942002,58.832287000000001
-3.5648129857351463,-3.3903848543231501,4,5,1,23,2,1.2072099999999999,1.324422,2.942002,58.832287000000001
-3.5648129857351463,-2.8751028451426599,4,5,1,23,1,1.2072099999999999,1.324422,2.942002,58.832287000000001
-3.5648129857351463,-2.8751028451426599,4,5,1,23,1,1.2072099999999999,1.324422,2.942002,58.832287000000001
-3.5648129857351463,-2.8751028451426599,4,5,1,23,1,1.2072099999999999,1.324422,2.942002,58.832287000000001
-3.5648129857351463,-2.8751028451426599,4,5,1,23,1,1.2072099999999999,1.324422,2.942002,58.832287000000001
-3.5648129857351463,-1.88863268400618,4,5,1,23,3,1.2072099999999999,1.324422,2.942002,58.832287000000001
-3.5648129857351463,-2.8751028451426599,4,5,1,23,1,1.2072099999999999,1.324422,2.942002,58.832287000000001
-3.5648129857351463,-2.8751028451426599,4,5,1,23,1,1.2072099999999999,1.324422,2.942002,58.832287000000001
-3.5648129857351463,-3.5500395371854201,4,6,1,23,0.25,1.2072099999999999,1.324422,2.942002,58.832287000000001
-3.5648129857351463,-2.8751028451426599,4,5,1,23,1,1.2072099999999999,1.324422,2.942002,58.832287000000001
-3.5648129857351463,-2.8751028451426599,4,5,1,23,1,1.2072099999999999,1.324422,2.942002,58.832287000000001
-3.5648129857351463,-3.3903848543231501,4,5,1,23,2,1.2072099999999999,1.324422,2.942002,58.832287000000001
-3.5648129857351463,-3.5500395371854201,4,6,1,23,0.16669999999999999,1.2072099999999999,1.324422,2.942002,58.832287000000001
-3.5648129857351463,-3.3903848543231501,4,5,1,23,2,1.2072099999999999,1.324422,2.942002,58.832287000000001
-3.5648129857351463,-2.8751028451426599,4,5,1,23,1,1.2072099999999999,1.324422,2.942002,58.832287000000001
-3.5648129857351463,-1.88863268400618,4,5,1,23,3,1.2072099999999999,1.324422,2.942002,58.832287000000001
-3.5648129857351463,-2.8751028451426599,4,5,1,23,1,1.2072099999999999,1.324422,2.942002,58.832287000000001
-3.5648129857351463,-4.1564236134519197,4,5,1,23,4,1.2072099999999999,1.324422,2.942002,58.832287000000001
-3.5648129857351463,-2.8751028451426599,4,5,1,23,1,1.2072099999999999,1.324422,2.942002,58.832287000000001
-3.5648129857351463,-1.88863268400618,4,5,1,23,3,1.2072099999999999,1.324422,2.942002,58.832287000000001
-3.5648129857351463,-3.08393219599377,4,6,1,23,1,1.2072099999999999,1.324422,2.942002,58.832287000000001
-3.5648129857351463,-3.5500395371854201,4,6,1,23,0.25,1.2072099999999999,1.324422,2.942002,58.832287000000001
-3.5648129857351463,-3.5500395371854201,4,6,1,23,0.25,1.2072099999999999,1.324422,2.942002,58.832287000000001
-3.5648129857351463,-3.5500395371854201,4,6,1,23,0.125,1.2072099999999999,1.324422,2.942002,58.832287000000001
-3.5648129857351463,-3.5500395371854201,4,6,1,23,0.25,1.2072099999999999,1.324422,2.942002,58.832287000000001
-3.5648129857351463,-3.5500395371854201,4,6,1,23,0.25,1.2072099999999999,1.324422,2.942002,58.832287000000001
-3.5648129857351463,-3.08393219599377,4,6,1,23,1,1.2072099999999999,1.324422,2.942002,58.832287000000001
-3.5648129857351463,-3.08393219599377,4,6,1,23,1,1.2072099999999999,1.324422,2.942002,58.832287000000001
-3.5648129857351463,-3.08393219599377,4,6,1,23,1,1.2072099999999999,1.324422,2.942002,58.832287000000001
-3.5648129857351463,-3.3783013843287901,4,6,1,23,0.5,1.2072099999999999,1.324422,2.942002,58.832287000000001
-3.5648129857351463,-3.5500395371854201,4,6,1,23,0.25,1.2072099999999999,1.324422,2.942002,58.832287000000001
-3.5648129857351463,-3.3783013843287901,4,6,1,23,0.5,1.2072099999999999,1.324422,2.942002,58.832287000000001
-3.5648129857351463,-3.5500395371854201,4,6,1,23,0.125,1.2072099999999999,1.324422,2.942002,58.832287000000001
-3.5648129857351463,-3.08393219599377,4,6,1,23,1,1.2072099999999999,1.324422,2.942002,58.832287000000001
-3.5648129857351463,-3.08393219599377,4,6,1,23,1,1.2072099999999999,1.324422,2.942002,58.832287000000001
-3.5648129857351463,-3.08393219599377,4,6,1,23,1,1.2072099999999999,1.324422,2.942002,58.832287000000001
-3.5648129857351463,-3.3783013843287901,4,6,1,23,0.5,1.2072099999999999,1.324422,2.942002,58.832287000000001
-3.5648129857351463,-3.5500395371854201,4,6,1,23,0.125,1.2072099999999999,1.324422,2.942002,58.832287000000001
-3.5648129857351463,-3.3783013843287901,4,6,1,23,0.5,1.2072099999999999,1.324422,2.942002,58.832287000000001
-3.5648129857351463,-3.5500395371854201,4,6,1,23,0.25,1.2072099999999999,1.324422,2.942002,58.832287000000001
-3.5648129857351463,-3.3783013843287901,4,6,1,23,0.5,1.2072099999999999,1.324422,2.942002,58.832287000000001
-3.5648129857351463,-3.3783013843287901,4,6,1,23,0.5,1.2072099999999999,1.324422,2.942002,58.832287000000001
-3.5648129857351463,-3.5500395371854201,4,6,1,23,0.125,1.2072099999999999,1.324422,2.942002,58.832287000000001
-3.5648129857351463,-3.08393219599377,4,6,1,23,1,1.2072099999999999,1.324422,2.942002,58.832287000000001
-3.5648129857351463,-3.3783013843287901,4,6,1,23,0.5,1.2072099999999999,1.324422,2.942002,58.832287000000001
-3.5648129857351463,-3.3783013843287901,4,6,1,23,0.5,1.2072099999999999,1.324422,2.942002,58.832287000000001
-3.5648129857351463,-3.5500395371854201,4,6,1,23,0.25,1.2072099999999999,1.324422,2.942002,58.832287000000001
-3.5648129857351463,-3.5500395371854201,4,6,1,23,0.125,1.2072099999999999,1.324422,2.942002,58.832287000000001
-3.5648129857351463,-3.5500395371854201,4,6,1,23,0.125,1.2072099999999999,1.324422,2.942002,58.832287000000001
-3.5648129857351463,-3.5500395371854201,4,6,1,23,0.25,1.2072099999999999,1.324422,2.942002,58.832287000000001
-3.5648129857351463,-3.08393219599377,4,6,1,23,1,1.2072099999999999,1.324422,2.942002,58.832287000000001
-3.5648129857351463,-3.5500395371854201,4,6,1,23,0.125,1.2072099999999999,1.324422,2.942002,58.832287000000001
-3.5648129857351463,-3.5500395371854201,4,6,1,23,0.125,1.2072099999999999,1.324422,2.942002,58.832287000000001
-3.5648129857351463,-3.5500395371854201,4,6,1,23,0.125,1.2072099999999999,1.324422,2.942002,58.832287000000001
-3.5648129857351463,-3.5500395371854201,4,6,1,23,0.25,1.2072099999999999,1.324422,2.942002,58.832287000000001
-3.5648129857351463,-3.08393219599377,4,6,1,23,1,1.2072099999999999,1.324422,2.942002,58.832287000000001
-3.5648129857351463,-3.3783013843287901,4,6,1,23,0.5,1.2072099999999999,1.324422,2.942002,58.832287000000001
-3.5648129857351463,-3.5500395371854201,4,6,1,23,0.25,1.2072099999999999,1.324422,2.942002,58.832287000000001
-3.5648129857351463,-3.5500395371854201,4,6,1,23,0.25,1.2072099999999999,1.324422,2.942002,58.832287000000001
-3.5648129857351463,-3.08393219599377,4,6,1,23,1,1.2072099999999999,1.324422,2.942002,58.832287000000001
-3.5648129857351463,-3.3783013843287901,4,6,1,23,0.5,1.2072099999999999,1.324422,2.942002,58.832287000000001
-3.5648129857351463,-3.3783013843287901,4,6,1,23,0.5,1.2072099999999999,1.324422,2.942002,58.832287000000001
-3.5648129857351463,-3.08393219599377,4,6,1,23,1,1.2072099999999999,1.324422,2.942002,58.832287000000001
-3.5648129857351463,-3.5500395371854201,4,6,1,23,0.125,1.2072099999999999,1.324422,2.942002,58.832287000000001
-3.5648129857351463,-4.1564236134519197,4,5,1,23,4,1.2072099999999999,1.324422,2.942002,58.832287000000001
-3.5648129857351463,-2.8751028451426599,4,5,1,23,1,1.2072099999999999,1.324422,2.942002,58.832287000000001
-3.5648129857351463,-2.8751028451426599,4,5,1,23,1,1.2072099999999999,1.324422,2.942002,58.832287000000001
-3.5648129857351463,-3.3903848543231501,4,5,1,23,2,1.2072099999999999,1.324422,2.942002,58.832287000000001
-3.5648129857351463,-4.1564236134519197,4,5,1,23,4,1.2072099999999999,1.324422,2.942002,58.832287000000001
-3.5648129857351463,-1.88863268400618,4,5,1,23,3,1.2072099999999999,1.324422,2.942002,58.832287000000001
-3.5648129857351463,-3.4200653399616998,4,6,1,23,3,1.2072099999999999,1.324422,2.942002,58.832287000000001
-3.5648129857351463,-3.4200653399616998,4,6,1,23,3,1.2072099999999999,1.324422,2.942002,58.832287000000001
-3.5648129857351463,-3.4200653399616998,4,6,1,23,3,1.2072099999999999,1.324422,2.942002,58.832287000000001
-3.5648129857351463,-3.4200653399616998,4,6,1,23,3,1.2072099999999999,1.324422,2.942002,58.832287000000001
-3.5648129857351463,-3.4200653399616998,4,6,1,23,3,1.2072099999999999,1.324422,2.942002,58.832287000000001
-3.5648129857351463,-3.4200653399616998,4,6,1,23,3,1.2072099999999999,1.324422,2.942002,58.832287000000001
-3.5648129857351463,-3.4200653399616998,4,6,1,23,3,1.2072099999999999,1.324422,2.942002,58.832287000000001
-3.5648129857351463,-3.4200653399616998,4,6,1,23,3,1.2072099999999999,1.324422,2.942002,58.832287000000001
-3.5648129857351463,-3.4200653399616998,4,6,1,23,3,1.2072099999999999,1.324422,2.942002,58.832287000000001
-3.5648129857351463,-3.4200653399616998,4,6,1,23,3,1.2072099999999999,1.324422,2.942002,58.832287000000001
-3.5648129857351463,-3.4200653399616998,4,6,1,23,3,1.2072099999999999,1.324422,2.942002,58.832287000000001
-3.5648129857351463,-3.4200653399616998,4,6,1,23,3,1.2072099999999999,1.324422,2.942002,58.832287000000001
-3.6020599913279625,-2.8175845476475301,4,5,1,22,2,1.2072099999999999,1.324422,2.942002,58.832287000000001
-3.6020599913279625,-2.8175845476475301,4,5,1,22,2,1.2072099999999999,1.324422,2.942002,58.832287000000001
-3.6020599913279625,-3.3903848543231501,4,5,1,23,2,1.2072099999999999,1.324422,2.942002,58.832287000000001
-3.6020599913279625,-2.4466709361845802,2,6,1,22,3,1.7029749999999999,1.4485060000000001,3.324773,162.16508300000001
-3.6020599913279625,-3.1795059971958799,2,6,1,23,1,1.7029749999999999,1.4485060000000001,3.324773,162.16508300000001
-3.6020599913279625,-3.13279498386383,2,6,1,23,0.29170000000000001,1.7029749999999999,1.4485060000000001,3.324773,162.16508300000001
-3.6020599913279625,-3.13279498386383,2,6,1,23,0.29170000000000001,1.7029749999999999,1.4485060000000001,3.324773,162.16508300000001
-3.6020599913279625,-3.05548051108237,2,6,1,23,3,1.7029749999999999,1.4485060000000001,3.324773,162.16508300000001
-3.6989700043360187,-1.95370772609551,3,5,3,23,2,1.2072099999999999,1.324422,2.942002,58.832287000000001
-3.7225406325981831,-3.7219369398626898,2,5,1,10,2,1.8613459999999999,2.5842420000000002,3.719201,69.477003999999994
-3.753237979864553,-2.8175845476475301,4,5,1,22,2,1.2072099999999999,1.324422,2.942002,58.832287000000001
-3.7569619513137056,-2.1384822535543799,4,5,1,22,4,1.3020609999999999,1.295058,2.9725820000000001,88.788167000000001
-3.7654724362815646,-3.4057124849542899,4,6,1,22,1,1.2072099999999999,1.324422,2.942002,58.832287000000001
-3.7986028756795487,-3.39415179789611,4,2,1,22,4,1.2072099999999999,1.324422,2.942002,58.832287000000001
-3.7986028756795487,-3.7310994614142898,4,2,1,22,1,1.2072099999999999,1.324422,2.942002,58.832287000000001
-3.7986028756795487,-3.4036907433738199,4,2,1,23,4,1.2072099999999999,1.324422,2.942002,58.832287000000001
-3.8232706522777402,-3.1389706572600198,4,5,1,23,2,1.182966,1.329504,3.1749800000000001,122.239276
-3.8291380234032584,-4.2272112679506098,2,5,1,22,4,1.2088300000000001,1.340533,3.085988,99.184106999999997
-3.8539951616684851,-3.7219369398626898,2,5,1,10,2,1.8613459999999999,2.5842420000000002,3.719201,69.477003999999994
-3.8854036259201092,-3.6842470280081701,2,5,1,22,2,1.8613459999999999,2.5842420000000002,3.719201,69.477003999999994
-3.8854036259201092,-3.6842470280081701,2,5,1,22,2,1.8613459999999999,2.5842420000000002,3.719201,69.477003999999994
-3.8854036259201092,-3.6842470280081701,2,5,1,22,2,1.8613459999999999,2.5842420000000002,3.719201,69.477003999999994
-3.8854036259201092,-3.6842470280081701,2,5,1,22,2,1.8613459999999999,2.5842420000000002,3.719201,69.477003999999994
-3.8854036259201092,-3.6842470280081701,2,5,1,22,2,1.8613459999999999,2.5842420000000002,3.719201,69.477003999999994
-3.8854036259201092,-3.6842470280081701,2,5,1,22,2,1.8613459999999999,2.5842420000000002,3.719201,69.477003999999994
-3.8854036259201092,-3.6842470280081701,2,5,1,22,2,1.8613459999999999,2.5842420000000002,3.719201,69.477003999999994
-3.8854036259201092,-3.6842470280081701,2,5,1,22,2,1.8613459999999999,2.5842420000000002,3.719201,69.477003999999994
-3.8854036259201092,-3.6842470280081701,2,5,1,22,2,1.8613459999999999,2.5842420000000002,3.719201,69.477003999999994
-3.9030899869919438,-4.2990976667563201,4,5,1,23,3,1.2088300000000001,1.340533,3.085988,99.184106999999997
-3.9030899869919438,-4.2990976667563201,4,5,1,23,3,1.2088300000000001,1.340533,3.085988,99.184106999999997
-3.9030899869919438,-4.2990976667563201,4,5,1,23,3,1.2088300000000001,1.340533,3.085988,99.184106999999997
-3.9259153109717562,-4.7107181643953799,4,2,1,22,4,1.2088300000000001,1.340533,3.085988,99.184106999999997
-3.9259153109717562,-4.7107181643953799,4,2,1,22,4,1.2088300000000001,1.340533,3.085988,99.184106999999997
-3.9259153109717562,-4.9850815096447203,4,2,1,23,4,1.2088300000000001,1.340533,3.085988,99.184106999999997
-3.9259153109717562,-4.9850815096447203,4,2,1,23,4,1.2088300000000001,1.340533,3.085988,99.184106999999997
-3.9260480364113146,-4.7107181643953799,4,2,1,22,4,1.2088300000000001,1.340533,3.085988,99.184106999999997
-3.9260480364113146,-4.7107181643953799,4,2,1,22,4,1.2088300000000001,1.340533,3.085988,99.184106999999997
-3.9260480364113146,-4.7107181643953799,4,2,1,22,4,1.2088300000000001,1.340533,3.085988,99.184106999999997
-3.9260480364113146,-4.9850815096447203,4,2,1,23,4,1.2088300000000001,1.340533,3.085988,99.184106999999997
-3.9260480364113146,-4.9850815096447203,4,2,1,23,4,1.2088300000000001,1.340533,3.085988,99.184106999999997
-3.9260480364113146,-4.9850815096447203,4,2,1,23,4,1.2088300000000001,1.340533,3.085988,99.184106999999997
-3.9260480364113146,-4.9850815096447203,4,2,1,23,4,1.2088300000000001,1.340533,3.085988,99.184106999999997
-3.9260480364113146,-4.9850815096447203,4,2,1,23,4,1.2088300000000001,1.340533,3.085988,99.184106999999997
-3.9260480364113146,-4.9850815096447203,4,2,1,23,4,1.2088300000000001,1.340533,3.085988,99.184106999999997
-3.9430951486635273,-3.41062694469435,4,2,1,22,4,1.221695,1.337137,2.9817170000000002,67.151338999999993
-3.9625735020593762,-3.39415179789611,4,2,1,22,4,1.2072099999999999,1.324422,2.942002,58.832287000000001
-3.9625735020593762,-3.39415179789611,4,2,1,22,4,1.2072099999999999,1.324422,2.942002,58.832287000000001
-3.9625735020593762,-3.39415179789611,4,2,1,22,4,1.2072099999999999,1.324422,2.942002,58.832287000000001
-3.9625735020593762,-3.4036907433738199,4,2,1,23,4,1.2072099999999999,1.324422,2.942002,58.832287000000001
-3.9627529944071842,-3.39415179789611,4,2,1,22,4,1.2072099999999999,1.324422,2.942002,58.832287000000001
-3.9627529944071842,-3.39415179789611,4,2,1,22,4,1.2072099999999999,1.324422,2.942002,58.832287000000001
-3.9627529944071842,-3.4036907433738199,4,2,1,23,4,1.2072099999999999,1.324422,2.942002,58.832287000000001
-3.9627529944071842,-3.4036907433738199,4,2,1,23,4,1.2072099999999999,1.324422,2.942002,58.832287000000001
-3.9706162223147903,-3.4057124849542899,4,6,1,22,1,1.2072099999999999,1.324422,2.942002,58.832287000000001
-3.9706162223147903,-3.4057124849542899,4,6,1,22,1,1.2072099999999999,1.324422,2.942002,58.832287000000001
-3.9966112616681513,-3.3674956768147299,4,6,1,22,0.33329999999999999,1.2072099999999999,1.324422,2.942002,58.832287000000001
-3.9966112616681513,-3.3674956768147299,4,6,1,22,0.33329999999999999,1.2072099999999999,1.324422,2.942002,58.832287000000001
-3.9966291106970222,-4.0801844326127901,4,6,1,22,1,1.2088300000000001,1.340533,3.085988,99.184106999999997
-4,-3.9859403953786399,4,5,3,22,4,1.2072099999999999,1.324422,2.942002,58.832287000000001
-4,-3.9859403953786399,4,5,3,22,4,1.2072099999999999,1.324422,2.942002,58.832287000000001
-4,-3.9859403953786399,4,5,3,22,4,1.2072099999999999,1.324422,2.942002,58.832287000000001
-4,-3.9859403953786399,4,5,3,22,4,1.2072099999999999,1.324422,2.942002,58.832287000000001
-4,-3.9859403953786399,4,5,3,22,4,1.2072099999999999,1.324422,2.942002,58.832287000000001
-4,-3.9859403953786399,4,5,3,22,4,1.2072099999999999,1.324422,2.942002,58.832287000000001
-4,-3.9859403953786399,4,5,3,22,4,1.2072099999999999,1.324422,2.942002,58.832287000000001
-4,-3.9859403953786399,4,5,3,22,4,1.2072099999999999,1.324422,2.942002,58.832287000000001
-4,-3.9859403953786399,4,5,3,22,4,1.2072099999999999,1.324422,2.942002,58.832287000000001
-4,-3.9859403953786399,4,5,3,22,4,1.2072099999999999,1.324422,2.942002,58.832287000000001
-4,-3.9859403953786399,4,5,3,22,4,1.2072099999999999,1.324422,2.942002,58.832287000000001
-4,-3.9859403953786399,4,5,3,22,4,1.2072099999999999,1.324422,2.942002,58.832287000000001
-4,-3.9859403953786399,4,5,3,22,4,1.2072099999999999,1.324422,2.942002,58.832287000000001
-4,-3.9859403953786399,4,5,3,22,4,1.2072099999999999,1.324422,2.942002,58.832287000000001
-4,-3.9859403953786399,4,5,3,22,4,1.2072099999999999,1.324422,2.942002,58.832287000000001
-4,-3.9859403953786399,4,5,3,22,4,1.2072099999999999,1.324422,2.942002,58.832287000000001
-4,-3.9859403953786399,4,5,3,22,4,1.2072099999999999,1.324422,2.942002,58.832287000000001
-4,-3.9859403953786399,4,5,3,22,4,1.2072099999999999,1.324422,2.942002,58.832287000000001
-4,-3.9859403953786399,4,5,3,22,4,1.2072099999999999,1.324422,2.942002,58.832287000000001
-4,-3.9859403953786399,4,5,3,22,4,1.2072099999999999,1.324422,2.942002,58.832287000000001
-4,-3.9859403953786399,4,5,3,22,4,1.2072099999999999,1.324422,2.942002,58.832287000000001
-4,-3.9859403953786399,4,5,3,22,4,1.2072099999999999,1.324422,2.942002,58.832287000000001
-4,-3.9859403953786399,4,5,3,22,4,1.2072099999999999,1.324422,2.942002,58.832287000000001
-4,-3.9859403953786399,4,5,3,22,4,1.2072099999999999,1.324422,2.942002,58.832287000000001
-4,-3.9859403953786399,4,5,3,22,4,1.2072099999999999,1.324422,2.942002,58.832287000000001
-4,-3.9859403953786399,4,5,3,22,4,1.2072099999999999,1.324422,2.942002,58.832287000000001
-4,-3.9859403953786399,4,5,3,22,4,1.2072099999999999,1.324422,2.942002,58.832287000000001
-4,-3.9859403953786399,4,5,3,22,4,1.2072099999999999,1.324422,2.942002,58.832287000000001
-4,-3.9859403953786399,4,5,3,22,4,1.2072099999999999,1.324422,2.942002,58.832287000000001
-4,-3.9859403953786399,4,5,3,22,4,1.2072099999999999,1.324422,2.942002,58.832287000000001
-4,-3.9859403953786399,4,5,3,22,4,1.2072099999999999,1.324422,2.942002,58.832287000000001
-4,-3.9859403953786399,4,5,3,22,4,1.2072099999999999,1.324422,2.942002,58.832287000000001
-4,-3.9859403953786399,4,5,3,22,4,1.2072099999999999,1.324422,2.942002,58.832287000000001
-4,-3.9859403953786399,4,5,3,22,4,1.2072099999999999,1.324422,2.942002,58.832287000000001
-4,-3.9859403953786399,4,5,3,22,4,1.2072099999999999,1.324422,2.942002,58.832287000000001
-4,-3.9859403953786399,4,5,3,22,4,1.2072099999999999,1.324422,2.942002,58.832287000000001
-4,-3.9859403953786399,4,5,3,22,4,1.2072099999999999,1.324422,2.942002,58.832287000000001
-4,-3.9859403953786399,4,5,3,22,4,1.2072099999999999,1.324422,2.942002,58.832287000000001
-4,-3.9859403953786399,4,5,3,22,4,1.2072099999999999,1.324422,2.942002,58.832287000000001
-4,-3.9859403953786399,4,5,3,22,4,1.2072099999999999,1.324422,2.942002,58.832287000000001
-4,-3.9859403953786399,4,5,3,22,4,1.2072099999999999,1.324422,2.942002,58.832287000000001
-4,-3.73340939190969,4,5,1,22,4,1.2072099999999999,1.324422,2.942002,58.832287000000001
-4,-3.73340939190969,4,5,1,22,4,1.2072099999999999,1.324422,2.942002,58.832287000000001
-4,-3.73340939190969,4,5,1,22,4,1.2072099999999999,1.324422,2.942002,58.832287000000001
-4,-3.73340939190969,4,5,1,22,4,1.2072099999999999,1.324422,2.942002,58.832287000000001
-4,-3.9859403953786399,4,5,3,22,4,1.2072099999999999,1.324422,2.942002,58.832287000000001
-4,-3.9859403953786399,4,5,3,22,4,1.2072099999999999,1.324422,2.942002,58.832287000000001
-4,-3.9859403953786399,4,5,3,22,4,1.2072099999999999,1.324422,2.942002,58.832287000000001
-4,-3.9859403953786399,4,5,3,22,4,1.2072099999999999,1.324422,2.942002,58.832287000000001
-4,-3.9859403953786399,4,5,3,22,4,1.2072099999999999,1.324422,2.942002,58.832287000000001
-4,-3.9859403953786399,4,5,3,22,4,1.2072099999999999,1.324422,2.942002,58.832287000000001
-4,-3.9859403953786399,4,5,3,22,4,1.2072099999999999,1.324422,2.942002,58.832287000000001
-4,-4.1564236134519197,4,5,1,23,4,1.2072099999999999,1.324422,2.942002,58.832287000000001
-4,-4.1564236134519197,4,5,1,23,4,1.2072099999999999,1.324422,2.942002,58.832287000000001
-4,-4.1564236134519197,4,5,1,23,4,1.2072099999999999,1.324422,2.942002,58.832287000000001
-4,-4.00422774447369,4,5,3,23,4,1.2072099999999999,1.324422,2.942002,58.832287000000001
-4,-4.00422774447369,4,5,3,23,4,1.2072099999999999,1.324422,2.942002,58.832287000000001
-4,-4.00422774447369,4,5,3,23,4,1.2072099999999999,1.324422,2.942002,58.832287000000001
-4,-4.00422774447369,4,5,3,23,4,1.2072099999999999,1.324422,2.942002,58.832287000000001
-4,-4.00422774447369,4,5,3,23,4,1.2072099999999999,1.324422,2.942002,58.832287000000001
-4,-4.00422774447369,4,5,3,23,4,1.2072099999999999,1.324422,2.942002,58.832287000000001
-4,-4.00422774447369,4,5,3,23,4,1.2072099999999999,1.324422,2.942002,58.832287000000001
-4,-4.1564236134519197,4,5,1,23,4,1.2072099999999999,1.324422,2.942002,58.832287000000001
-4,-4.00422774447369,4,5,3,23,4,1.2072099999999999,1.324422,2.942002,58.832287000000001
-4,-4.00422774447369,4,5,3,23,4,1.2072099999999999,1.324422,2.942002,58.832287000000001
-4,-4.00422774447369,4,5,3,23,4,1.2072099999999999,1.324422,2.942002,58.832287000000001
-4,-4.00422774447369,4,5,3,23,4,1.2072099999999999,1.324422,2.942002,58.832287000000001
-4,-4.00422774447369,4,5,3,23,4,1.2072099999999999,1.324422,2.942002,58.832287000000001
-4,-4.00422774447369,4,5,3,23,4,1.2072099999999999,1.324422,2.942002,58.832287000000001
-4,-4.00422774447369,4,5,3,23,4,1.2072099999999999,1.324422,2.942002,58.832287000000001
-4,-4.00422774447369,4,5,3,23,4,1.2072099999999999,1.324422,2.942002,58.832287000000001
-4,-4.00422774447369,4,5,3,23,4,1.2072099999999999,1.324422,2.942002,58.832287000000001
-4,-4.00422774447369,4,5,3,23,4,1.2072099999999999,1.324422,2.942002,58.832287000000001
-4,-4.00422774447369,4,5,3,23,4,1.2072099999999999,1.324422,2.942002,58.832287000000001
-4,-4.00422774447369,4,5,3,23,4,1.2072099999999999,1.324422,2.942002,58.832287000000001
-4,-4.00422774447369,4,5,3,23,4,1.2072099999999999,1.324422,2.942002,58.832287000000001
-4,-4.00422774447369,4,5,3,23,4,1.2072099999999999,1.324422,2.942002,58.832287000000001
-4,-4.00422774447369,4,5,3,23,4,1.2072099999999999,1.324422,2.942002,58.832287000000001
-4,-4.00422774447369,4,5,3,23,4,1.2072099999999999,1.324422,2.942002,58.832287000000001
-4,-4.00422774447369,4,5,3,23,4,1.2072099999999999,1.324422,2.942002,58.832287000000001
-4,-4.00422774447369,4,5,3,23,4,1.2072099999999999,1.324422,2.942002,58.832287000000001
-4,-4.00422774447369,4,5,3,23,4,1.2072099999999999,1.324422,2.942002,58.832287000000001
-4,-4.00422774447369,4,5,3,23,4,1.2072099999999999,1.324422,2.942002,58.832287000000001
-4,-4.00422774447369,4,5,3,23,4,1.2072099999999999,1.324422,2.942002,58.832287000000001
-4,-4.00422774447369,4,5,3,23,4,1.2072099999999999,1.324422,2.942002,58.832287000000001
-4,-4.00422774447369,4,5,3,23,4,1.2072099999999999,1.324422,2.942002,58.832287000000001
-4,-4.00422774447369,4,5,3,23,4,1.2072099999999999,1.324422,2.942002,58.832287000000001
-4,-4.00422774447369,4,5,3,23,4,1.2072099999999999,1.324422,2.942002,58.832287000000001
-4,-4.00422774447369,4,5,3,23,4,1.2072099999999999,1.324422,2.942002,58.832287000000001
-4,-4.00422774447369,4,5,3,23,4,1.2072099999999999,1.324422,2.942002,58.832287000000001
-4,-4.00422774447369,4,5,3,23,4,1.2072099999999999,1.324422,2.942002,58.832287000000001
-4,-4.00422774447369,4,5,3,23,4,1.2072099999999999,1.324422,2.942002,58.832287000000001
-4,-4.00422774447369,4,5,3,23,4,1.2072099999999999,1.324422,2.942002,58.832287000000001
-4,-4.00422774447369,4,5,3,23,4,1.2072099999999999,1.324422,2.942002,58.832287000000001
-4,-4.00422774447369,4,5,3,23,4,1.2072099999999999,1.324422,2.942002,58.832287000000001
-4,-4.2121741664175198,4,1,1,22,0.33329999999999999,1.2072099999999999,1.324422,2.942002,58.832287000000001
-4,-3.7601039849153399,4,6,1,22,2,1.2072099999999999,1.324422,2.942002,58.832287000000001
-4,-3.4036907433738199,4,2,1,23,4,1.2072099999999999,1.324422,2.942002,58.832287000000001
-4,-3.4036907433738199,4,2,1,23,4,1.2072099999999999,1.324422,2.942002,58.832287000000001
-4,-4.63583515231148,4,1,1,22,1,1.2088300000000001,1.340533,3.085988,99.184106999999997
-4,-4.0801844326127901,4,6,1,22,1,1.2088300000000001,1.340533,3.085988,99.184106999999997
-4,-4.0801844326127901,4,6,1,22,1,1.2088300000000001,1.340533,3.085988,99.184106999999997
-4,-3.47245144212398,4,6,1,23,1,1.2088300000000001,1.340533,3.085988,99.184106999999997
-4,-3.47245144212398,4,6,1,23,1,1.2088300000000001,1.340533,3.085988,99.184106999999997
-4,-3.47245144212398,4,6,1,23,1,1.2088300000000001,1.340533,3.085988,99.184106999999997
-4,-3.47245144212398,4,6,1,23,1,1.2088300000000001,1.340533,3.085988,99.184106999999997
-4,-3.47245144212398,4,6,1,23,1,1.2088300000000001,1.340533,3.085988,99.184106999999997
-4,-3.47245144212398,4,6,1,23,1,1.2088300000000001,1.340533,3.085988,99.184106999999997
-4,-3.47245144212398,4,6,1,23,1,1.2088300000000001,1.340533,3.085988,99.184106999999997
-4,-3.47245144212398,4,6,1,23,1,1.2088300000000001,1.340533,3.085988,99.184106999999997
-4,-3.47245144212398,4,6,1,23,1,1.2088300000000001,1.340533,3.085988,99.184106999999997
-4,-3.47245144212398,4,6,1,23,1,1.2088300000000001,1.340533,3.085988,99.184106999999997
-4,-3.47245144212398,4,6,1,23,1,1.2088300000000001,1.340533,3.085988,99.184106999999997
-4,-3.89104773699197,4,5,3,22,2.5,1.2072099999999999,1.324422,2.942002,58.832287000000001
-4,-3.89104773699197,4,5,3,22,2.5,1.2072099999999999,1.324422,2.942002,58.832287000000001
-4,-3.89104773699197,4,5,3,22,2.5,1.2072099999999999,1.324422,2.942002,58.832287000000001
-4,-3.6322966644493602,4,5,3,23,2.5,1.2072099999999999,1.324422,2.942002,58.832287000000001
-4,-1.8010564566296099,4,5,1,22,3,1.2072099999999999,1.324422,2.942002,58.832287000000001
-4,-3.73340939190969,4,5,1,22,4,1.2072099999999999,1.324422,2.942002,58.832287000000001
-4,-2.8175845476475301,4,5,1,22,2,1.2072099999999999,1.324422,2.942002,58.832287000000001
-4,-4.1564236134519197,4,5,1,23,4,1.2072099999999999,1.324422,2.942002,58.832287000000001
-4,-3.3903848543231501,4,5,1,23,2,1.2072099999999999,1.324422,2.942002,58.832287000000001
-4,-3.73340939190969,4,5,1,22,4,1.2072099999999999,1.324422,2.942002,58.832287000000001
-4,-4.1564236134519197,4,5,1,23,4,1.2072099999999999,1.324422,2.942002,58.832287000000001
-4,-4.1564236134519197,4,5,1,23,4,1.2072099999999999,1.324422,2.942002,58.832287000000001
-4,-4.1564236134519197,4,5,1,23,4,1.2072099999999999,1.324422,2.942002,58.832287000000001
-4,-4.1564236134519197,4,5,1,23,4,1.2072099999999999,1.324422,2.942002,58.832287000000001
-4,-4.1564236134519197,4,5,1,23,4,1.2072099999999999,1.324422,2.942002,58.832287000000001
-4,-4.1564236134519197,4,5,1,23,4,1.2072099999999999,1.324422,2.942002,58.832287000000001
-4,-2.55030900434953,4,6,1,22,2,1.2088300000000001,1.340533,3.085988,99.184106999999997
-4,-3.96579705176263,4,6,1,23,2,1.2088300000000001,1.340533,3.085988,99.184106999999997
-4,-3.96579705176263,4,6,1,23,2,1.2088300000000001,1.340533,3.085988,99.184106999999997
-4,-3.96579705176263,4,6,1,23,2,1.2088300000000001,1.340533,3.085988,99.184106999999997
-4,-3.96579705176263,4,6,1,23,2,1.2088300000000001,1.340533,3.085988,99.184106999999997
-4,-3.96579705176263,4,6,1,23,2,1.2088300000000001,1.340533,3.085988,99.184106999999997
-4,-2.2921852909917502,4,5,1,22,4,1.2088300000000001,1.340533,3.085988,99.184106999999997
-4,-4.7458713922189899,4,5,1,22,3,1.2088300000000001,1.340533,3.085988,99.184106999999997
-4,-4.7458713922189899,4,5,1,22,3,1.2088300000000001,1.340533,3.085988,99.184106999999997
-4,-4.2158327709577996,4,6,1,22,3.9582999999999999,1.2088300000000001,1.340533,3.085988,99.184106999999997
-4,-4.0702153198003801,4,6,1,23,3.9582999999999999,1.2088300000000001,1.340533,3.085988,99.184106999999997
-4,-3.7067589966666099,4,5,1,23,1,1.2088300000000001,1.340533,3.085988,99.184106999999997
-4,-4.0702153198003801,4,6,1,23,3.9582999999999999,1.2088300000000001,1.340533,3.085988,99.184106999999997
-4,-3.8875276432516701,4,5,1,23,0.5,1.2088300000000001,1.340533,3.085988,99.184106999999997
-4,-4.2990976667563201,4,5,1,23,3,1.2088300000000001,1.340533,3.085988,99.184106999999997
-4,-3.7067589966666099,4,5,1,23,1,1.2088300000000001,1.340533,3.085988,99.184106999999997
-4,-4.2990976667563201,4,5,1,23,3,1.2088300000000001,1.340533,3.085988,99.184106999999997
-4,-4.0702153198003801,4,6,1,23,3.9582999999999999,1.2088300000000001,1.340533,3.085988,99.184106999999997
-4,-2.29557499849978,4,5,1,23,4,1.2088300000000001,1.340533,3.085988,99.184106999999997
-4,-4.0702153198003801,4,6,1,23,3.9582999999999999,1.2088300000000001,1.340533,3.085988,99.184106999999997
-4,-2.29557499849978,4,5,1,23,4,1.2088300000000001,1.340533,3.085988,99.184106999999997
-4,-3.2847592660128302,4,5,1,23,2,1.2088300000000001,1.340533,3.085988,99.184106999999997
-4,-3.8875276432516701,4,5,1,23,0.5,1.2088300000000001,1.340533,3.085988,99.184106999999997
-4,-2.29557499849978,4,5,1,23,4,1.2088300000000001,1.340533,3.085988,99.184106999999997
-4,-4.0702153198003801,4,6,1,23,3.9582999999999999,1.2088300000000001,1.340533,3.085988,99.184106999999997
-4,-4.0702153198003801,4,6,1,23,3.9582999999999999,1.2088300000000001,1.340533,3.085988,99.184106999999997
-4,-4.0702153198003801,4,6,1,23,3.9582999999999999,1.2088300000000001,1.340533,3.085988,99.184106999999997
-4,-4.0702153198003801,4,6,1,23,3.9582999999999999,1.2088300000000001,1.340533,3.085988,99.184106999999997
-4,-4.0702153198003801,4,6,1,23,3.9582999999999999,1.2088300000000001,1.340533,3.085988,99.184106999999997
-4,-4.0702153198003801,4,6,1,23,3.9582999999999999,1.2088300000000001,1.340533,3.085988,99.184106999999997
-4,-3.8875276432516701,4,5,1,23,0.5,1.2088300000000001,1.340533,3.085988,99.184106999999997
-4,-3.2847592660128302,4,5,1,23,2,1.2088300000000001,1.340533,3.085988,99.184106999999997
-4,-3.7067589966666099,4,5,1,23,1,1.2088300000000001,1.340533,3.085988,99.184106999999997
-4,-1.43662780387916,3,6,3,22,1,1.2072099999999999,1.324422,2.942002,58.832287000000001
-4,-2.95993049808403,3,5,1,22,1,1.5849629999999999,2.1435900000000001,3.3551799999999998,234.891864
-4,-3.1341126303160598,3,1,1,22,0.083299999999999999,1.7029749999999999,1.4485060000000001,3.324773,162.16508300000001
-4.0241088635982072,-2.26656207178991,4,5,1,22,1.875,1.589418,1.380179,3.065477,117.696934
-4.0241088635982072,-2.3479557320408202,4,5,1,22,2.875,1.589418,1.380179,3.065477,117.696934
-4.0596630074152404,-3.08393219599377,4,6,1,23,1,1.2072099999999999,1.324422,2.942002,58.832287000000001
-4.0604807473813818,-1.48003802494561,4,5,1,22,1.8332999999999999,1.484996,1.41821,3.3048950000000001,145.539736
-4.0604807473813818,-1.82789438857818,4,5,1,22,2.25,1.484996,1.41821,3.3048950000000001,145.539736
-4.0809219076239263,-4.4942817240948596,4,2,1,22,1,1.2088300000000001,1.340533,3.085988,99.184106999999997
-4.0809219076239263,-4.4942817240948596,4,2,1,22,1,1.2088300000000001,1.340533,3.085988,99.184106999999997
-4.0809219076239263,-4.7107181643953799,4,2,1,22,4,1.2088300000000001,1.340533,3.085988,99.184106999999997
-4.0809219076239263,-4.4942817240948596,4,2,1,22,1,1.2088300000000001,1.340533,3.085988,99.184106999999997
-4.0809219076239263,-4.7107181643953799,4,2,1,22,4,1.2088300000000001,1.340533,3.085988,99.184106999999997
-4.0809219076239263,-4.7107181643953799,4,2,1,22,4,1.2088300000000001,1.340533,3.085988,99.184106999999997
-4.0809219076239263,-4.7107181643953799,4,2,1,22,4,1.2088300000000001,1.340533,3.085988,99.184106999999997
-4.0809219076239263,-4.7107181643953799,4,2,1,22,4,1.2088300000000001,1.340533,3.085988,99.184106999999997
-4.0809219076239263,-4.7107181643953799,4,2,1,22,4,1.2088300000000001,1.340533,3.085988,99.184106999999997
-4.0809219076239263,-4.8011144671956298,4,2,1,23,1,1.2088300000000001,1.340533,3.085988,99.184106999999997
-4.0809219076239263,-4.8011144671956298,4,2,1,23,1,1.2088300000000001,1.340533,3.085988,99.184106999999997
-4.1029229967905794,-5.1471257648051996,4,2,3,23,4,1.2088300000000001,1.340533,3.085988,99.184106999999997
-4.1096490776253338,-2.7346154743633702,2,5,1,23,3,1.910509,2.9188610000000001,3.8102480000000001,61.660398999999998
-4.114551614277965,-3.7219369398626898,2,5,1,10,2,1.8613459999999999,2.5842420000000002,3.719201,69.477003999999994
-4.1191864077192086,-3.97759792089421,4,2,1,23,3,1.2072099999999999,1.324422,2.942002,58.832287000000001
-4.1549019599857431,-2.8953967461652499,3,5,3,22,1.9582999999999999,1.3543559999999999,1.437182,3.29264,211.586873
-4.1549019599857431,-3.8676583591071001,3,5,3,23,1.9582999999999999,1.3543559999999999,1.437182,3.29264,211.586873
-4.1549019599857431,-3.8676583591071001,3,5,3,23,1.9582999999999999,1.3543559999999999,1.437182,3.29264,211.586873
-4.1549019599857431,-3.8676583591071001,3,5,3,23,1.9582999999999999,1.3543559999999999,1.437182,3.29264,211.586873
-4.1549019599857431,-3.3500906137586299,3,5,3,23,1.0417000000000001,1.3543559999999999,1.437182,3.29264,211.586873
-4.1549019599857431,-3.3500906137586299,3,5,3,23,1.0417000000000001,1.3543559999999999,1.437182,3.29264,211.586873
-4.18643362158409,-2.5730244085410998,2,6,2,22,2,1.8613459999999999,2.5842420000000002,3.719201,69.477003999999994
-4.18643362158409,-2.6698079621785098,2,6,1,22,2,1.8613459999999999,2.5842420000000002,3.719201,69.477003999999994
-4.3010299956639813,-3.7601039849153399,4,6,1,22,2,1.2072099999999999,1.324422,2.942002,58.832287000000001
-4.3010299956639813,-3.6446410684776298,4,6,1,23,2,1.2072099999999999,1.324422,2.942002,58.832287000000001
-4.3010299956639813,-3.1460354946139701,2,6,1,22,2,1.2088300000000001,1.340533,3.085988,99.184106999999997
-4.3010299956639813,-3.15369009710879,2,6,1,23,2,1.2088300000000001,1.340533,3.085988,99.184106999999997
-4.3010299956639813,-4.9044809444452504,4,6,1,22,3,1.2088300000000001,1.340533,3.085988,99.184106999999997
-4.3010299956639813,-4.9044809444452504,4,6,1,22,3,1.2088300000000001,1.340533,3.085988,99.184106999999997
-4.3010299956639813,-4.9044809444452504,4,6,1,22,3,1.2088300000000001,1.340533,3.085988,99.184106999999997
-4.3010299956639813,-4.9044809444452504,4,6,1,22,3,1.2088300000000001,1.340533,3.085988,99.184106999999997
-4.3010299956639813,-4.9044809444452504,4,6,1,22,3,1.2088300000000001,1.340533,3.085988,99.184106999999997
-4.3010299956639813,-4.7632867392878104,4,6,1,23,3,1.2088300000000001,1.340533,3.085988,99.184106999999997
-4.3010299956639813,-4.7632867392878104,4,6,1,23,3,1.2088300000000001,1.340533,3.085988,99.184106999999997
-4.3010299956639813,-4.7632867392878104,4,6,1,23,3,1.2088300000000001,1.340533,3.085988,99.184106999999997
-4.3010299956639813,-3.0900372599697699,4,5,1,23,3,1.221695,1.337137,2.9817170000000002,67.151338999999993
-4.3010299956639813,-3.5634216269786698,4,5,1,23,4,1.221695,1.337137,2.9817170000000002,67.151338999999993
-4.3010299956639813,-4.4247282391097702,4,1,1,22,2,1.2072099999999999,1.324422,2.942002,58.832287000000001
-4.3010299956639813,-4.4247282391097702,4,1,1,22,2,1.2072099999999999,1.324422,2.942002,58.832287000000001
-4.3010299956639813,-4.4196810211075697,4,1,1,23,2,1.2072099999999999,1.324422,2.942002,58.832287000000001
-4.3010299956639813,-4.4196810211075697,4,1,1,23,2,1.2072099999999999,1.324422,2.942002,58.832287000000001
-4.3010299956639813,-4.4196810211075697,4,1,1,23,2,1.2072099999999999,1.324422,2.942002,58.832287000000001
-4.3010299956639813,-4.4196810211075697,4,1,1,23,2,1.2072099999999999,1.324422,2.942002,58.832287000000001
-4.3010299956639813,-4.4196810211075697,4,1,1,23,2,1.2072099999999999,1.324422,2.942002,58.832287000000001
-4.3010299956639813,-4.4196810211075697,4,1,1,23,2,1.2072099999999999,1.324422,2.942002,58.832287000000001
-4.3010299956639813,-4.4196810211075697,4,1,1,23,2,1.2072099999999999,1.324422,2.942002,58.832287000000001
-4.3010299956639813,-1.88863268400618,4,5,1,23,3,1.2072099999999999,1.324422,2.942002,58.832287000000001
-4.3010299956639813,-4.1382053314440297,4,5,1,22,4,1.626166,1.395489,3.3213059999999999,84.295136999999997
-4.3010299956639813,-3.7364937916718999,4,5,1,23,4,1.626166,1.395489,3.3213059999999999,84.295136999999997
-4.3010299956639813,-3.7364937916718999,4,5,1,23,4,1.626166,1.395489,3.3213059999999999,84.295136999999997
-4.3010299956639813,-3.6727182091225101,4,5,1,22,2,1.221695,1.337137,2.9817170000000002,67.151338999999993
-4.3010299956639813,-3.8734263725292402,4,5,1,23,2,1.221695,1.337137,2.9817170000000002,67.151338999999993
-4.3010299956639813,-3.8734263725292402,4,5,1,23,2,1.221695,1.337137,2.9817170000000002,67.151338999999993
-4.3010299956639813,-3.8734263725292402,4,5,1,23,2,1.221695,1.337137,2.9817170000000002,67.151338999999993
-4.3010299956639813,-3.8734263725292402,4,5,1,23,2,1.221695,1.337137,2.9817170000000002,67.151338999999993
-4.3251388592621884,-4.2990976667563201,4,5,1,23,3,1.2088300000000001,1.340533,3.085988,99.184106999999997
-4.3251388592621884,-4.2990976667563201,4,5,1,23,3,1.2088300000000001,1.340533,3.085988,99.184106999999997
-4.3872161432802645,-3.4057124849542899,4,6,1,22,1,1.2072099999999999,1.324422,2.942002,58.832287000000001
-4.3872161432802645,-3.08393219599377,4,6,1,23,1,1.2072099999999999,1.324422,2.942002,58.832287000000001
-4.3979400086720375,-2.9529273286000102,4,2,1,23,2,1.221695,1.337137,2.9817170000000002,67.151338999999993
-4.4814860601221129,-4.1536751070212397,4,2,1,22,1,1.221695,1.337137,2.9817170000000002,67.151338999999993
-4.4814860601221129,-3.41062694469435,4,2,1,22,4,1.221695,1.337137,2.9817170000000002,67.151338999999993
-4.4814860601221129,-3.9382777430301998,4,2,1,22,2,1.221695,1.337137,2.9817170000000002,67.151338999999993
-4.4814860601221129,-4.1536751070212397,4,2,1,22,1,1.221695,1.337137,2.9817170000000002,67.151338999999993
-4.4814860601221129,-3.9382777430301998,4,2,1,22,2,1.221695,1.337137,2.9817170000000002,67.151338999999993
-4.4814860601221129,-4.1536751070212397,4,2,1,22,1,1.221695,1.337137,2.9817170000000002,67.151338999999993
-4.4814860601221129,-4.1536751070212397,4,2,1,22,1,1.221695,1.337137,2.9817170000000002,67.151338999999993
-4.4897231555826451,-3.2847592660128302,4,5,1,23,2,1.2088300000000001,1.340533,3.085988,99.184106999999997
-4.4897231555826451,-3.2847592660128302,4,5,1,23,2,1.2088300000000001,1.340533,3.085988,99.184106999999997
-4.4897231555826451,-3.2847592660128302,4,5,1,23,2,1.2088300000000001,1.340533,3.085988,99.184106999999997
-4.5228787452803374,-4.5861346830552199,4,2,1,22,2,1.2072099999999999,1.324422,2.942002,58.832287000000001
-4.5228787452803374,-4.5861346830552199,4,2,1,22,2,1.2072099999999999,1.324422,2.942002,58.832287000000001
-4.5228787452803374,-4.5861346830552199,4,2,1,22,2,1.2072099999999999,1.324422,2.942002,58.832287000000001
-4.5228787452803374,-4.9768610661026003,4,1,1,22,2,1.2088300000000001,1.340533,3.085988,99.184106999999997
-4.5281080277392771,-4.7458713922189899,4,5,1,22,3,1.2088300000000001,1.340533,3.085988,99.184106999999997
-4.5281080277392771,-4.2990976667563201,4,5,1,23,3,1.2088300000000001,1.340533,3.085988,99.184106999999997
-4.5281080277392771,-4.2990976667563201,4,5,1,23,3,1.2088300000000001,1.340533,3.085988,99.184106999999997
-4.5281080277392771,-2.29557499849978,4,5,1,23,4,1.2088300000000001,1.340533,3.085988,99.184106999999997
-4.5281080277392771,-3.2847592660128302,4,5,1,23,2,1.2088300000000001,1.340533,3.085988,99.184106999999997
-4.5281080277392771,-4.2990976667563201,4,5,1,23,3,1.2088300000000001,1.340533,3.085988,99.184106999999997
-4.5281218006927091,-4.2272112679506098,2,5,1,22,4,1.2088300000000001,1.340533,3.085988,99.184106999999997
-4.5281218006927091,-4.0649435278051298,2,5,1,22,3,1.2088300000000001,1.340533,3.085988,99.184106999999997
-4.5281218006927091,-3.8988615159776301,2,5,1,22,1,1.2088300000000001,1.340533,3.085988,99.184106999999997
-4.5281218006927091,-4.7566980691109197,2,5,1,23,2,1.2088300000000001,1.340533,3.085988,99.184106999999997
-4.5281218006927091,-4.7135980820451504,2,5,1,23,3,1.2088300000000001,1.340533,3.085988,99.184106999999997
-4.5281218006927091,-4.1980059989080996,2,5,1,23,1,1.2088300000000001,1.340533,3.085988,99.184106999999997
-4.5281218006927091,-4.3877475389534597,2,5,1,23,4,1.2088300000000001,1.340533,3.085988,99.184106999999997
-4.5376020021010435,-4.8169836436108202,4,2,1,23,2,1.2072099999999999,1.324422,2.942002,58.832287000000001
-4.5648129857351467,-1.8010564566296099,4,5,1,22,3,1.2072099999999999,1.324422,2.942002,58.832287000000001
-4.5648129857351467,-3.73340939190969,4,5,1,22,4,1.2072099999999999,1.324422,2.942002,58.832287000000001
-4.5648129857351467,-1.88863268400618,4,5,1,23,3,1.2072099999999999,1.324422,2.942002,58.832287000000001
-4.5648129857351467,-2.8751028451426599,4,5,1,23,1,1.2072099999999999,1.324422,2.942002,58.832287000000001
-4.5648129857351467,-3.3903848543231501,4,5,1,23,2,1.2072099999999999,1.324422,2.942002,58.832287000000001
-4.5648129857351467,-2.8751028451426599,4,5,1,23,1,1.2072099999999999,1.324422,2.942002,58.832287000000001
-4.5648129857351467,-4.1564236134519197,4,5,1,23,4,1.2072099999999999,1.324422,2.942002,58.832287000000001
-4.5940013748626285,-2.8751028451426599,4,5,1,23,1,1.2072099999999999,1.324422,2.942002,58.832287000000001
-4.5940013748626285,-3.3903848543231501,4,5,1,23,2,1.2072099999999999,1.324422,2.942002,58.832287000000001
-4.6020599913279625,-2.8175845476475301,4,5,1,22,2,1.2072099999999999,1.324422,2.942002,58.832287000000001
-4.6020599913279625,-2.8175845476475301,4,5,1,22,2,1.2072099999999999,1.324422,2.942002,58.832287000000001
-4.6020599913279625,-3.3903848543231501,4,5,1,23,2,1.2072099999999999,1.324422,2.942002,58.832287000000001
-4.6020599913279625,-3.3903848543231501,4,5,1,23,2,1.2072099999999999,1.324422,2.942002,58.832287000000001
-4.6020599913279625,-4.4247282391097702,4,1,1,22,2,1.2072099999999999,1.324422,2.942002,58.832287000000001
-4.6020599913279625,-4.4196810211075697,4,1,1,23,2,1.2072099999999999,1.324422,2.942002,58.832287000000001
-4.6020599913279625,-4.4196810211075697,4,1,1,23,2,1.2072099999999999,1.324422,2.942002,58.832287000000001
-4.6020599913279625,-4.7458713922189899,4,5,1,22,3,1.2088300000000001,1.340533,3.085988,99.184106999999997
-4.6020599913279625,-4.7458713922189899,4,5,1,22,3,1.2088300000000001,1.340533,3.085988,99.184106999999997
-4.6196078399429723,-2.0950956205484799,4,5,1,10,3,1.2072099999999999,1.324422,2.942002,58.832287000000001
-4.6989700043360187,-4.0084575610092399,2,5,1,22,4,1.182966,1.329504,3.1749800000000001,122.239276
-4.7020207558406373,-4.6736235877086099,4,1,1,22,0.5,1.2088300000000001,1.340533,3.085988,99.184106999999997
-4.7532552902761589,-5.8241799832868004,4,2,3,22,4,1.2088300000000001,1.340533,3.085988,99.184106999999997
-4.7817271464285529,-4.9123569986521396,4,1,1,23,1,1.2088300000000001,1.340533,3.085988,99.184106999999997
-4.8239087409443187,-4.8677866178397302,4,5,3,22,3.2082999999999999,1.2088300000000001,1.340533,3.085988,99.184106999999997
-4.8239087409443187,-4.8677866178397302,4,5,3,22,3.2082999999999999,1.2088300000000001,1.340533,3.085988,99.184106999999997
-4.8239087409443187,-4.7769124631789399,4,5,3,23,3.2082999999999999,1.2088300000000001,1.340533,3.085988,99.184106999999997
-4.8239087409443187,-4.7769124631789399,4,5,3,23,3.2082999999999999,1.2088300000000001,1.340533,3.085988,99.184106999999997
-4.8860566476931631,-3.4036907433738199,4,2,1,23,4,1.2072099999999999,1.324422,2.942002,58.832287000000001
-4.9115095298176037,-5.2549345038931499,4,1,1,23,3,1.2088300000000001,1.340533,3.085988,99.184106999999997
-4.924453038607469,-4.7107181643953799,4,2,1,22,4,1.2088300000000001,1.340533,3.085988,99.184106999999997
-4.924453038607469,-4.7107181643953799,4,2,1,22,4,1.2088300000000001,1.340533,3.085988,99.184106999999997
-4.924453038607469,-4.7107181643953799,4,2,1,22,4,1.2088300000000001,1.340533,3.085988,99.184106999999997
-4.924453038607469,-4.9850815096447203,4,2,1,23,4,1.2088300000000001,1.340533,3.085988,99.184106999999997
-4.924453038607469,-4.9850815096447203,4,2,1,23,4,1.2088300000000001,1.340533,3.085988,99.184106999999997
-4.924453038607469,-4.9850815096447203,4,2,1,23,4,1.2088300000000001,1.340533,3.085988,99.184106999999997
-4.9260480364113146,-4.7107181643953799,4,2,1,22,4,1.2088300000000001,1.340533,3.085988,99.184106999999997
-4.9260480364113146,-4.7107181643953799,4,2,1,22,4,1.2088300000000001,1.340533,3.085988,99.184106999999997
-4.9260480364113146,-4.7107181643953799,4,2,1,22,4,1.2088300000000001,1.340533,3.085988,99.184106999999997
-4.9260480364113146,-4.7107181643953799,4,2,1,22,4,1.2088300000000001,1.340533,3.085988,99.184106999999997
-4.9260480364113146,-4.9850815096447203,4,2,1,23,4,1.2088300000000001,1.340533,3.085988,99.184106999999997
-4.9260480364113146,-4.9850815096447203,4,2,1,23,4,1.2088300000000001,1.340533,3.085988,99.184106999999997
-4.9260480364113146,-4.9850815096447203,4,2,1,23,4,1.2088300000000001,1.340533,3.085988,99.184106999999997
-4.9625735020593762,-3.39415179789611,4,2,1,22,4,1.2072099999999999,1.324422,2.942002,58.832287000000001
-4.9625735020593762,-3.4036907433738199,4,2,1,23,4,1.2072099999999999,1.324422,2.942002,58.832287000000001
-4.9625735020593762,-3.4036907433738199,4,2,1,23,4,1.2072099999999999,1.324422,2.942002,58.832287000000001
-4.9625735020593762,-3.4036907433738199,4,2,1,23,4,1.2072099999999999,1.324422,2.942002,58.832287000000001
-4.9627529944071842,-3.39415179789611,4,2,1,22,4,1.2072099999999999,1.324422,2.942002,58.832287000000001
-4.9627529944071842,-3.4036907433738199,4,2,1,23,4,1.2072099999999999,1.324422,2.942002,58.832287000000001
-4.9627529944071842,-3.4036907433738199,4,2,1,23,4,1.2072099999999999,1.324422,2.942002,58.832287000000001
-4.9637704559137052,-4.8169836436108202,4,2,1,23,2,1.2072099999999999,1.324422,2.942002,58.832287000000001
-4.9637704559137052,-4.8169836436108202,4,2,1,23,2,1.2072099999999999,1.324422,2.942002,58.832287000000001
-4.9637704559137052,-4.8169836436108202,4,2,1,23,2,1.2072099999999999,1.324422,2.942002,58.832287000000001
-4.9637704559137052,-4.8169836436108202,4,2,1,23,2,1.2072099999999999,1.324422,2.942002,58.832287000000001
-4.9637704559137052,-4.8169836436108202,4,2,1,23,2,1.2072099999999999,1.324422,2.942002,58.832287000000001
-5,-4.2121741664175198,4,1,1,22,0.33329999999999999,1.2072099999999999,1.324422,2.942002,58.832287000000001
-5,-3.6446410684776298,4,6,1,23,2,1.2072099999999999,1.324422,2.942002,58.832287000000001
-5,-3.4146230700796099,4,1,1,23,0.33329999999999999,1.2072099999999999,1.324422,2.942002,58.832287000000001
-5,-4.9850815096447203,4,2,1,23,4,1.2088300000000001,1.340533,3.085988,99.184106999999997
-5,-4.9123569986521396,4,1,1,23,1,1.2088300000000001,1.340533,3.085988,99.184106999999997
-5,-4.4196810211075697,4,1,1,23,2,1.2072099999999999,1.324422,2.942002,58.832287000000001
-5,-3.73340939190969,4,5,1,22,4,1.2072099999999999,1.324422,2.942002,58.832287000000001
-5,-3.73340939190969,4,5,1,22,4,1.2072099999999999,1.324422,2.942002,58.832287000000001
-5,-2.8175845476475301,4,5,1,22,2,1.2072099999999999,1.324422,2.942002,58.832287000000001
-5,-3.3903848543231501,4,5,1,23,2,1.2072099999999999,1.324422,2.942002,58.832287000000001
-5,-4.1564236134519197,4,5,1,23,4,1.2072099999999999,1.324422,2.942002,58.832287000000001
-5,-3.7759171090942001,4,5,1,22,2,1.2088300000000001,1.340533,3.085988,99.184106999999997
-5,-3.7759171090942001,4,5,1,22,2,1.2088300000000001,1.340533,3.085988,99.184106999999997
-5,-3.2847592660128302,4,5,1,23,2,1.2088300000000001,1.340533,3.085988,99.184106999999997
-5,-3.2847592660128302,4,5,1,23,2,1.2088300000000001,1.340533,3.085988,99.184106999999997
-5,-3.2847592660128302,4,5,1,23,2,1.2088300000000001,1.340533,3.085988,99.184106999999997
-5,-2.9104636263013002,3,1,1,22,0.083299999999999999,1.2515350000000001,1.3367059999999999,2.6866500000000002,74.196158999999994
-5,-4.5463063566556103,3,5,3,22,1,1.457187,1.5648569999999999,3.3306979999999999,219.12254799999999
-5.0132282657337548,-3.39415179789611,4,2,1,22,4,1.2072099999999999,1.324422,2.942002,58.832287000000001
-5.0132282657337548,-3.39415179789611,4,2,1,22,4,1.2072099999999999,1.324422,2.942002,58.832287000000001
-5.0132282657337548,-3.39415179789611,4,2,1,22,4,1.2072099999999999,1.324422,2.942002,58.832287000000001
-5.0132282657337548,-4.5861346830552199,4,2,1,22,2,1.2072099999999999,1.324422,2.942002,58.832287000000001
-5.0132282657337548,-4.8169836436108202,4,2,1,23,2,1.2072099999999999,1.324422,2.942002,58.832287000000001
-5.0132282657337548,-4.8169836436108202,4,2,1,23,2,1.2072099999999999,1.324422,2.942002,58.832287000000001
-5.0132282657337548,-4.8169836436108202,4,2,1,23,2,1.2072099999999999,1.324422,2.942002,58.832287000000001
-5.0705810742857071,-4.7107181643953799,4,2,1,22,4,1.2088300000000001,1.340533,3.085988,99.184106999999997
-5.1079053973095192,-3.77822156899841,4,2,1,15,3.125,1.2088300000000001,1.340533,3.085988,99.184106999999997
-5.1079053973095192,-4.9850815096447203,4,2,1,23,4,1.2088300000000001,1.340533,3.085988,99.184106999999997
-5.1079053973095192,-4.9850815096447203,4,2,1,23,4,1.2088300000000001,1.340533,3.085988,99.184106999999997
-5.1549019599857431,-4.7107181643953799,4,2,1,22,4,1.2088300000000001,1.340533,3.085988,99.184106999999997
-5.1549019599857431,-4.4942817240948596,4,2,1,22,1,1.2088300000000001,1.340533,3.085988,99.184106999999997
-5.1549019599857431,-4.7107181643953799,4,2,1,22,4,1.2088300000000001,1.340533,3.085988,99.184106999999997
-5.1549019599857431,-4.7107181643953799,4,2,1,22,4,1.2088300000000001,1.340533,3.085988,99.184106999999997
-5.1549019599857431,-4.7107181643953799,4,2,1,22,4,1.2088300000000001,1.340533,3.085988,99.184106999999997
-5.1549019599857431,-4.7107181643953799,4,2,1,22,4,1.2088300000000001,1.340533,3.085988,99.184106999999997
-5.1549019599857431,-4.7107181643953799,4,2,1,22,4,1.2088300000000001,1.340533,3.085988,99.184106999999997
-5.1549019599857431,-4.9850815096447203,4,2,1,23,4,1.2088300000000001,1.340533,3.085988,99.184106999999997
-5.1549019599857431,-4.9850815096447203,4,2,1,23,4,1.2088300000000001,1.340533,3.085988,99.184106999999997
-5.1549019599857431,-4.8011144671956298,4,2,1,23,1,1.2088300000000001,1.340533,3.085988,99.184106999999997
-5.1549019599857431,-4.8011144671956298,4,2,1,23,1,1.2088300000000001,1.340533,3.085988,99.184106999999997
-5.1549019599857431,-4.8011144671956298,4,2,1,23,1,1.2088300000000001,1.340533,3.085988,99.184106999999997
-5.1549019599857431,-4.9850815096447203,4,2,1,23,4,1.2088300000000001,1.340533,3.085988,99.184106999999997
-5.1549019599857431,-4.0084575610092399,2,5,1,22,4,1.182966,1.329504,3.1749800000000001,122.239276
-5.18643362158409,-3.6842470280081701,2,5,1,22,2,1.8613459999999999,2.5842420000000002,3.719201,69.477003999999994
-5.18643362158409,-3.6842470280081701,2,5,1,22,2,1.8613459999999999,2.5842420000000002,3.719201,69.477003999999994
-5.18643362158409,-3.6842470280081701,2,5,1,22,2,1.8613459999999999,2.5842420000000002,3.719201,69.477003999999994
-5.197226274708024,-5.1471257648051996,4,2,3,23,4,1.2088300000000001,1.340533,3.085988,99.184106999999997
-5.2365720064370631,-4.7458713922189899,4,5,1,22,3,1.2088300000000001,1.340533,3.085988,99.184106999999997
-5.2365720064370631,-4.2990976667563201,4,5,1,23,3,1.2088300000000001,1.340533,3.085988,99.184106999999997
-5.2676062401770318,-2.55030900434953,4,6,1,22,2,1.2088300000000001,1.340533,3.085988,99.184106999999997
-5.2676062401770318,-2.55030900434953,4,6,1,22,2,1.2088300000000001,1.340533,3.085988,99.184106999999997
-5.2676062401770318,-2.55030900434953,4,6,1,22,2,1.2088300000000001,1.340533,3.085988,99.184106999999997
-5.2676062401770318,-3.96579705176263,4,6,1,23,2,1.2088300000000001,1.340533,3.085988,99.184106999999997
-5.2676062401770318,-3.96579705176263,4,6,1,23,2,1.2088300000000001,1.340533,3.085988,99.184106999999997
-5.2676062401770318,-3.96579705176263,4,6,1,23,2,1.2088300000000001,1.340533,3.085988,99.184106999999997
-5.2676062401770318,-3.96579705176263,4,6,1,23,2,1.2088300000000001,1.340533,3.085988,99.184106999999997
-5.3010299956639813,-4.0801844326127901,4,6,1,22,1,1.2088300000000001,1.340533,3.085988,99.184106999999997
-5.3010299956639813,-4.9044809444452504,4,6,1,22,3,1.2088300000000001,1.340533,3.085988,99.184106999999997
-5.3010299956639813,-5.1204311094092798,4,1,1,22,3,1.2088300000000001,1.340533,3.085988,99.184106999999997
-5.3010299956639813,-4.9044809444452504,4,6,1,22,3,1.2088300000000001,1.340533,3.085988,99.184106999999997
-5.3010299956639813,-5.1204311094092798,4,1,1,22,3,1.2088300000000001,1.340533,3.085988,99.184106999999997
-5.3010299956639813,-4.9044809444452504,4,6,1,22,3,1.2088300000000001,1.340533,3.085988,99.184106999999997
-5.3010299956639813,-4.9044809444452504,4,6,1,22,3,1.2088300000000001,1.340533,3.085988,99.184106999999997
-5.3010299956639813,-4.9044809444452504,4,6,1,22,3,1.2088300000000001,1.340533,3.085988,99.184106999999997
-5.3010299956639813,-5.1204311094092798,4,1,1,22,3,1.2088300000000001,1.340533,3.085988,99.184106999999997
-5.3010299956639813,-4.9044809444452504,4,6,1,22,3,1.2088300000000001,1.340533,3.085988,99.184106999999997
-5.3010299956639813,-4.9044809444452504,4,6,1,22,3,1.2088300000000001,1.340533,3.085988,99.184106999999997
-5.3010299956639813,-4.9044809444452504,4,6,1,22,3,1.2088300000000001,1.340533,3.085988,99.184106999999997
-5.3010299956639813,-4.7632867392878104,4,6,1,23,3,1.2088300000000001,1.340533,3.085988,99.184106999999997
-5.3010299956639813,-4.7632867392878104,4,6,1,23,3,1.2088300000000001,1.340533,3.085988,99.184106999999997
-5.3010299956639813,-5.2549345038931499,4,1,1,23,3,1.2088300000000001,1.340533,3.085988,99.184106999999997
-5.3010299956639813,-5.2549345038931499,4,1,1,23,3,1.2088300000000001,1.340533,3.085988,99.184106999999997
-5.3010299956639813,-4.7632867392878104,4,6,1,23,3,1.2088300000000001,1.340533,3.085988,99.184106999999997
-5.3010299956639813,-4.7632867392878104,4,6,1,23,3,1.2088300000000001,1.340533,3.085988,99.184106999999997
-5.3010299956639813,-4.7632867392878104,4,6,1,23,3,1.2088300000000001,1.340533,3.085988,99.184106999999997
-5.3010299956639813,-4.7632867392878104,4,6,1,23,3,1.2088300000000001,1.340533,3.085988,99.184106999999997
-5.3010299956639813,-4.2990976667563201,4,5,1,23,3,1.2088300000000001,1.340533,3.085988,99.184106999999997
-5.3010299956639813,-4.4394548523935402,4,6,3,23,4,1.2088300000000001,1.340533,3.085988,99.184106999999997
-5.3010299956639813,-4.2990976667563201,4,5,1,23,3,1.2088300000000001,1.340533,3.085988,99.184106999999997
-5.3010299956639813,-4.1382053314440297,4,5,1,22,4,1.626166,1.395489,3.3213059999999999,84.295136999999997
-5.3010299956639813,-3.7364937916718999,4,5,1,23,4,1.626166,1.395489,3.3213059999999999,84.295136999999997
-5.3396089015975328,-3.7759171090942001,4,5,1,22,2,1.2088300000000001,1.340533,3.085988,99.184106999999997
-5.3396089015975328,-3.7759171090942001,4,5,1,22,2,1.2088300000000001,1.340533,3.085988,99.184106999999997
-5.5281080277392771,-4.7458713922189899,4,5,1,22,3,1.2088300000000001,1.340533,3.085988,99.184106999999997
-5.5281080277392771,-4.2990976667563201,4,5,1,23,3,1.2088300000000001,1.340533,3.085988,99.184106999999997
-5.5281080277392771,-4.2990976667563201,4,5,1,23,3,1.2088300000000001,1.340533,3.085988,99.184106999999997
-5.5281080277392771,-4.7458713922189899,4,5,1,22,3,1.2088300000000001,1.340533,3.085988,99.184106999999997
-5.5406075122407694,-3.7759171090942001,4,5,1,22,2,1.2088300000000001,1.340533,3.085988,99.184106999999997
-5.5406075122407694,-3.7759171090942001,4,5,1,22,2,1.2088300000000001,1.340533,3.085988,99.184106999999997
-5.5648129857351467,-4.1564236134519197,4,5,1,23,4,1.2072099999999999,1.324422,2.942002,58.832287000000001
-5.6020599913279625,-4.9850815096447203,4,2,1,23,4,1.2088300000000001,1.340533,3.085988,99.184106999999997
-5.6020599913279625,-4.63583515231148,4,1,1,22,1,1.2088300000000001,1.340533,3.085988,99.184106999999997
-5.6830099877250202,-4.6640504127466196,2,2,1,23,1,1.2088300000000001,1.340533,3.085988,99.184106999999997
-5.6989700043360187,-3.5127466805304,4,1,1,20,4,1.2072099999999999,1.324422,2.942002,58.832287000000001
-5.7670038896078459,-4.2610959650598303,4,1,1,22,4,1.2088300000000001,1.340533,3.085988,99.184106999999997
-5.8096683018297082,-5.6998513150990497,4,2,1,22,2,1.2088300000000001,1.340533,3.085988,99.184106999999997
-5.8096683018297082,-5.6998513150990497,4,2,1,22,2,1.2088300000000001,1.340533,3.085988,99.184106999999997
-5.8096683018297082,-5.6998513150990497,4,2,1,22,2,1.2088300000000001,1.340533,3.085988,99.184106999999997
-5.8096683018297082,-6.0777251075087904,4,2,1,23,2,1.2088300000000001,1.340533,3.085988,99.184106999999997
-5.9208187539523749,-3.8503902752323902,4,2,1,15,3.0832999999999999,1.2088300000000001,1.340533,3.085988,99.184106999999997
-5.9208187539523749,-4.7107181643953799,4,2,1,22,4,1.2088300000000001,1.340533,3.085988,99.184106999999997
-5.9208187539523749,-4.9850815096447203,4,2,1,23,4,1.2088300000000001,1.340533,3.085988,99.184106999999997
-5.9208187539523749,-4.9850815096447203,4,2,1,23,4,1.2088300000000001,1.340533,3.085988,99.184106999999997
-5.9208187539523749,-4.9850815096447203,4,2,1,23,4,1.2088300000000001,1.340533,3.085988,99.184106999999997
-5.9260480364113146,-4.7107181643953799,4,2,1,22,4,1.2088300000000001,1.340533,3.085988,99.184106999999997
-5.9260480364113146,-4.9850815096447203,4,2,1,23,4,1.2088300000000001,1.340533,3.085988,99.184106999999997
-5.9260480364113146,-4.9850815096447203,4,2,1,23,4,1.2088300000000001,1.340533,3.085988,99.184106999999997
-5.9260480364113146,-4.9850815096447203,4,2,1,23,4,1.2088300000000001,1.340533,3.085988,99.184106999999997
-5.9260480364113146,-4.9850815096447203,4,2,1,23,4,1.2088300000000001,1.340533,3.085988,99.184106999999997
-5.9260480364113146,-4.9850815096447203,4,2,1,23,4,1.2088300000000001,1.340533,3.085988,99.184106999999997
-5.9956786262173578,-5.8241799832868004,4,2,3,22,4,1.2088300000000001,1.340533,3.085988,99.184106999999997
-5.9956786262173578,-5.8241799832868004,4,2,3,22,4,1.2088300000000001,1.340533,3.085988,99.184106999999997
-5.9956786262173578,-5.8241799832868004,4,2,3,22,4,1.2088300000000001,1.340533,3.085988,99.184106999999997
-5.9956786262173578,-5.8241799832868004,4,2,3,22,4,1.2088300000000001,1.340533,3.085988,99.184106999999997
-5.9956786262173578,-5.8241799832868004,4,2,3,22,4,1.2088300000000001,1.340533,3.085988,99.184106999999997
-5.9956786262173578,-5.8241799832868004,4,2,3,22,4,1.2088300000000001,1.340533,3.085988,99.184106999999997
-5.9956786262173578,-5.8241799832868004,4,2,3,22,4,1.2088300000000001,1.340533,3.085988,99.184106999999997
-5.9956786262173578,-5.8241799832868004,4,2,3,22,4,1.2088300000000001,1.340533,3.085988,99.184106999999997
-5.9956786262173578,-5.8241799832868004,4,2,3,22,4,1.2088300000000001,1.340533,3.085988,99.184106999999997
-5.9956786262173578,-5.8241799832868004,4,2,3,22,4,1.2088300000000001,1.340533,3.085988,99.184106999999997
-5.9956786262173578,-5.8241799832868004,4,2,3,22,4,1.2088300000000001,1.340533,3.085988,99.184106999999997
-5.9956786262173578,-5.8241799832868004,4,2,3,22,4,1.2088300000000001,1.340533,3.085988,99.184106999999997
-6,-4.1564236134519197,4,5,1,23,4,1.2072099999999999,1.324422,2.942002,58.832287000000001
-6,-3.3903848543231501,4,5,1,23,2,1.2072099999999999,1.324422,2.942002,58.832287000000001
-6,-4.1564236134519197,4,5,1,23,4,1.2072099999999999,1.324422,2.942002,58.832287000000001
-6,-4.7458713922189899,4,5,1,22,3,1.2088300000000001,1.340533,3.085988,99.184106999999997
-6,-4.7458713922189899,4,5,1,22,3,1.2088300000000001,1.340533,3.085988,99.184106999999997
-6,-4.2150978909756098,3,5,3,22,1,1.7029749999999999,1.4485060000000001,3.324773,162.16508300000001
-6,-4.6720188320344302,3,5,3,23,1,1.457187,1.5648569999999999,3.3306979999999999,219.12254799999999
-6.1426675035687319,-5.0076785312300096,4,1,1,23,4,1.2088300000000001,1.340533,3.085988,99.184106999999997
-6.1580151954098863,-3.7759171090942001,4,5,1,22,2,1.2088300000000001,1.340533,3.085988,99.184106999999997
-6.1580151954098863,-3.7759171090942001,4,5,1,22,2,1.2088300000000001,1.340533,3.085988,99.184106999999997
-6.1580151954098863,-3.2847592660128302,4,5,1,23,2,1.2088300000000001,1.340533,3.085988,99.184106999999997
-6.18643362158409,-4.6829332974977502,2,6,2,22,0.25,1.8613459999999999,2.5842420000000002,3.719201,69.477003999999994
-6.18643362158409,-3.6842470280081701,2,5,1,22,2,1.8613459999999999,2.5842420000000002,3.719201,69.477003999999994
-6.18643362158409,-3.6479571489104501,2,5,1,23,2,1.8613459999999999,2.5842420000000002,3.719201,69.477003999999994
-6.18643362158409,-3.6479571489104501,2,5,1,23,2,1.8613459999999999,2.5842420000000002,3.719201,69.477003999999994
-6.18643362158409,-3.6479571489104501,2,5,1,23,2,1.8613459999999999,2.5842420000000002,3.719201,69.477003999999994
-6.3010299956639813,-4.7458713922189899,4,5,1,22,3,1.2088300000000001,1.340533,3.085988,99.184106999999997
-6.3010299956639813,-4.2990976667563201,4,5,1,23,3,1.2088300000000001,1.340533,3.085988,99.184106999999997
-6.3010299956639813,-4.2990976667563201,4,5,1,23,3,1.2088300000000001,1.340533,3.085988,99.184106999999997
-6.4749551929631544,-5.6998513150990497,4,2,1,22,2,1.2088300000000001,1.340533,3.085988,99.184106999999997
-6.4749551929631544,-6.0777251075087904,4,2,1,23,2,1.2088300000000001,1.340533,3.085988,99.184106999999997
-6.4749551929631544,-6.0777251075087904,4,2,1,23,2,1.2088300000000001,1.340533,3.085988,99.184106999999997
-6.4749551929631544,-6.0777251075087904,4,2,1,23,2,1.2088300000000001,1.340533,3.085988,99.184106999999997
-6.5281080277392771,-4.7458713922189899,4,5,1,22,3,1.2088300000000001,1.340533,3.085988,99.184106999999997
-6.5648129857351467,-4.1564236134519197,4,5,1,23,4,1.2072099999999999,1.324422,2.942002,58.832287000000001
-6.5648129857351467,-4.1564236134519197,4,5,1,23,4,1.2072099999999999,1.324422,2.942002,58.832287000000001
-6.9966112616681517,-4.5718574460775097,4,6,1,23,0.33329999999999999,1.2072099999999999,1.324422,2.942002,58.832287000000001
-7,-5.1399051646099601,3,5,1,23,2,1.2088300000000001,1.340533,3.085988,99.184106999999997
-7,-5.1399051646099601,3,5,1,23,2,1.2088300000000001,1.340533,3.085988,99.184106999999997
-7,-5.1399051646099601,3,5,1,23,2,1.2088300000000001,1.340533,3.085988,99.184106999999997
